program_name,kernel_mangled_name,has_branching,has_data_dependent_branching,has_flop_division,uses_preprocessor_defines,has_common_float_subexpr,has_loop_invariant_flops,has_special_math_functions,calls_device_function,has_rng_input_data,reads_input_values_from_file,has_constant_propagatable_gridsz,has_constant_propagatable_blocksz
accuracy-cuda,_Z15accuracy_kerneliiiPKfPKiPi,True,True,False,True,False,False,False,True,True,False,True,True
accuracy-omp,main_l57,True,True,False,True,False,False,False,False,True,False,True,True
ace-cuda,_Z14calculateForcePA400_A400_dS1_S1_S1_dddddd,True,True,True,True,True,False,False,True,False,False,True,True
ace-cuda,_Z15thermalEquationPA400_A400_dS1_S1_S1_ddddd,True,False,True,False,True,False,False,True,False,False,True,True
ace-cuda,_Z19boundaryConditionsUPA400_A400_dd,True,False,False,False,False,False,False,False,False,False,True,True
ace-cuda,_Z21boundaryConditionsPhiPA400_A400_d,True,False,False,False,False,False,False,False,False,False,True,True
ace-cuda,_Z8swapGridPA400_A400_dS1_,True,False,False,False,False,False,False,False,False,False,True,True
ace-cuda,_Z9allenCahnPA400_A400_dS1_S1_S1_S1_S1_dddddddd,True,True,True,False,False,False,False,True,False,False,True,True
ace-omp,_Z14calculateForcePA400_A400_dS1_S1_S1_dddddd_l117,True,True,True,True,True,True,False,True,False,False,False,True
ace-omp,_Z15thermalEquationPA400_A400_dS1_S1_S1_ddddd_l214,False,False,True,True,False,False,False,True,False,False,False,True
ace-omp,_Z19boundaryConditionsUPA400_A400_dd_l230,True,False,False,True,False,False,False,False,False,False,False,True
ace-omp,_Z21boundaryConditionsPhiPA400_A400_d_l180,True,False,False,True,False,False,False,False,False,False,False,True
ace-omp,_Z8swapGridPA400_A400_dS1__l261,False,False,False,True,False,False,False,False,False,False,False,True
adam-cuda,_Z4adamIffEvPT_S1_S1_PKT0_fffffim10adamMode_tf,True,False,True,False,False,True,True,False,True,False,True,True
adam-omp,_Z4adamIffEvPT_S1_S1_PKT0_fffffim10adamMode_tf_l25,True,False,True,False,False,True,True,False,True,False,False,True
adamw-cuda,_Z17fused_4bit_kernelIfLi64EEvPT_PKS0_S1_S1_PaS4_fffffflffffff,True,True,True,False,True,False,True,True,True,False,True,True
adamw-omp,_Z17fused_4bit_kernelIfLi64EEviiPT_PKS0_S1_S1_PaS4_fffffflffffff_l135,True,True,True,False,True,True,True,True,True,False,True,True
addBiasQKV-cuda,_Z22FP8TrtAddQKVBiasKernel21FP8TrtAddQKVBiasParamI13__nv_fp8_e4m313__nv_bfloat16E,False,False,False,False,False,False,False,True,False,False,False,False
addBiasResidualLayerNorm-cuda,_Z28addBiasResidualPostLayerNormI6__halfLi1EEvPT_PKS1_S4_S4_S4_fi,True,True,True,False,True,False,True,True,True,False,True,True
addBiasResidualLayerNorm-cuda,_Z28addBiasResidualPostLayerNormI6__halfLi2EEvPT_PKS1_S4_S4_S4_fi,True,True,True,False,True,False,True,True,True,False,True,False
addBiasResidualLayerNorm-cuda,_Z30addBiasResidualPostLayerNormV2I6__halfEvPT_PKS1_S4_S4_S4_fi,True,True,True,False,False,False,True,True,True,False,False,False
addBiasResidualLayerNorm-cuda,_Z35generalAddBiasResidualPostLayerNormI6__halfEvPT_PKS1_S4_S4_S4_fi,True,True,True,False,True,False,True,True,True,False,False,False
adjacent-cuda,_Z18BlockAdjDiffKernelILi128EEvPKiPib,True,True,False,False,False,False,False,True,False,False,True,True
adjacent-cuda,_Z18BlockAdjDiffKernelILi256EEvPKiPib,True,False,False,False,False,False,False,True,False,False,True,True
adjacent-cuda,_Z18BlockAdjDiffKernelILi64EEvPKiPib,True,False,False,False,False,False,False,True,False,False,True,True
adjacent-omp,_Z18BlockAdjDiffKernelILi128EEvPKiPibi_l42,True,True,False,False,False,False,False,False,False,False,True,True
adjacent-omp,_Z18BlockAdjDiffKernelILi256EEvPKiPibi_l42,True,True,False,False,False,False,False,False,False,False,True,True
adjacent-omp,_Z18BlockAdjDiffKernelILi64EEvPKiPibi_l42,True,False,False,False,False,False,False,False,False,False,False,True
adv-cuda,_Z16advCubatureHex3DiPKdS0_S0_S0_iS0_Pd,True,False,False,True,False,True,False,False,True,False,True,True
adv-omp,main_l72,True,True,False,True,False,False,False,False,True,False,True,True
affine-cuda,_Z6affinePKtPt,True,True,True,True,True,False,True,False,False,True,True,True
affine-omp,main_l80,True,True,True,True,True,True,True,False,False,True,False,True
aidw-cuda,_Z11AIDW_KernelPKfS0_S0_iS0_S0_PfifS0_,True,True,True,True,True,False,True,False,True,False,True,True
aidw-cuda,_Z17AIDW_Kernel_TiledPKfS0_S0_iS0_S0_PfifS0_,True,True,True,True,False,False,True,False,True,False,True,True
aidw-omp,_Z11AIDW_KernelPKfS0_S0_iS0_S0_PfifS0__l47,True,True,True,True,True,True,True,False,True,False,False,True
aligned-types-cuda,_Z10testKernelI13uint2_alignedEvPT_PKS1_i,True,True,False,False,False,False,False,False,False,False,True,True
aligned-types-cuda,_Z10testKernelI13uint3_alignedEvPT_PKS1_i,True,True,False,False,False,False,False,False,False,False,False,True
aligned-types-cuda,_Z10testKernelI14uchar4_alignedEvPT_PKS1_i,True,True,False,False,False,False,False,False,False,False,True,True
aligned-types-cuda,_Z10testKernelI16uint2_misalignedEvPT_PKS1_i,True,True,False,False,False,False,False,False,False,False,False,True
aligned-types-cuda,_Z10testKernelI16uint3_misalignedEvPT_PKS1_i,True,True,False,False,False,False,False,False,False,False,True,True
aligned-types-cuda,_Z10testKernelI17uchar4_misalignedEvPT_PKS1_i,True,True,False,False,False,False,False,False,False,False,False,True
aligned-types-cuda,_Z10testKernelIhEvPT_PKS0_i,True,True,False,False,False,False,False,False,False,False,False,True
aligned-types-cuda,_Z10testKernelIjEvPT_PKS0_i,True,True,False,False,False,False,False,False,False,False,False,True
aligned-types-cuda,_Z10testKernelItEvPT_PKS0_i,True,True,False,False,False,False,False,False,False,False,False,True
aligned-types-omp,_Z7runTestI14uchar4_alignedEiPhS1_ii_l196,False,False,False,False,False,False,False,False,False,False,False,True
aligned-types-omp,_Z7runTestI17uchar4_misalignedEiPhS1_ii_l196,False,False,False,False,False,False,False,False,False,False,False,True
aligned-types-omp,_Z7runTestIhEiPhS0_ii_l187,False,False,False,False,False,False,False,False,False,False,False,True
aligned-types-omp,_Z7runTestIhEiPhS0_ii_l196,False,False,False,False,False,False,False,False,False,False,False,True
aligned-types-omp,_Z7runTestIjEiPhS0_ii_l196,False,False,False,False,False,False,False,False,False,False,False,True
aligned-types-omp,_Z7runTestItEiPhS0_ii_l196,False,False,False,False,False,False,False,False,False,False,False,True
all-pairs-distance-cuda,_Z2k1PKcPi,True,True,False,True,False,False,False,False,True,False,True,True
all-pairs-distance-cuda,_Z2k2PKcPi,True,True,False,True,False,False,False,False,True,False,True,True
all-pairs-distance-cuda,_Z2k3PKcPi,True,True,False,True,False,False,False,True,True,False,True,True
all-pairs-distance-omp,main_l150,True,True,False,True,False,False,False,False,True,False,True,True
all-pairs-distance-omp,main_l97,True,True,False,True,False,False,False,False,True,False,True,True
amgmk-cuda,_Z5relaxPKdPKiS2_PdS0_i,True,True,True,False,False,False,False,False,False,False,False,True
amgmk-omp,_Z10test_Relaxv_l258,True,True,True,True,False,False,False,False,False,False,False,True
ans-cuda,_Z20phase1_decode_subseqjjjPjPKjP5uint4jjjj,True,True,False,False,False,False,False,False,False,False,False,True
ans-cuda,_Z25phase2_synchronise_blocksjjjjPjPKjP5uint4Phjjj,True,True,False,False,False,False,False,False,False,False,False,False
ans-cuda,_Z26phase4_decode_write_outputjjjPjPhjPKjPK5uint4jjjj,False,False,False,False,False,False,False,False,False,False,False,False
ans-cuda,_Z47phase3_copy_num_symbols_from_aux_to_sync_pointsjP5uint4PKj,True,True,False,False,False,False,False,False,False,False,False,False
ans-cuda,_Z47phase3_copy_num_symbols_from_sync_points_to_auxjPK5uint4Pj,True,False,False,False,False,False,False,False,False,False,False,False
aobench-cuda,_Z13render_kernelPhPK7_Sphere6_Planeiii,True,True,True,True,True,True,True,True,False,False,True,True
aobench-omp,_Z6renderPhiiiPK7_SphereRK6_Plane_l309,True,True,True,True,True,True,True,True,False,False,False,True
aop-cuda,_Z18prepare_svd_kernelILi256E9PayoffPutEviiT0_PKdPiPd,True,True,True,True,True,True,True,True,True,False,False,True
aop-cuda,_Z21generate_paths_kernelILi256E9PayoffPutEviiT0_ddddPKdPd,True,True,False,False,False,False,True,False,True,False,False,True
aop-cuda,_Z22update_cashflow_kernelILi128E9PayoffPutEviT0_dPKdS3_PKiPd,True,True,False,False,False,False,False,False,True,False,False,True
aop-cuda,_Z24compute_final_sum_kernelILi128EEviidPd,True,False,True,False,False,False,False,False,False,False,True,True
aop-cuda,_Z25compute_final_beta_kernelILi128EEvPKiPd,True,True,False,False,False,False,False,False,False,False,True,True
aop-cuda,_Z27compute_partial_beta_kernelILi128E9PayoffPutEviT0_PKdS3_S3_PKiPd,True,True,True,True,False,False,False,False,True,False,False,True
aop-cuda,_Z27compute_partial_sums_kernelILi128EEviPKdPd,True,True,False,False,False,False,False,False,False,False,False,True
aop-omp,_Z18prepare_svd_kernelILi256E9PayoffPutEviiiT0_PKdPiPd_l491,True,True,True,True,True,False,True,True,True,False,False,True
aop-omp,_Z19compute_beta_kernelILi128E9PayoffPutEviT0_PKdS3_S3_PKiPd_l648,True,True,True,True,False,True,False,False,True,False,False,True
aop-omp,_Z21generate_paths_kernelILi256E9PayoffPutEviiT0_ddddPKdPd_l97,True,False,False,False,True,True,True,False,True,False,False,True
aop-omp,_Z22update_cashflow_kernelILi128E9PayoffPutEviiT0_dPKdS3_PKiPd_l744,True,True,False,False,False,False,False,False,True,False,False,True
asmooth-cuda,_Z15normalizeFilteriiPfPKf,True,True,True,False,False,False,False,False,True,False,True,True
asmooth-cuda,_Z15smoothingFilteriiiiPKfPiPf,True,True,True,False,False,False,False,False,True,False,True,True
asmooth-cuda,_Z9outFilteriiPKfPKiPf,True,True,True,False,False,False,False,False,True,False,True,True
asmooth-omp,main_l101,True,True,True,False,False,False,False,False,True,False,False,True
asmooth-omp,main_l60,True,True,True,False,False,True,False,False,True,False,False,True
assert-cuda,_Z10perfKernelv,True,True,False,False,False,False,False,False,False,False,True,True
assert-cuda,_Z10testKerneli,False,False,False,False,False,False,False,False,False,False,True,True
assert-cuda,_Z11perfKernel2v,True,True,False,False,False,False,False,False,False,False,True,True
assert-omp,_Z10perfKernelii_l31,True,True,False,False,False,False,False,False,False,False,False,False
assert-omp,_Z10testKerneliii_l22,True,True,False,False,False,False,False,False,False,False,True,True
asta-cuda,_Z15PTTWAC_soa_astaiiiPfPiS0_,True,True,False,True,False,False,False,False,True,False,True,True
asta-omp,main_l170,True,True,False,True,False,False,False,False,True,False,True,True
atan2-cuda,_Z9compute_fiPKfS0_Pf,True,True,False,False,True,False,False,True,True,False,True,True
atan2-cuda,_Z9compute_iiPKfS0_Pi,True,True,True,False,False,False,False,True,True,False,True,True
atan2-cuda,_Z9compute_siPKfS0_Ps,True,True,True,False,True,False,False,True,True,False,True,True
atan2-omp,_Z9compute_fiPKfS0_Pf_l269,True,True,True,False,True,False,True,True,True,False,False,True
atan2-omp,_Z9compute_iiPKfS0_Pi_l306,True,True,True,False,True,False,False,True,True,False,False,True
atan2-omp,_Z9compute_siPKfS0_Ps_l289,True,True,True,False,True,False,True,True,True,False,False,True
atomicAggregate-cuda,_Z1kPii,True,True,False,True,False,False,False,True,False,False,True,True
atomicCAS-cuda,_Z16atomicMaxDerivedIdEvPT_,True,True,False,False,False,False,False,True,False,False,True,True
atomicCAS-cuda,_Z16atomicMaxDerivedIxEvPT_,True,True,False,False,False,False,False,True,False,False,True,True
atomicCAS-cuda,_Z16atomicMaxDerivedIyEvPT_,True,True,False,False,False,False,False,True,False,False,True,True
atomicCAS-cuda,_Z16atomicMinDerivedIdEvPT_,True,True,False,True,False,False,False,True,False,False,True,True
atomicCAS-cuda,_Z16atomicMinDerivedIxEvPT_,True,True,False,False,False,False,False,True,False,False,True,True
atomicCAS-cuda,_Z16atomicMinDerivedIyEvPT_,True,True,False,True,False,False,False,True,False,False,True,True
atomicCost-cuda,_Z19wiAtomicOnGlobalMemIdEvPT_i,True,False,False,True,False,False,False,False,False,False,True,True
atomicCost-cuda,_Z19wiAtomicOnGlobalMemIfEvPT_i,True,False,False,True,False,False,False,False,False,False,True,True
atomicCost-cuda,_Z19wiAtomicOnGlobalMemIiEvPT_i,True,False,False,True,False,False,False,False,False,False,False,True
atomicCost-cuda,_Z19woAtomicOnGlobalMemIdEvPT_i,True,False,False,True,False,False,False,False,False,False,True,True
atomicCost-cuda,_Z19woAtomicOnGlobalMemIfEvPT_i,True,False,False,True,False,False,False,False,False,False,True,True
atomicCost-cuda,_Z19woAtomicOnGlobalMemIiEvPT_i,True,False,False,False,False,False,False,False,False,False,False,True
atomicCost-omp,_Z19wiAtomicOnGlobalMemIdEvPT_ii_l26,True,False,False,True,False,False,False,False,False,False,False,True
atomicCost-omp,_Z19wiAtomicOnGlobalMemIfEvPT_ii_l26,True,False,False,True,False,False,False,False,False,False,False,True
atomicCost-omp,_Z19wiAtomicOnGlobalMemIiEvPT_ii_l26,True,False,False,True,False,False,False,False,False,False,False,True
atomicCost-omp,_Z19woAtomicOnGlobalMemIdEvPT_ii_l14,True,False,False,True,False,False,False,False,False,False,False,True
atomicCost-omp,_Z19woAtomicOnGlobalMemIfEvPT_ii_l14,True,False,False,True,False,False,False,False,False,False,False,True
atomicCost-omp,_Z19woAtomicOnGlobalMemIiEvPT_ii_l14,True,False,False,True,False,False,False,False,False,False,False,True
atomicIntrinsics-cuda,_Z10testKernelIiEvPT_m,True,False,False,False,False,False,False,False,False,False,True,True
atomicIntrinsics-omp,_Z8testcaseIiEvii_l25,False,False,False,False,False,False,False,False,False,False,False,True
atomicIntrinsics-omp,_Z8testcaseIiEvii_l48,False,False,False,False,False,False,False,False,False,False,False,True
atomicIntrinsics-omp,_Z8testcaseIiEvii_l60,False,False,False,False,False,False,False,False,False,False,False,True
atomicIntrinsics-omp,_Z8testcaseIiEvii_l79,False,False,False,False,False,False,False,False,False,False,False,True
atomicIntrinsics-omp,_Z8testcaseIiEvii_l83,False,False,False,False,False,False,False,False,False,False,False,True
atomicPerf-cuda,_Z26WarpRangeAtomicOnGlobalMemIdEvPT_i,True,True,False,True,False,False,False,False,False,False,True,True
atomicPerf-cuda,_Z26WarpRangeAtomicOnGlobalMemIiEvPT_i,True,True,False,True,False,False,False,False,False,False,False,True
atomicPerf-cuda,_Z26WarpRangeAtomicOnSharedMemIdEvPT_i,True,True,False,False,False,False,False,False,False,False,True,True
atomicPerf-cuda,_Z27BlockRangeAtomicOnGlobalMemIdEvPT_i,True,True,False,True,False,False,False,False,False,False,True,True
atomicPerf-cuda,_Z27BlockRangeAtomicOnGlobalMemIiEvPT_i,True,True,False,True,False,False,False,False,False,False,True,True
atomicPerf-cuda,_Z27BlockRangeAtomicOnSharedMemIdEvPT_i,True,True,False,True,False,False,False,False,False,False,True,True
atomicPerf-cuda,_Z27BlockRangeAtomicOnSharedMemIiEvPT_i,True,False,False,True,False,False,False,False,False,False,False,True
atomicPerf-cuda,_Z28SingleRangeAtomicOnGlobalMemIdEvPT_ii,True,False,False,True,False,False,False,False,False,False,True,True
atomicPerf-cuda,_Z28SingleRangeAtomicOnGlobalMemIiEvPT_ii,True,True,False,True,False,False,False,False,False,False,False,True
atomicPerf-cuda,_Z28SingleRangeAtomicOnSharedMemIdEvPT_ii,True,True,False,True,False,False,False,False,False,False,True,True
atomicPerf-omp,_Z26WarpRangeAtomicOnGlobalMemIdEvPT_i_l23,True,False,False,True,False,False,False,False,False,False,False,True
atomicPerf-omp,_Z26WarpRangeAtomicOnGlobalMemIiEvPT_i_l23,True,False,False,True,False,False,False,False,False,False,False,True
atomicPerf-omp,_Z26WarpRangeAtomicOnSharedMemIdEvPT_i_l66,True,True,False,True,False,False,False,False,False,False,False,True
atomicPerf-omp,_Z27BlockRangeAtomicOnGlobalMemIdEvPT_i_l13,False,False,False,True,False,False,False,False,False,False,False,True
atomicPerf-omp,_Z27BlockRangeAtomicOnGlobalMemIiEvPT_i_l13,True,False,False,True,False,False,False,False,False,False,False,True
atomicPerf-omp,_Z27BlockRangeAtomicOnSharedMemIdEvPT_i_l43,True,True,False,True,False,False,False,False,False,False,False,True
atomicPerf-omp,_Z28SingleRangeAtomicOnGlobalMemIdEvPT_ii_l33,True,False,False,True,False,False,False,False,False,False,False,True
atomicPerf-omp,_Z28SingleRangeAtomicOnGlobalMemIiEvPT_ii_l33,True,False,False,True,False,False,False,False,False,False,False,True
atomicPerf-omp,_Z28SingleRangeAtomicOnSharedMemIdEvPT_ii_l89,True,True,False,True,False,False,False,False,False,False,False,True
atomicReduction-cuda,_Z16atomic_reductionPiS_i,True,True,False,False,False,False,False,False,True,False,True,True
atomicReduction-cuda,_Z19atomic_reduction_v2PiS_i,True,True,False,False,False,False,False,False,True,False,True,True
atomicReduction-cuda,_Z19atomic_reduction_v4PiS_i,True,True,False,False,False,False,False,False,True,False,False,False
atomicReduction-cuda,_Z19atomic_reduction_v8PiS_i,True,True,False,False,False,False,False,False,True,False,True,True
atomicReduction-cuda,_Z20atomic_reduction_v16PiS_i,True,True,False,False,False,False,False,False,True,False,True,True
atomicReduction-omp,main_l101,True,False,False,False,False,False,False,False,True,False,False,False
atomicReduction-omp,main_l122,False,False,False,False,False,False,False,False,True,False,False,False
atomicReduction-omp,main_l143,True,False,False,False,False,False,False,False,True,False,False,False
atomicReduction-omp,main_l165,True,False,False,False,False,False,False,False,True,False,True,True
atomicReduction-omp,main_l62,True,False,False,False,False,False,False,False,True,False,True,True
atomicReduction-omp,main_l78,True,False,False,False,False,False,False,False,True,False,True,True
atomicSystemWide-cuda,_Z12atomicKernelPii,True,False,False,False,False,False,False,False,False,False,True,True
attention-cuda,_Z17attention_kernel1PKfS0_PfS1_ii,True,True,False,False,False,False,True,False,True,False,True,True
attention-cuda,_Z17attention_kernel2PKfS0_Pfi,True,True,True,False,False,False,True,False,True,False,False,True
attention-cuda,_Z17attention_kernel3PKfS0_Pfii,True,False,False,False,False,False,False,False,True,False,True,True
attentionMultiHead-cuda,_Z3mhaPKfS0_S0_iiiiifiPf,True,True,True,False,False,False,True,True,True,False,True,True
axhelm-cuda,_Z9axhelm_n3iiPKfS0_S0_S0_Pf,True,False,False,True,True,False,False,False,True,False,True,True
axhelm-omp,main_l92,True,False,False,True,True,True,False,False,True,False,True,True
babelstream-cuda,_Z10add_kernelIfEvPKT_S2_PS0_,False,False,False,True,False,False,False,False,False,False,True,True
babelstream-cuda,_Z10dot_kernelIfEvPKT_S2_PS0_i,True,True,False,True,False,False,False,False,False,False,True,True
babelstream-cuda,_Z10mul_kernelIfEvPT_PKS0_,False,False,False,True,False,False,False,False,False,False,True,True
babelstream-cuda,_Z11copy_kernelIdEvPKT_PS0_,False,False,False,False,False,False,False,False,False,False,True,True
babelstream-cuda,_Z11copy_kernelIfEvPKT_PS0_,False,False,False,True,False,False,False,False,False,False,True,True
babelstream-cuda,_Z11init_kernelIdEvPT_S1_S1_S0_S0_S0_,False,False,False,False,False,False,False,False,False,False,False,True
babelstream-cuda,_Z11init_kernelIfEvPT_S1_S1_S0_S0_S0_,False,False,False,True,False,False,False,False,False,False,True,True
babelstream-cuda,_Z12triad_kernelIfEvPT_PKS0_S3_,False,False,False,True,False,False,False,False,False,False,True,True
babelstream-cuda,_Z14nstream_kernelIfEvPT_PKS0_S3_,False,False,False,True,False,False,False,False,False,False,True,True
babelstream-omp,_Z11init_arraysIfEvPT_S1_S1_S0_S0_S0__l71,False,False,False,True,False,False,False,False,False,False,False,True
babelstream-omp,_Z3addIfEvPKT_S2_PS0__l104,False,False,False,True,False,False,False,False,False,False,False,True
babelstream-omp,_Z3dotIfET_PKS0_S2__l139,True,False,False,True,False,False,False,False,False,False,False,True
babelstream-omp,_Z3mulIdEvPT_PKS0__l93,False,False,False,True,False,False,False,False,False,False,False,True
babelstream-omp,_Z3mulIfEvPT_PKS0__l93,False,False,False,True,False,False,False,False,False,False,False,True
babelstream-omp,_Z4copyIdEvPKT_PS0__l84,False,False,False,True,False,False,False,False,False,False,False,True
babelstream-omp,_Z4copyIfEvPKT_PS0__l84,False,False,False,True,False,False,False,False,False,False,False,True
babelstream-omp,_Z5triadIfEvPT_PKS0_S3__l115,False,False,False,True,False,False,False,False,False,False,False,True
babelstream-omp,_Z7nstreamIfEvPT_PKS0_S3__l127,False,False,False,True,False,False,False,False,False,False,False,True
background-subtract-cuda,_Z5mergemPKhS0_S0_PhS1_,True,True,False,False,False,False,True,False,True,False,True,True
background-subtract-omp,_Z5mergemPKhS0_S0_PhS1__l69,True,True,False,True,False,False,True,False,True,False,False,True
backprop-cuda,_Z19kernel_layerforwardPKfPfS1_i,True,False,False,False,False,False,False,False,True,False,True,True
backprop-cuda,_Z21kernel_adjust_weightsPKfPfS0_S1_i,True,True,False,False,True,False,False,False,False,False,True,True
backprop-omp,_Z17bpnn_train_kernelP4BPNNPfS1__l78,True,False,False,True,True,False,False,False,True,False,False,True
bfs-cuda,_Z6KernelPK4NodePKiPcS4_PKcPii,True,True,False,True,False,False,False,False,False,True,False,True
bfs-cuda,_Z7Kernel2PcS_S_S_i,True,True,False,True,False,False,False,False,False,True,False,True
bfs-omp,_Z11run_bfs_gpuiP4NodeiPiPcS2_S2_S1__l83,True,True,False,True,False,False,False,False,False,True,False,True
bh-cuda,_Z10SortKerneliiPiPKiPViS_S_,True,True,False,False,False,False,False,False,False,False,False,True
bh-cuda,_Z12ClearKernel1iiPi,True,True,False,True,False,False,False,False,False,False,True,True
bh-cuda,_Z12ClearKernel2iPiP6float4S_,True,True,False,True,False,False,False,False,False,False,True,True
bh-cuda,_Z17BoundingBoxKerneliiPiS_P6float4P6float3S3_PfS_S_Pj,True,True,False,True,False,False,False,False,True,False,True,True
bh-cuda,_Z17IntegrationKerneliffP6float4P6float2S0_,True,True,False,False,False,False,False,False,False,False,True,True
bh-cuda,_Z18TreeBuildingKerneliiPViPK6float4PKfPi,True,True,False,True,False,False,False,False,True,False,True,True
bh-cuda,_Z19SummarizationKerneliiPViPKiPV6float4Pi,True,True,True,True,True,False,False,False,True,False,True,True
bh-cuda,_Z20InitializationKernelPiPj,False,False,False,False,False,False,False,False,False,False,True,True
bh-cuda,_Z22ForceCalculationKerneliifffPKiS0_PK6float4P6float2PS1_PKfS0_,True,True,False,True,False,False,True,False,True,False,True,True
bilateral-cuda,_Z15bilateralFilterILi3EEvPKfPfiifff,True,True,True,True,False,True,True,False,True,False,True,True
bilateral-cuda,_Z15bilateralFilterILi6EEvPKfPfiifff,True,True,True,True,False,True,True,False,True,False,True,True
bilateral-omp,_Z15bilateralFilterILi3EEvPKfPfiifff_l18,True,True,True,True,False,True,True,False,True,False,False,True
bilateral-omp,_Z15bilateralFilterILi6EEvPKfPfiifff_l18,True,True,True,True,False,True,True,False,True,False,False,True
bilateral-omp,_Z15bilateralFilterILi9EEvPKfPfiifff_l18,True,True,True,True,False,False,True,False,True,False,False,True
bincount-cuda,_Z8bincountIifiL16DeviceMemoryType0EEvPT_PKT0_T1_S3_S3_S6_S6_,True,True,True,True,False,False,False,True,True,False,False,True
bincount-cuda,_Z8bincountIifiL16DeviceMemoryType1EEvPT_PKT0_T1_S3_S3_S6_S6_,True,True,True,True,False,False,False,True,True,False,False,True
binomial-cuda,_Z21binomialOptionsKernelPK13__TOptionDataPf,True,True,False,True,False,False,True,True,True,False,False,True
binomial-omp,binomialOptionsGPU_l100,True,True,False,True,False,False,True,True,True,False,True,True
bitonic-sort-cuda,_Z12bitonic_sortiiPi,True,True,False,False,False,False,False,False,True,False,False,True
bitonic-sort-omp,_Z19ParallelBitonicSortPii_l66,True,True,False,False,False,False,False,False,True,False,False,True
bitpacking-cuda,_Z13bitPackKernelIijEvPKhPKT_PT0_S4_PKm,True,True,False,False,False,False,False,True,True,False,False,True
bitpacking-cuda,_Z23bitPackConfigScanKernelIiiEvPT_S1_PKT0_PKm,True,True,False,False,False,False,False,True,True,False,False,True
bitpacking-cuda,_Z27bitPackConfigFinalizeKernelIiiEvPKT_S2_PhPT0_PKm,True,True,False,False,False,False,False,True,False,False,True,True
bitpermute-cuda,_Z19bit_rev_permutationPlPKlj,True,True,False,True,False,False,False,True,False,False,True,True
bitpermute-cuda,_Z21bit_rev_permutation_zPlPKlj,True,True,False,True,False,False,False,True,False,False,False,False
black-scholes-cuda,_Z15getOutValOptionPK17optionInputStructPfi,True,True,True,True,False,False,True,True,False,False,False,False
black-scholes-omp,_Z29runBlackScholesAnalyticEnginei_l237,True,True,True,True,True,False,True,True,False,False,False,True
blockAccess-cuda,_Z6kernelILi256ELi1024EEvPKfPhj,True,True,False,True,False,False,False,True,True,False,False,True
blockAccess-cuda,_Z9referencePKfPhj,True,True,False,False,False,False,False,False,True,False,False,True
blockexchange-cuda,_Z1kILi256ELi1024EEvPKiPii,True,True,False,True,False,False,False,True,False,False,False,True
bn-omp,_Z13computeKerneliiPKfPKbiiPfPii_l105,True,True,True,False,False,False,True,True,False,False,False,False
bn-omp,_Z13findBestGraphPfPiS_Pb_l241,True,True,False,False,False,False,False,True,False,False,False,False
bn-omp,_Z13findBestGraphPfPiS_Pb_l244,True,True,True,True,False,False,True,True,False,False,False,False
bn-omp,_Z14genScoreKerneliPfPKiPKf_l21,True,True,False,False,False,False,False,True,False,False,False,True
bonds-cuda,_Z5bonds12inArgsStruct13resultsStructi,True,True,True,True,False,False,True,True,False,False,False,True
boxfilter-cuda,_Z10col_kernelPKjPjiiif,True,True,False,False,False,False,False,True,False,True,False,True
boxfilter-cuda,_Z10row_kernelPK6uchar4Pjiiiifj,True,True,False,False,False,False,False,True,False,True,False,False
boxfilter-omp,_Z12BoxFilterGPUPjS_S_iiiff_l127,True,True,False,False,False,False,False,True,False,True,False,False
bsearch-cuda,_Z10kernel_BS2IfEvPKT_S2_Pmmm,True,True,False,False,False,False,False,False,True,False,True,True
bsearch-cuda,_Z10kernel_BS3IfEvPKT_S2_Pmmm,True,True,False,False,False,False,False,False,True,False,True,True
bsearch-cuda,_Z10kernel_BS4IfEvPKT_S2_Pmmm,True,True,False,False,False,False,False,False,True,False,False,True
bsearch-cuda,_Z9kernel_BSIfEvPKT_S2_Pmmm,True,True,False,False,False,False,False,False,True,False,True,True
bsearch-omp,_Z2bsIfEvmmPKT_S2_Pmmi_l21,True,True,False,False,False,False,False,False,True,False,False,True
bsearch-omp,_Z3bs3IfEvmmPKT_S2_Pmmi_l84,True,True,False,False,False,False,False,False,True,False,False,True
bsearch-omp,_Z3bs4IfEvmmPKT_S2_Pmmi_l117,True,True,False,False,False,False,False,False,True,False,False,True
bspline-vgh-cuda,_Z7bsplinePKflllPfS1_S1_S0_S0_S0_S0_S0_S0_S0_S0_S0_fffiiiii,True,True,False,False,True,False,False,True,False,False,True,True
bspline-vgh-omp,main_l245,True,False,False,False,True,False,False,False,False,False,False,True
btree-cuda,_ZN8GpuBTree7kernels10init_btreeI13PoolAllocatorEEvPjT_,True,True,False,True,False,False,False,False,False,False,True,True
burger-cuda,_Z4corePdS_PKdS1_iidddd,True,False,True,True,True,False,False,False,False,False,True,True
burger-cuda,_Z6updatePdS_PKdS1_i,True,False,False,False,False,False,False,False,False,False,True,True
burger-cuda,_Z7bound_hPdS_ii,True,False,False,True,False,False,False,False,False,False,True,True
burger-cuda,_Z7bound_vPdS_ii,True,False,False,True,False,False,False,False,False,False,False,True
burger-omp,main_l101,False,False,True,True,True,True,False,False,False,False,False,True
burger-omp,main_l110,False,False,True,True,True,True,False,False,False,False,False,True
burger-omp,main_l77,False,False,True,True,True,True,False,False,False,False,False,True
burger-omp,main_l93,False,False,True,True,True,True,False,False,False,False,False,False
bwt-cuda,_Z14generate_tablePiii,True,True,False,False,False,False,False,False,False,False,False,True
bwt-cuda,_Z17bitonic_sort_stepPiiiiPKci,True,True,False,False,False,False,False,True,True,False,False,True
bwt-cuda,_Z20reconstruct_sequencePKiPKcPci,True,True,False,False,False,False,False,False,True,False,False,True
bwt-omp,_Z14generate_tablePiii_l9,True,False,False,False,False,False,False,False,False,False,False,True
bwt-omp,_Z17bitonic_sort_stepPiiiiPKci_l27,True,True,False,False,False,False,False,True,False,False,False,True
car-cuda,_Z3carPKfS0_S0_S0_Pf6paramsiim,True,True,True,True,True,True,True,False,True,False,True,True
car-omp,_Z3carPKfS0_S0_S0_Pf6paramsiim_l35,True,False,True,True,True,True,True,False,True,False,False,True
cbsfil-cuda,_Z9toCoef2DXPfjjj,True,True,True,True,False,False,True,True,True,False,True,True
cbsfil-cuda,_Z9toCoef2DYPfjjj,True,True,True,True,False,False,True,True,True,False,True,True
cbsfil-omp,_Z9toCoef2DXPfjjjj_l77,True,True,True,True,False,True,True,True,True,False,False,False
ccsd-trpdrv-cuda,_Z11ccsd_kernelPKdS0_S0_S0_S0_S0_S0_S0_S0_S0_S0_S0_S0_S0_S0_dPdS1_S1_S1_iii,True,True,True,True,False,False,False,False,True,False,True,True
ccsd-trpdrv-omp,_Z14ccsd_tengy_gpuPKdS0_S0_S0_S0_S0_S0_S0_S0_S0_S0_S0_S0_S0_S0_dPdS1_S1_S1_iii_l43,True,False,True,True,True,True,False,False,True,False,False,True
ced-cuda,_Z11hyst_kernelPKhPhii,True,True,False,False,False,False,False,False,False,True,False,True
ced-cuda,_Z12sobel_kernelPKhPhS1_ii,True,True,False,False,False,False,True,False,False,True,False,False
ced-cuda,_Z15gaussian_kernelPKhPhii,True,False,False,False,False,False,False,False,False,True,False,False
ced-cuda,_Z19non_max_supp_kernelPKhPhS0_ii,True,True,False,False,False,False,False,False,False,True,False,False
cfd-cuda,_Z12compute_fluxiPiPfS0_S0_S0_P6Float3S2_S2_S2_,True,True,True,True,False,False,True,True,False,True,False,True
cfd-cuda,_Z17initialize_bufferPffi,True,False,False,False,False,False,False,False,False,True,False,True
cfd-cuda,_Z19compute_step_factoriPfS_S_,True,False,True,True,False,False,True,True,False,True,False,True
cfd-cuda,_Z20initialize_variablesiPfPKf,False,False,False,True,False,False,False,False,False,True,False,True
cfd-cuda,_Z9time_stepiiPKfPfS0_S0_,True,False,True,True,False,False,False,False,False,True,False,True
cfd-omp,_Z12compute_fluxiPiPfS0_S0_S0_6Float3S1_S1_S1__l200,True,True,True,True,False,False,True,True,False,True,False,True
cfd-omp,_Z19compute_step_factoriPfS_S__l167,False,False,True,True,False,False,True,True,False,True,False,True
cfd-omp,_Z20initialize_variablesiPfS__l157,False,False,False,True,False,False,False,False,False,True,False,True
cfd-omp,_Z4copyPfPKfi_l112,False,False,False,False,False,False,False,False,False,True,False,True
cfd-omp,_Z9time_stepiiPKfPfS0_S0__l345,False,False,True,True,False,False,False,False,False,True,False,True
chacha20-cuda,_Z15test_keystreamsPKcS0_S0_PKhPhS3_S3_S3_iii,True,True,False,True,False,False,False,True,False,False,True,True
chacha20-omp,main_l87,True,True,False,True,False,False,False,True,False,False,True,True
channelShuffle-cuda,_Z24ChannelShuffleNCHWKernelIfLb0EEviiiPKT_PS0_,True,True,False,True,False,False,False,False,False,False,False,True
channelShuffle-cuda,_Z24ChannelShuffleNHWCKernelIfLi128EEviiPKT_PS0_,True,False,False,False,False,False,False,False,False,False,False,True
channelShuffle-cuda,_Z24ChannelShuffleNHWCKernelIfLi32EEviiPKT_PS0_,True,False,False,True,False,False,False,False,False,False,False,True
channelShuffle-cuda,_Z24ChannelShuffleNHWCKernelIfLi512EEviiPKT_PS0_,True,False,False,False,False,False,False,False,False,False,False,True
channelShuffle-omp,_Z24ChannelShuffleNCHWKernelIfEviiiiPKT_PS0__l20,False,False,False,True,False,False,False,False,False,False,False,True
channelShuffle-omp,_Z24ChannelShuffleNHWCKernelIfEviiiPKT_PS0__l32,False,False,False,False,False,False,False,False,False,False,False,True
channelSum-cuda,_Z14ChannelSumNCHWIiLi1ELi128EEviiiPKT_PS0_S3_,True,False,False,True,False,False,False,True,True,False,False,True
channelSum-cuda,_Z14ChannelSumNHWCIiEviiiPKT_PS0_S3_,True,False,False,True,False,False,False,True,True,False,False,True
channelSum-omp,_Z14ChannelSumNCHWIiEviiiPKT_PS0_S3__l22,True,False,False,True,False,False,False,False,True,False,False,True
channelSum-omp,_Z14ChannelSumNHWCIiEviiiPKT_PS0_S3__l48,True,False,False,True,False,False,False,False,True,False,False,True
che-cuda,_Z12cahnHilliardPA256_A256_dPA256_A256_KdS5_ddddd,True,False,True,True,False,False,False,True,True,False,True,True
che-cuda,_Z17chemicalPotentialPA256_A256_KdPA256_A256_dddddddd,True,False,True,True,False,False,False,True,False,False,True,True
che-cuda,_Z25localFreeEnergyFunctionalPA256_A256_KdPA256_A256_dddddddd,True,False,True,True,True,False,False,True,True,False,True,True
che-cuda,_Z4SwapPA256_A256_dS1_,True,False,False,True,False,False,False,False,False,False,True,True
che-omp,_Z12cahnHilliardPA256_A256_dPA256_A256_KdS5_ddddd_l157,True,True,True,True,False,False,False,True,True,False,False,False
che-omp,_Z17chemicalPotentialPA256_A256_KdPA256_A256_dddddddd_l108,True,False,True,True,True,False,False,True,False,False,False,False
che-omp,_Z4SwapPA256_A256_dS1__l169,False,False,False,True,False,False,False,False,False,False,False,False
chemv-cuda,_Z13chemv_kernel0P12ComplexFloatS0_S0_ffff,True,False,False,True,False,False,False,False,False,False,True,True
chemv-cuda,_Z13chemv_kernel1P12ComplexFloatS0_S0_ff,True,False,False,True,False,False,False,False,False,False,True,True
chemv-omp,_Z13chemv_kernel0P12ComplexFloatS0_S0_ffff_l7,True,False,False,True,False,False,False,False,False,False,True,True
chi2-cuda,_Z10chi_kerneljjiiPKhPf,True,True,True,False,False,False,False,False,True,False,True,True
chi2-omp,main_l55,True,True,True,False,False,False,False,False,True,False,False,False
clenergy-cuda,_Z7cenergyifPfPK6float4,True,False,False,True,True,True,True,False,True,False,True,True
clenergy-omp,main_l148,True,False,True,True,True,False,True,False,True,False,False,False
clenergy-omp,main_l176,True,False,True,True,True,True,True,False,True,False,False,False
clock-cuda,_Z14timedReductionPKfPfPl,True,True,False,True,False,False,False,False,False,False,True,True
cmembench-cuda,_Z18benchmark_constantI4int2EvPii,True,False,False,True,False,False,False,True,False,False,True,True
cmembench-cuda,_Z18benchmark_constantI4int4EvPii,True,False,False,True,False,False,False,True,False,False,True,True
cmembench-cuda,_Z18benchmark_constantIiEvPii,True,False,False,True,False,False,False,True,False,False,True,True
cobahh-cuda,_Z6cobahhPfS_S_S_S_S_PKfPciffiffffffffffffffffffffffffffffffff,True,True,True,False,True,False,True,True,True,False,True,True
cobahh-omp,_Z24neurongroup_stateupdaterPfS_S_S_S_S_S_S_S_Pcii_l73,True,False,True,False,True,False,True,True,True,False,False,True
collision-cuda,_Z15checkDuplicatesiPKi,True,True,False,True,False,False,False,True,False,False,True,True
collision-cuda,_Z18checkDuplicateMaskiPKi,True,True,False,True,False,False,False,True,True,False,True,True
colorwheel-cuda,_Z5colorPhiiff,True,True,True,True,False,False,True,True,False,False,True,True
colorwheel-omp,main_l106,True,True,True,True,False,False,True,False,False,False,False,False
complex-cuda,_Z13complex_floatPci,True,True,True,False,True,False,True,True,False,False,True,True
complex-cuda,_Z14complex_doublePci,True,True,True,False,True,False,True,True,False,False,True,True
complex-cuda,_Z17ref_complex_floatPci,True,True,True,False,True,False,True,True,False,False,True,True
complex-cuda,_Z18ref_complex_doublePci,True,True,True,False,True,False,True,True,False,False,True,True
complex-omp,_Z13complex_floatPci_l42,True,True,True,False,True,False,True,True,False,False,False,True
compute-score-cuda,_Z7computePKjS0_PKmS2_S0_PjS3_,True,True,False,True,False,False,False,True,True,False,False,True
compute-score-cuda,_Z9reductionPKmPKjS2_Pm,True,True,False,False,False,False,False,False,True,False,True,True
compute-score-omp,main_l318,True,True,False,True,False,False,False,True,False,False,False,True
concat-cuda,_Z6concatIfEvPKT_S2_PS0_iiii,True,True,False,False,False,False,False,True,True,False,False,True
concat-omp,_Z6concatIfEvPKT_S2_PS0_iiii_l16,True,True,False,False,False,False,False,True,True,False,False,True
conversion-cuda,_Z3cvtI6__half13__nv_bfloat16EvPT_PKT0_i,True,True,False,False,False,False,False,False,False,False,True,True
conversion-cuda,_Z3cvtI6__halfS0_EvPT_PKT0_i,True,True,False,False,False,False,False,False,False,False,True,True
conversion-cuda,_Z3cvtIc13__nv_bfloat16EvPT_PKT0_i,True,False,False,False,False,False,False,False,False,False,True,True
conversion-cuda,_Z3cvtIf13__nv_bfloat16EvPT_PKT0_i,True,True,False,False,False,False,False,False,False,False,True,True
conversion-cuda,_Z3cvtIf6__halfEvPT_PKT0_i,True,True,False,False,False,False,False,False,False,False,True,True
conversion-cuda,_Z3cvtIh13__nv_bfloat16EvPT_PKT0_i,True,True,False,False,False,False,False,False,False,False,True,True
conversion-cuda,_Z3cvtIi13__nv_bfloat16EvPT_PKT0_i,True,True,False,False,False,False,False,False,False,False,True,True
conversion-cuda,_Z3cvtIi6__halfEvPT_PKT0_i,True,True,False,False,False,False,False,False,False,False,True,True
conversion-omp,_Z7convertIcfEvii_l27,False,False,False,False,False,False,False,False,False,False,True,True
conversion-omp,_Z7convertIffEvii_l20,False,False,False,False,False,False,False,False,False,False,True,True
conversion-omp,_Z7convertIffEvii_l27,False,False,False,False,False,False,False,False,False,False,True,True
conversion-omp,_Z7convertIhfEvii_l27,False,False,False,False,False,False,False,False,False,False,True,True
conversion-omp,_Z7convertIifEvii_l27,False,False,False,False,False,False,False,False,False,False,True,True
convolution1D-cuda,_Z12conv1d_tiledIdEvPKT_PS0_ii,True,True,False,True,False,False,False,False,True,False,False,True
convolution1D-cuda,_Z20conv1d_tiled_cachingIdEvPKT_PS0_ii,True,True,False,True,False,False,False,False,True,False,False,True
convolution1D-cuda,_Z6conv1dIdEvPKT_PS0_ii,True,True,False,False,False,False,False,False,True,False,True,True
convolution1D-omp,_Z12conv1d_tiledIdEvPKT_S2_PS0_ii_l45,True,True,False,True,False,False,False,False,True,False,False,True
convolution1D-omp,_Z20conv1d_tiled_cachingIdEvPKT_S2_PS0_ii_l88,True,True,False,True,False,False,False,False,True,False,False,True
convolution1D-omp,_Z6conv1dIdEvPKT_S2_PS0_ii_l25,True,True,False,True,False,False,False,False,True,False,False,True
convolution3D-cuda,_Z9conv3d_s1IfEvPKT_S2_PS0_iiiiiiii,True,True,False,False,False,False,False,False,True,False,True,True
convolution3D-cuda,_Z9conv3d_s2IfEvPKT_S2_PS0_iiiiiiii,True,False,False,False,False,False,False,False,True,False,True,True
convolution3D-cuda,_Z9conv3d_s3IfEvPKT_S2_PS0_iiiiiiii,True,False,False,True,False,False,False,False,True,False,False,True
convolution3D-omp,_Z6conv3DIfEviiiiiii_l84,True,False,False,True,False,False,False,False,True,False,False,True
convolutionSeparable-cuda,_Z9conv_colsPfPKfS1_iii,True,True,False,True,False,False,False,False,True,False,True,True
convolutionSeparable-cuda,_Z9conv_rowsPfPKfS1_iii,True,True,False,True,False,False,False,False,True,False,True,True
convolutionSeparable-omp,_Z15convolutionRowsPfPKfS1_iii_l43,True,True,False,True,False,False,False,False,True,False,False,False
cooling-cuda,_Z11cool_kernelidPKdPdi,True,True,True,False,True,False,True,True,False,False,True,True
cooling-omp,_Z11cool_kernelidPKdPdi_l111,True,True,True,False,True,False,True,True,False,False,False,True
crc64-cuda,_Z12crc64_kernelPmS_PKhPKmS3_mi,True,True,False,False,False,False,False,True,True,False,False,True
crc64-omp,crc64_omp_l1428,True,True,False,True,False,False,False,True,True,False,False,False
cross-cuda,_Z12cross_kernelIdiEviPT_PKS0_S3_T0_S4_S4_,True,False,False,False,False,False,False,False,True,False,True,True
cross-cuda,_Z12cross_kernelIfiEviPT_PKS0_S3_T0_S4_S4_,True,False,False,False,False,False,False,False,True,False,True,True
cross-cuda,_Z13cross2_kernelIdiEviPT_PKS0_S3_T0_S4_S4_,True,False,False,False,False,False,False,False,True,False,True,True
cross-cuda,_Z13cross2_kernelIfiEviPT_PKS0_S3_T0_S4_S4_,True,False,False,False,False,False,False,False,True,False,True,True
cross-cuda,_Z13cross3_kernelIdEviPT_PKS0_S3_,True,True,False,False,False,False,False,False,True,False,False,True
cross-cuda,_Z13cross3_kernelIfEviPT_PKS0_S3_,True,False,False,False,False,False,False,False,True,False,False,True
cross-omp,_Z12cross_kernelIdiEviPT_PKS0_S3_T0_S4_S4__l21,True,False,False,False,False,False,False,False,True,False,False,True
cross-omp,_Z12cross_kernelIfiEviPT_PKS0_S3_T0_S4_S4__l21,False,False,False,False,False,False,False,False,True,False,False,True
cross-omp,_Z13cross2_kernelIdiEviPT_PKS0_S3_T0_S4_S4__l52,True,False,False,False,False,False,False,False,True,False,False,True
cross-omp,_Z13cross2_kernelIfiEviPT_PKS0_S3_T0_S4_S4__l52,False,False,False,False,False,False,False,False,True,False,False,True
cross-omp,_Z13cross3_kernelIdEviPT_PKS0_S3__l84,True,False,False,False,False,False,False,False,True,False,False,True
cross-omp,_Z13cross3_kernelIfEviPT_PKS0_S3__l84,False,False,False,False,False,False,False,False,True,False,False,True
crossEntropy-cuda,_Z8loss_bwdI6__halfS0_EvPKT_PKT0_S6_PKlS3_S8_PS4_,True,True,False,True,False,False,True,True,True,False,True,True
crossEntropy-cuda,_Z8loss_bwdIddEvPKT_PKT0_S5_PKlS2_S7_PS3_,True,True,False,True,False,False,True,True,True,False,False,True
crossEntropy-cuda,_Z8loss_bwdIffEvPKT_PKT0_S5_PKlS2_S7_PS3_,True,True,False,True,False,False,True,True,True,False,True,True
crs-cuda,_Z27gcrs_m_1_w_4_coding_dotprodiiPKlPlPKji,True,True,False,False,False,False,False,False,True,False,False,False
crs-cuda,_Z27gcrs_m_1_w_5_coding_dotprodiiPKlPlPKji,True,True,False,False,False,False,False,False,True,False,False,False
crs-cuda,_Z27gcrs_m_1_w_6_coding_dotprodiiPKlPlPKji,True,True,False,False,False,False,False,False,True,False,False,False
crs-cuda,_Z27gcrs_m_1_w_7_coding_dotprodiiPKlPlPKji,True,True,False,False,False,False,False,False,True,False,False,False
crs-cuda,_Z27gcrs_m_1_w_8_coding_dotprodiiPKlPlPKji,True,True,False,False,False,False,False,False,True,False,False,False
crs-cuda,_Z27gcrs_m_2_w_4_coding_dotprodiiPKlPlPKji,True,True,False,False,False,False,False,False,True,False,False,False
crs-cuda,_Z27gcrs_m_2_w_5_coding_dotprodiiPKlPlPKji,True,True,False,False,False,False,False,False,True,False,False,False
crs-cuda,_Z27gcrs_m_2_w_6_coding_dotprodiiPKlPlPKji,True,True,False,False,False,False,False,False,True,False,False,False
crs-cuda,_Z27gcrs_m_2_w_7_coding_dotprodiiPKlPlPKji,True,True,False,False,False,False,False,False,True,False,False,False
crs-cuda,_Z27gcrs_m_2_w_8_coding_dotprodiiPKlPlPKji,True,True,False,False,False,False,False,False,False,False,False,False
crs-omp,_Z14m_1_w_4_codingiiPKlPlPKjiii_l8,True,True,False,False,False,False,False,False,True,False,False,False
d3q19-bgk-cuda,_Z15init_velocity_gIL12lattice_type19EEv8lbm_vars5BoxCUS2_dfffd,True,False,True,True,True,True,False,True,False,False,True,True
d3q19-bgk-cuda,_Z20collide_and_stream_gIL12lattice_type19EEv8lbm_vars5BoxCUddbi,True,True,True,True,True,False,False,True,False,False,False,True
d3q19-bgk-cuda,_Z9find_wallILi19EEvPcS0_Pi5BoxCUi,True,True,False,True,False,False,False,False,False,False,False,False
d3q19-bgk-cuda,_Z9make_flagPcPiS_5BoxCU10outer_walliiii,True,True,False,True,False,False,False,False,False,False,True,True
damage-cuda,_Z14damage_of_nodeiPKiS0_PiPd,True,True,True,True,False,False,False,False,False,False,True,True
damage-cuda,_Z24damage_of_node_optimizediPKiS0_PiPd,True,True,True,True,False,False,False,True,True,False,True,True
damage-omp,_Z14damage_of_nodeiPKiS0_PiPd_l17,True,True,True,True,False,False,False,False,True,False,False,True
damage-omp,_Z24damage_of_node_optimizediiPKiS0_PiPd_l61,True,True,True,True,False,False,False,False,True,False,False,True
dct8x8-cuda,_Z13DCT8x8_kernelPfPKfjjj,True,False,False,True,True,False,False,True,True,False,False,True
dct8x8-cuda,_Z14IDCT8x8_kernelPfPKfjjj,True,True,False,True,True,False,False,True,True,False,True,True
ddbp-cuda,_Z19mapDet2Slice_kernelPdS_dddPKdS1_S1_S1_iii,True,False,True,False,True,False,False,False,False,False,False,False
ddbp-cuda,_Z19rot_detector_kernelPdS_PKdS1_dddi,True,False,False,False,False,False,True,False,False,False,False,False
ddbp-cuda,_Z20map_boudaries_kernelPdiddd,True,True,False,False,False,False,False,False,False,False,False,False
ddbp-cuda,_Z22differentiation_kernelPdPKddddS1_S1_S1_iiiidddddi,True,True,True,False,False,False,True,False,True,False,False,False
ddbp-cuda,_Z22img_integration_kernelPdiibiii,True,True,False,False,False,False,False,False,True,False,False,False
ddbp-cuda,_Z22pad_projections_kernelPdiiii,True,True,False,False,False,False,False,False,False,False,False,True
ddbp-cuda,_Z29bilinear_interpolation_kernelPdPKdS1_S1_S1_S1_iiiiiii,True,True,True,False,False,False,False,False,True,False,False,False
ddbp-omp,_Z19mapDet2Slice_kernelPdS_dddPKdS1_S1_S1_iii_l107,True,False,True,False,True,True,False,False,False,False,False,True
ddbp-omp,_Z20map_boudaries_kernelPdiddd_l68,False,False,False,True,False,False,False,False,False,False,False,True
ddbp-omp,_Z22differentiation_kernelPdPKddddS1_S1_S1_iiiidddddi_l311,True,True,True,True,True,True,True,False,False,False,False,True
ddbp-omp,_Z22img_integration_kernelPdiibiiiiiiiiii_l139,True,True,False,True,False,False,False,False,True,False,False,True
ddbp-omp,_Z29bilinear_interpolation_kernelPdPKdS1_S1_S1_S1_iiiiiii_l217,True,True,True,True,True,False,False,False,True,False,False,True
debayer-cuda,_Z25malvar_he_cutler_demosaicjjPKhjPhji,True,True,False,True,False,False,False,True,True,False,False,False
debayer-omp,_Z25malvar_he_cutler_demosaicjjjjPKhjPhji_l12,True,True,False,True,False,False,False,True,True,False,False,True
degrid-cuda,_Z13degrid_kernelI7double2EvPT_PKS1_mS4_mS4_,True,True,False,True,False,False,False,False,True,False,True,True
dense-embedding-cuda,_Z11dense_esuhmIfEvPKT_S2_PS0_iPKi,True,True,False,False,False,False,False,False,False,False,True,True
dense-embedding-cuda,_Z12dense_esuhm2IfEvPKT_S2_PS0_iPKi,True,False,False,False,False,False,False,False,True,False,True,True
dense-embedding-cuda,_Z12dense_esuhm3IfEvPKT_S2_PS0_iPKi,True,True,False,False,False,False,False,False,True,False,True,True
dense-embedding-omp,main_l101,True,False,False,False,False,False,False,False,True,False,True,True
dense-embedding-omp,main_l128,True,False,False,False,False,False,False,False,True,False,True,True
dense-embedding-omp,main_l154,True,True,False,False,False,False,False,False,True,False,False,True
depixel-cuda,_Z13check_connectPK6float3Pjii,True,True,False,False,True,False,False,True,True,False,True,True
depixel-omp,_Z13check_connectPK6float3Pjii_l59,True,True,False,True,True,False,False,True,True,False,False,True
dispatch-cuda,_Z11EmptyKernelv,False,False,False,False,False,False,False,False,False,False,True,True
distort-cuda,_Z14barrel_distortPK6uchar3PS_PK10Properties,True,True,False,False,True,False,True,True,True,False,True,True
distort-omp,_Z14barrel_distortPK6uchar3PS_PK10Properties_l76,True,True,False,False,True,False,True,True,True,False,False,True
divergence-cuda,_Z10div_kernelPdS_S_S_S_i,True,True,False,False,False,False,False,False,False,True,True,True
divergence-omp,_Z21divergence_sphere_gpuILi4EdEvPKT0_RK10derivativeIXT_ES0_ERK7elementIXT_ES0_EPS0__l77,True,False,False,True,False,False,False,False,False,True,False,True
dp-omp,_Z3dotIdEvmi_l61,False,False,False,False,False,False,False,False,True,False,False,True
dp-omp,_Z3dotIfEvmi_l61,False,False,False,False,False,False,False,False,False,False,False,True
dpid-cuda,_Z14kernelGuidancePK6uchar3PS_6Params,True,True,True,True,False,False,True,True,False,False,False,True
dpid-cuda,_Z18kernelDownsamplingPK6uchar3S1_6ParamsPS_,True,True,True,True,False,False,True,True,True,False,False,True
dslash-cuda,_Z6dslashPK11dsu3_matrixS1_S1_S1_PK11dsu3_vectorPS2_PKmS7_S7_S7_i,True,True,False,True,False,False,False,True,True,False,False,True
dslash-cuda,_Z9make_backPK11dsu3_matrixS1_PKmS3_PS_S4_i,True,True,False,False,False,False,False,True,False,False,False,True
dslash-omp,_Z9dslash_fnRKSt6vectorI11dsu3_vectorSaIS0_EERS2_RKS_I11dsu3_matrixSaIS6_EESA_RS8_SB_PmSC_SC_SC_mm_l64,True,False,False,True,False,False,False,True,True,False,False,False
dslash-omp,_Z9dslash_fnRKSt6vectorI11dsu3_vectorSaIS0_EERS2_RKS_I11dsu3_matrixSaIS6_EESA_RS8_SB_PmSC_SC_SC_mm_l93,True,False,False,True,False,False,False,True,True,False,False,True
dwconv-cuda,_Z31conv_depthwise2d_forward_kernelILi0EffiEv27GenericPackedTensorAccessorIT0_Lm4E17RestrictPtrTraitsiES3_S3_S0_IS1_Lm1ES2_iEbT2_iiiiiiiiiiiiii,True,True,False,False,False,False,False,False,True,False,False,True
dwconv-cuda,_Z31conv_depthwise2d_forward_kernelILi1EffiEv27GenericPackedTensorAccessorIT0_Lm4E17RestrictPtrTraitsiES3_S3_S0_IS1_Lm1ES2_iEbT2_iiiiiiiiiiiiii,True,True,False,False,False,False,False,False,True,False,False,True
dwconv-cuda,_Z31conv_depthwise2d_forward_kernelILi3EffiEv27GenericPackedTensorAccessorIT0_Lm4E17RestrictPtrTraitsiES3_S3_S0_IS1_Lm1ES2_iEbT2_iiiiiiiiiiiiii,True,True,False,False,False,False,False,False,True,False,False,True
dxtc2-cuda,_Z8compressPKjS0_P5uint2i,True,True,True,True,False,False,False,True,False,True,False,True
dxtc2-omp,main_l127,True,True,True,True,True,True,True,True,False,True,False,True
easyWave-cuda,_Z6kernelPfS_iiiiiffi,True,True,True,True,False,False,False,False,False,False,False,False
easyWave-cuda,_Z7kernel2PfPKfS1_S1_S1_iiiiii,True,True,True,True,False,False,False,False,False,True,False,True
easyWave-cuda,_Z7kernel3PfS_iiiii,True,True,False,False,False,False,False,False,False,False,False,True
easyWave-cuda,_Z7kernel4PfPKfS1_S1_S1_PiS2_S2_S2_iif,True,True,False,False,False,False,False,False,False,True,False,True
easyWave-omp,main_l860,True,True,False,True,False,False,True,False,False,True,False,False
easyWave-omp,main_l932,True,True,False,True,True,False,True,False,False,True,False,False
easyWave-omp,main_l947,True,True,False,True,True,True,True,False,False,True,False,False
ecdh-cuda,_Z6k_fastiiiPiS_jii,True,True,False,False,False,False,False,True,False,False,True,True
ecdh-cuda,_Z6k_slowiiiPiS_jii,True,True,False,False,False,False,False,True,False,False,False,True
ecdh-omp,_Z6k_fastiiiPiS_jii_l173,True,True,False,False,False,False,False,True,False,False,False,True
ecdh-omp,_Z6k_slowiiiPiS_jii_l158,True,True,False,False,False,False,False,True,False,False,False,True
eigenvalue-cuda,_Z24calNumEigenValueIntervalPjPKfS1_S1_j,True,True,True,False,False,False,False,True,True,False,False,True
eigenvalue-cuda,_Z25recalculateEigenIntervalsPfPKfPKjS1_S1_jf,True,True,True,False,True,False,False,True,False,False,True,True
eigenvalue-omp,_Z24calNumEigenValueIntervalPjPKfS1_S1_j_l44,True,True,True,False,False,False,False,True,True,False,False,True
eikonal-cuda,_Z10run_solverPKdPKbS0_PdPbPKjiiiij,True,True,True,True,True,False,True,True,False,False,False,True
eikonal-cuda,_Z13run_reductionPKbPbPKjj,True,True,False,True,False,False,False,False,False,False,False,True
eikonal-cuda,_Z18run_check_neighborPKdPKbS0_PdPbPKjiiijj,True,True,True,True,True,False,True,True,False,False,False,True
entropy-cuda,_Z11entropy_optILi16ELi16EEvPfPKcPKfii,True,True,True,False,False,False,True,False,True,False,True,True
entropy-cuda,_Z7entropyPfPKcii,True,True,True,False,False,False,True,False,True,False,True,True
entropy-omp,_Z11entropy_optILi16ELi16EEvPfPKcPKfii_l61,True,True,True,False,False,False,True,False,True,False,True,True
entropy-omp,_Z7entropyPfPKcii_l13,True,True,True,False,False,False,True,False,True,False,False,False
epistasis-cuda,_Z3epiPKjS0_Pfiiiii,True,True,False,False,False,False,True,True,True,False,False,True
epistasis-omp,main_l169,True,True,False,True,False,False,True,True,True,False,False,True
ert-cuda,_Z12block_strideI7__half2Li0EEvjjPT_,True,True,False,True,False,False,False,False,False,False,True,True
ert-cuda,_Z12block_strideIdLi0EEvjjPT_,True,False,False,True,False,False,False,False,False,False,True,True
ert-cuda,_Z12block_strideIfLi0EEvjjPT_,True,True,False,True,False,False,False,False,False,False,True,True
expdist-cuda,_Z17reduce_cross_termIdEvPT_PKS0_iii,True,True,False,True,False,False,False,False,False,False,True,True
expdist-cuda,_Z17reduce_cross_termIfEvPT_PKS0_iii,True,False,False,True,False,False,False,False,False,False,True,True
expdist-cuda,_Z8distanceIdEvPKT_S2_iiS2_S2_PS0_,True,True,True,True,False,False,True,True,False,False,True,True
expdist-cuda,_Z8distanceIfEvPKT_S2_iiS2_S2_PS0_,True,True,True,True,False,False,True,True,False,False,True,True
expdist-omp,_Z14distance_tiledIdLi2EEvPKT_S2_iiS2_S2_PS0__l53,True,True,True,True,True,False,True,True,False,False,False,True
expdist-omp,_Z14distance_tiledIfLi2EEvPKT_S2_iiS2_S2_PS0__l53,True,True,True,True,True,False,True,True,False,False,False,True
expdist-omp,_Z17reduce_cross_termIdET_PKS0_iii_l140,True,False,False,True,False,False,False,False,False,False,False,False
extend2-cuda,_Z14kernel_extend2PKhS0_PKcP4eh_tPcPiS6_S6_S6_S6_S6_iiiiiiiiiii,True,True,True,False,False,False,False,False,False,True,True,True
extrema-cuda,_Z13relextrema_1DIdEviibPKT_Pb,True,True,False,False,False,False,False,True,True,False,False,True
extrema-cuda,_Z13relextrema_1DIfEviibPKT_Pb,True,True,False,False,False,False,False,True,True,False,False,True
extrema-cuda,_Z13relextrema_1DIiEviibPKT_Pb,True,True,False,False,False,False,False,True,True,False,False,True
extrema-cuda,_Z13relextrema_1DIlEviibPKT_Pb,True,True,False,False,False,False,False,True,True,False,False,True
extrema-cuda,_Z13relextrema_2DIdEviiibiPKT_Pb,True,True,False,False,False,False,False,True,True,False,False,True
extrema-cuda,_Z13relextrema_2DIfEviiibiPKT_Pb,True,True,False,False,False,False,False,True,True,False,False,False
extrema-cuda,_Z13relextrema_2DIiEviiibiPKT_Pb,True,True,False,False,False,False,False,True,True,False,False,True
extrema-cuda,_Z13relextrema_2DIlEviiibiPKT_Pb,True,True,False,False,False,False,False,True,True,False,False,False
extrema-omp,_Z7test_1DIdEliibiPKc_l49,True,True,False,False,False,False,False,True,True,False,False,True
extrema-omp,_Z7test_1DIfEliibiPKc_l49,True,True,False,False,False,False,False,True,True,False,False,True
extrema-omp,_Z7test_1DIiEliibiPKc_l49,True,True,False,False,False,False,False,True,True,False,False,True
extrema-omp,_Z7test_1DIlEliibiPKc_l49,True,True,False,False,False,False,False,True,True,False,False,True
extrema-omp,_Z7test_2DIdEliiibiiPKc_l110,True,True,False,False,False,False,False,True,True,False,False,True
extrema-omp,_Z7test_2DIfEliiibiiPKc_l110,True,True,False,False,False,False,False,True,True,False,False,True
extrema-omp,_Z7test_2DIiEliiibiiPKc_l110,True,True,False,False,False,False,False,True,True,False,False,True
extrema-omp,_Z7test_2DIlEliiibiiPKc_l110,True,True,False,False,False,False,False,True,True,False,False,True
f16atomic-cuda,_Z20f16AtomicOnGlobalMemP13__nv_bfloat16i,True,False,False,True,False,False,False,False,False,False,True,True
f16atomic-cuda,_Z20f16AtomicOnGlobalMemP6__halfi,True,True,False,True,False,False,False,False,False,False,True,True
f16max-cuda,_Z4hmaxI7__half2EvPKT_S3_PS1_m,True,False,False,True,False,False,False,True,True,False,True,True
fdtd3d-cuda,_Z17finite_differencePfPKfS1_iiii,True,True,False,True,False,False,False,False,True,False,True,True
fdtd3d-omp,_Z7fdtdGPUPfS_PKfiiiiiiPPKc_l70,True,True,False,True,False,False,False,False,True,False,False,False
fft-cuda,_Z10ifft1D_512P7double2,True,False,True,True,False,True,True,True,False,False,True,True
fft-cuda,_Z9fft1D_512P7double2,True,False,True,True,False,False,True,True,False,False,False,True
fhd-cuda,_Z6cmpfhdPKfS0_PfS1_S0_S0_S0_ii,True,True,False,True,False,False,True,False,True,False,True,True
filter-cuda,_Z6filterPiS_PKii,True,True,False,False,False,False,False,False,True,False,True,True
filter-cuda,_Z7filter2PiS_PKii,True,True,False,False,False,False,False,True,True,False,True,True
filter-omp,main_l44,True,True,False,False,False,False,False,False,True,False,True,True
flame-cuda,_Z14kernel_iterateP6short2PsPKtiPKf14ConstMemParams,True,True,True,True,True,False,True,True,True,False,True,True
flame-cuda,_Z17kernel_initializeP6short2PsPKtiP6float2PKf14ConstMemParams,True,True,True,True,True,False,True,True,True,False,True,True
flame-cuda,_Z22kernel_generate_pointsP6float3P6short2PsPKtiPKf14ConstMemParams,True,True,True,True,False,False,True,True,True,False,True,True
flip-cuda,_Z11flip_kernelIfEvPKT_PS0_lPKllS5_S5_S5_l,True,True,False,False,False,False,False,False,False,False,False,True
floydwarshall-cuda,_Z17floydWarshallPassPjS_jj,True,True,False,False,False,False,False,False,True,False,True,True
floydwarshall-omp,main_l216,True,True,False,False,False,False,False,False,True,False,False,True
fma-cuda,_Z19implicit_fma_kernelI13__nv_bfloat16EvPKT_S3_PS1_PKiS6_iiii,True,True,False,False,False,False,False,False,True,False,False,True
fma-cuda,_Z19implicit_fma_kernelI6__halfEvPKT_S3_PS1_PKiS6_iiii,True,True,False,False,False,False,False,False,True,False,False,True
fma-cuda,_Z19implicit_fma_kernelIdEvPKT_S2_PS0_PKiS5_iiii,True,True,False,False,False,False,False,False,True,False,False,True
fma-cuda,_Z19implicit_fma_kernelIfEvPKT_S2_PS0_PKiS5_iiii,True,True,False,False,False,False,False,False,True,False,False,True
fma-cuda,_Z27implicit_fma_kernel_rowwiseI13__nv_bfloat16EvPKT_S3_PS1_PKiS6_iiii,True,True,False,False,False,False,False,False,True,False,True,True
fma-cuda,_Z27implicit_fma_kernel_rowwiseI6__halfEvPKT_S3_PS1_PKiS6_iiii,True,True,False,False,False,False,False,False,True,False,False,True
fma-cuda,_Z27implicit_fma_kernel_rowwiseIdEvPKT_S2_PS0_PKiS5_iiii,True,True,False,False,False,False,False,False,True,False,False,True
fma-cuda,_Z27implicit_fma_kernel_rowwiseIfEvPKT_S2_PS0_PKiS5_iiii,True,True,False,False,False,False,False,False,False,False,False,True
fpc-cuda,_Z10fpc_kernelPKmPj,True,True,False,False,False,False,False,True,True,False,False,True
fpc-cuda,_Z11fpc2_kernelPKmPj,True,True,False,False,False,False,False,True,True,False,True,True
fpc-omp,_Z3fpcPKmPjii_l127,True,True,False,False,False,False,False,True,True,False,False,True
fpc-omp,_Z4fpc2PKmPjii_l189,True,True,False,False,False,False,False,True,True,False,False,True
fpdc-cuda,_Z17CompressionKerneliPKyPcPKiPi,True,True,False,True,False,False,False,False,False,True,True,True
fpdc-omp,_Z17CompressionKerneliiiPKyPcPKiPi_l91,True,True,False,True,False,False,False,True,False,True,True,True
fresnel-cuda,_Z6kernelPKdPdi,True,True,True,True,True,False,True,True,False,False,True,True
fresnel-omp,main_l39,True,True,True,True,True,False,True,True,False,False,False,True
fwt-cuda,_Z14modulateKernelPfPKfif,True,False,False,False,False,False,False,False,True,False,True,True
fwt-cuda,_Z15fwtBatch1KernelPfPKfi,True,False,False,False,False,False,False,False,True,False,False,False
fwt-cuda,_Z15fwtBatch2KernelPfPKfi,False,False,False,False,True,False,False,False,True,False,False,True
fwt-omp,_Z11fwtBatchGPUPfii_l31,True,False,False,True,False,False,False,False,True,False,False,False
ga-cuda,_Z2gaPKcS0_Pcjiiii,True,True,False,False,False,False,False,False,True,False,False,True
ga-omp,main_l83,True,True,False,False,False,False,False,False,True,False,False,True
gabor-cuda,_Z5gaborPdjjdddddddd,True,False,True,False,False,False,True,False,False,False,True,True
gabor-omp,_Z25generateGaborKernelDeviceijjjdd_l35,False,False,True,False,False,False,True,False,False,False,False,True
gamma-correction-cuda,_Z16gamma_correctionP8ImgPixel,True,True,True,False,False,False,False,True,False,False,True,True
gamma-correction-omp,main_l70,True,True,True,False,False,False,False,False,False,False,False,True
gaussian-cuda,_Z4fan1PKfPfii,True,True,True,False,False,False,False,False,False,False,True,True
gaussian-cuda,_Z4fan2PfS_PKfii,True,True,False,False,False,False,False,False,False,False,False,True
gaussian-omp,_Z10ForwardSubPfS_S_ii_l186,True,True,True,True,False,False,False,False,False,False,False,True
gc-cuda,_Z4initiiPKiS0_PiS1_S1_S1_S1_S1_,True,True,False,False,False,False,False,True,False,True,False,True
gc-cuda,_Z8runLargeiPKiS0_PiS1_PViS0_S0_,True,True,False,False,False,False,False,False,False,True,False,True
gc-cuda,_Z8runSmalliPKiS0_PViPi,True,True,False,False,False,False,False,False,False,True,False,True
gc-omp,_ZL4initiiPKiS0_PiS1_S1_S1_S1_i_l88,True,True,False,True,False,False,False,True,False,True,False,False
geglu-cuda,_Z12geglu_kernelIffLi160ELi1280ELi8ELi2EEvPT_PKS0_,True,False,False,False,False,False,True,True,True,False,False,True
geglu-cuda,_Z12geglu_kernelIffLi160ELi2560ELi8ELi2EEvPT_PKS0_,True,False,False,False,False,False,True,True,True,False,False,True
geglu-cuda,_Z12geglu_kernelIffLi160ELi5120ELi8ELi2EEvPT_PKS0_,True,False,False,False,False,False,True,True,True,False,False,True
geglu-omp,_Z9geglu_gpuIfEvPT_PKS0_li_l19,True,False,False,False,False,False,True,True,True,False,False,False
gemv-cuda,_Z19gemv_quantized_int4P7uint4_2P6__halfS2_jS1_S1_j,True,True,False,True,False,False,False,True,True,False,True,True
gemv-cuda,_Z19gemv_quantized_int8PaP6__halfS1_jS0_S0_j,True,True,False,True,False,False,False,True,True,False,True,True
gemv-cuda,_Z32check_int4_quantized_correctnessP7uint4_2P6__halfS2_S1_S1_i,True,True,False,False,False,False,False,True,True,False,True,True
gemv-cuda,_Z32check_int8_quantized_correctnessPaP6__halfS1_S0_S0_i,True,True,False,False,False,False,False,False,True,False,True,True
glu-cuda,_Z10glu_kerneliiiPKfPf,True,False,True,False,False,False,True,False,True,False,False,True
glu-omp,_Z10glu_kerneliiiPKfPf_l19,False,False,True,True,False,False,True,False,True,False,False,True
goulash-cuda,_Z4gatePdlPKd,True,False,True,False,False,False,True,False,False,False,True,True
goulash-omp,_Z4gatePdlPKd_l18,True,False,True,False,False,False,True,False,False,False,False,True
gpp-cuda,_Z6solveriiiPKiS0_PKdPK13CustomComplexIdES6_S6_S6_S2_PdS7_,True,True,True,True,False,True,False,True,False,False,True,True
gpp-omp,main_l170,True,False,True,True,True,False,False,True,False,False,False,False
graphB+-cuda,_Z12inTreeUpdateiPKiPVi,True,False,False,False,False,False,False,False,False,True,False,True
graphB+-cuda,_Z13processCyclesiPKiS0_S0_PK8EdgeInfoPb,True,True,False,False,False,False,False,False,False,True,False,True
graphB+-cuda,_Z20generateSpanningTreeiPKiS0_iP8EdgeInfoPViPiiS5_ii,True,True,False,False,False,False,False,True,False,True,False,True
graphB+-cuda,_Z4initiiPiS_S_P8EdgeInfoS_S_,True,True,False,False,False,False,False,False,False,True,False,True
graphB+-cuda,_Z5init2iiiPiS_S_S_S_,True,True,False,False,False,False,False,False,False,False,False,True
graphB+-cuda,_Z5init3iPKiS0_PiS1_,False,False,False,False,False,False,False,False,False,True,False,True
graphB+-cuda,_Z8compute1iPKiS0_PiPKbS1_,True,True,False,False,False,False,False,True,False,True,False,True
graphB+-cuda,_Z9initMinusiiPKiS0_PK8EdgeInfoPb,True,True,False,False,False,False,False,False,False,False,False,True
graphB+-cuda,_Z9rootcountPKiS0_Piiii,True,False,False,False,False,False,False,False,False,True,False,True
graphB+-cuda,_Z9treelabeliPKiPViP8EdgeInfoS2_S2_S0_S0_Piiii,True,True,False,False,False,False,False,True,False,True,False,True
graphExecution-cuda,_Z11reduceFinalPdS_m,True,True,False,True,False,False,False,False,True,False,True,True
graphExecution-cuda,_Z6reducePfPdmm,True,True,False,True,False,False,False,False,True,False,False,True
grrt-cuda,_Z5task1PdS_ii,True,True,True,True,True,False,True,True,False,False,True,True
grrt-omp,_Z5task1PdS_ii_l366,True,True,True,True,True,True,True,True,False,False,False,False
gru-cuda,_Z16gru_cell_forwardI6__halffiEvPT_S2_S2_S2_S2_S2_S2_T1_S3_,True,False,False,True,True,False,True,True,True,False,False,True
haccmk-cuda,_Z13haccmk_kerneliiPKfS0_S0_S0_PfS1_S1_fff,True,True,True,False,False,False,True,False,False,False,True,True
haccmk-omp,_Z6haccmkIfEvimiT_S0_S0_PKS0_S2_S2_S2_PS0_S3_S3__l35,True,True,True,False,False,False,True,False,False,False,False,False
halo-finder-cuda,_Z13Step10_kerneliiPKfS0_S0_S0_S0_S0_S0_S0_PfS1_S1_fff,True,True,False,False,True,False,True,False,False,False,False,False
hausdorff-cuda,_Z15computeDistancePK6float2S1_Pfii,True,True,False,False,False,False,False,True,True,False,True,True
hausdorff-omp,_Z15computeDistancePK6float2S1_Pfii_l21,True,True,False,True,False,False,False,True,True,False,False,True
heartwall-cuda,_Z2hwi13params_commonPKfPiS2_S2_S2_S2_S2_S2_S2_PfS3_S3_S3_S3_S3_S3_S3_S3_S3_S3_S3_S3_S3_S3_S3_S3_S3_S3_S3_S3_S3_,True,True,False,True,False,False,False,False,False,True,False,True
heartwall-omp,_Z18kernel_gpu_wrapper13params_commonPiS0_S0_S0_S0_S0_S0_S0_P5avi_t_l482,True,True,False,True,False,False,False,False,False,True,False,True
heat-cuda,_Z13initial_valuejddPd,True,False,False,False,False,False,True,False,False,False,True,True
heat-cuda,_Z4zerojPd,True,True,False,False,False,False,False,False,False,False,True,True
heat-cuda,_Z5solvejdddddPdS_,True,True,False,False,False,False,False,False,False,False,True,True
heat-omp,main_l116,True,False,False,False,False,False,False,False,False,False,False,True
heat-omp,main_l148,True,True,False,False,False,False,False,False,False,False,False,True
heat2d-cuda,_Z13dev_lapl_iterPfPKfffii,False,False,False,False,False,False,False,False,False,False,True,True
heat2d-omp,_Z13dev_lapl_iterPfPKfffii_l44,False,False,False,False,False,False,False,False,True,False,False,True
hellinger-cuda,_Z9hellingerPKfS0_Pfiii,True,True,False,True,False,False,True,False,True,False,True,True
hellinger-omp,main_l79,True,False,False,True,False,False,True,False,True,False,False,True
hexciton-cuda,_Z10comm_emptyP6float2S0_S0_,False,False,False,False,False,False,False,False,False,False,True,True
hexciton-cuda,_Z13comm_refactorPK6float2PS_S1_i,True,False,False,True,False,False,False,False,False,False,False,False
hexciton-cuda,_Z16comm_aosoa_naivePK6float2PS_S1_i,True,False,False,True,False,False,False,False,False,False,False,False
hexciton-cuda,_Z23comm_aosoa_naive_directPK6float2PS_S1_i,True,False,False,True,False,False,False,False,False,False,False,False
hexciton-cuda,_Z26comm_aosoa_naive_constantsPK6float2PS_S1_i,True,False,False,True,False,False,False,False,False,False,False,False
hexciton-cuda,_Z26comm_refactor_direct_storePK6float2PS_S1_i,True,False,False,True,False,False,False,False,False,False,False,False
hexciton-cuda,_Z31comm_aosoa_naive_constants_permPK6float2PS_S1_,True,False,False,True,True,True,False,False,False,False,True,True
hexciton-cuda,_Z33comm_aosoa_naive_constants_directPK6float2PS_S1_,True,False,False,True,False,False,False,False,False,False,False,False
hexciton-cuda,_Z9comm_initPK6float2PS_S1_i,True,False,False,False,False,False,False,False,False,False,False,False
hexciton-omp,_Z9benchmarkPSt7complexIfES1_S1_mmS1_S1_iiimPFvS1_mmmEbPFvS1_mE_l136,True,False,False,True,False,False,False,False,False,False,False,True
hexciton-omp,_Z9benchmarkPSt7complexIfES1_S1_mmS1_S1_iiimPFvS1_mmmEbPFvS1_mE_l174,True,False,False,True,False,False,False,False,False,False,False,False
hexciton-omp,_Z9benchmarkPSt7complexIfES1_S1_mmS1_S1_iiimPFvS1_mmmEbPFvS1_mE_l211,True,False,False,True,False,False,False,False,False,False,True,True
hexciton-omp,_Z9benchmarkPSt7complexIfES1_S1_mmS1_S1_iiimPFvS1_mmmEbPFvS1_mE_l251,True,False,False,True,False,False,False,False,False,False,True,True
hexciton-omp,_Z9benchmarkPSt7complexIfES1_S1_mmS1_S1_iiimPFvS1_mmmEbPFvS1_mE_l292,True,False,False,True,False,False,False,False,False,False,True,True
hexciton-omp,_Z9benchmarkPSt7complexIfES1_S1_mmS1_S1_iiimPFvS1_mmmEbPFvS1_mE_l83,True,False,False,True,False,False,False,False,False,False,False,False
hexciton-omp,_Z9benchmarkPSt7complexIfES1_S1_mmS1_S1_iiimPFvS1_mmmEbPFvS1_mE_l95,True,False,False,True,False,False,False,False,False,False,False,True
histogram-cuda,_Z20histogram_gmem_accumILi1024ELi1ELi256EEvPKjiPj,True,False,False,False,False,False,False,False,False,False,True,True
histogram-cuda,_Z20histogram_gmem_accumILi1024ELi3ELi256EEvPKjiPj,True,False,False,False,False,False,False,True,False,False,True,True
histogram-cuda,_Z20histogram_smem_accumILi1024ELi1ELi256EEvPKjiPj,True,False,False,False,False,False,False,False,False,False,True,True
histogram-cuda,_Z20histogram_smem_accumILi1024ELi3ELi256EEvPKjiPj,True,True,False,False,False,False,False,False,False,False,True,True
histogram-cuda,_Z22histogram_gmem_atomicsILi1024ELi1ELi256E6uchar1EvPKT2_iiPj,True,True,False,False,False,False,False,True,True,False,True,True
histogram-cuda,_Z22histogram_gmem_atomicsILi1024ELi3ELi256E6uchar4EvPKT2_iiPj,True,True,False,False,False,False,False,True,True,False,True,True
histogram-cuda,_Z22histogram_smem_atomicsILi1024ELi1ELi256E6uchar1EvPKT2_iiPj,True,True,False,False,False,False,False,True,True,False,True,True
histogram-cuda,_Z22histogram_smem_atomicsILi1024ELi3ELi256E6float4EvPKT2_iiPj,True,False,False,False,False,False,False,True,True,False,True,True
histogram-cuda,_Z22histogram_smem_atomicsILi1024ELi3ELi256E6uchar4EvPKT2_iiPj,True,False,False,False,False,False,False,True,True,False,True,True
histogram-omp,_Z16run_gmem_atomicsILi1ELi256EhEdPT1_iiPjb_l103,True,False,False,False,False,False,False,True,False,False,True,True
histogram-omp,_Z16run_gmem_atomicsILi1ELi256EhEdPT1_iiPjb_l55,True,True,False,False,False,False,False,True,False,False,True,True
histogram-omp,_Z16run_gmem_atomicsILi3ELi256E6uchar4EdPT1_iiPjb_l103,True,True,False,False,False,False,False,True,False,False,True,True
histogram-omp,_Z16run_gmem_atomicsILi3ELi256E6uchar4EdPT1_iiPjb_l55,True,True,False,True,False,False,False,True,True,False,True,True
histogram-omp,_Z16run_smem_atomicsILi1ELi256EhEdPT1_iiPjb_l56,True,True,False,False,False,False,False,True,True,False,True,True
histogram-omp,_Z16run_smem_atomicsILi3ELi256E6float4EdPT1_iiPjb_l115,True,False,False,False,False,False,False,True,True,False,True,True
histogram-omp,_Z16run_smem_atomicsILi3ELi256E6uchar4EdPT1_iiPjb_l115,True,False,False,False,False,False,False,True,True,False,True,True
histogram-omp,_Z16run_smem_atomicsILi3ELi256E6uchar4EdPT1_iiPjb_l56,True,True,False,False,False,False,False,True,False,False,True,True
hmm-cuda,_Z7viterbiPKfS0_S0_PiPfS1_ii,True,True,False,False,False,False,False,False,True,False,True,True
hotspot-cuda,_Z9calc_tempiPKfS0_Pfiiiifffff,True,True,True,True,True,True,False,False,False,True,False,True
hotspot3D-cuda,_Z9hotspot3dPKfS0_Pfiiiffffffff,True,False,False,False,False,False,False,False,False,True,True,True
hotspot3D-omp,main_l94,True,False,False,False,True,True,False,False,False,True,False,False
hungarian-cuda,_Z11step_4_initv,False,False,False,False,False,False,False,False,False,False,True,True
hungarian-cuda,_Z14step_1_col_subv,True,False,False,True,False,False,False,False,True,False,True,True
hungarian-cuda,_Z14step_1_row_subv,False,False,False,True,False,False,False,False,False,False,True,True
hungarian-cuda,_Z15compress_matrixv,True,True,False,True,False,False,False,False,True,False,False,False
hungarian-cuda,_Z16calc_min_in_colsv,True,True,False,True,False,False,False,True,True,False,True,True
hungarian-cuda,_Z16calc_min_in_rowsv,True,True,False,True,False,False,False,True,True,False,True,True
hungarian-cuda,_Z4initv,True,False,False,True,False,False,False,False,False,False,True,True
hungarian-cuda,_Z6step_2v,True,True,False,True,False,False,False,False,True,False,False,False
hungarian-cuda,_Z6step_3v,True,True,False,False,False,False,False,False,True,False,True,True
hungarian-cuda,_Z9step_3iniv,True,False,False,False,False,False,False,False,False,False,True,True
hwt1d-cuda,_Z9dwtHaar1DPKfPfS1_jjjj,True,True,False,False,False,False,True,False,True,False,False,False
hwt1d-omp,main_l124,True,True,True,False,False,False,True,False,True,False,False,False
hybridsort-cuda,_Z10bucketsortPKfPKiPfPKjS5_i,True,True,False,True,False,False,False,False,True,False,False,False
hybridsort-cuda,_Z11bucketcountPKfPiPjS0_i,True,True,False,True,False,False,False,False,True,False,False,False
hybridsort-cuda,_Z11sortElementP6float4S0_i,True,False,False,False,False,False,False,True,True,False,False,False
hybridsort-cuda,_Z12bucketprefixPjS_i,True,False,False,True,False,False,False,False,False,False,False,False
hybridsort-cuda,_Z13histogram1024PjPKfiff,True,True,True,True,True,True,False,False,True,False,False,False
hybridsort-omp,_Z10bucketSortPfS_iPiS0_ffPj_l1,True,True,True,True,False,False,False,False,True,False,False,False
hybridsort-omp,_Z10bucketSortPfS_iPiS0_ffPj_l4,True,True,True,True,False,False,False,True,True,False,False,False
hybridsort-omp,_Z12runMergeSortiiP6float4S0_PiS1_Pj_l1,True,True,False,True,False,False,False,True,True,False,False,False
hybridsort-omp,_Z12runMergeSortiiP6float4S0_PiS1_Pj_l133,True,True,True,True,True,False,False,True,True,False,False,False
hypterm-cuda,_Z9hypterm_1PdS_S_S_S_PKdS1_S1_S1_S1_S1_S1_S1_dddiii,True,True,False,True,False,False,False,False,True,False,False,True
hypterm-cuda,_Z9hypterm_2PdS_S_S_S_PKdS1_S1_S1_S1_S1_S1_S1_dddiii,True,False,False,True,False,False,False,False,True,False,False,True
hypterm-cuda,_Z9hypterm_3PdS_S_S_S_PKdS1_S1_S1_S1_S1_S1_S1_dddiii,True,False,False,True,False,False,False,False,True,False,True,True
hypterm-omp,_Z9hypterm_1PdS_S_S_S_PKdS1_S1_S1_S1_S1_S1_S1_dddiii_l29,True,False,False,False,False,False,False,False,False,False,False,False
hypterm-omp,_Z9hypterm_3PdS_S_S_S_PKdS1_S1_S1_S1_S1_S1_S1_dddiii_l89,True,False,False,False,False,False,False,False,False,False,False,False
idivide-cuda,_Z5check11int_fastdivPi,True,True,False,False,False,False,False,True,False,False,True,True
idivide-omp,_Z5checki11int_fastdivPi_l56,True,True,False,False,False,False,False,True,False,False,False,True
interleave-cuda,_Z22add_kernel_interleavedP13INTERLEAVED_TPKS_j,True,True,False,True,False,False,False,False,True,False,True,True
interleave-cuda,_Z26add_kernel_non_interleavedP17NON_INTERLEAVED_TPKS_j,True,True,False,True,False,False,False,False,True,False,True,True
interleave-omp,_Z20add_test_interleavedP13INTERLEAVED_TPKS_jj_l72,True,False,False,True,False,False,False,False,True,False,False,True
interleave-omp,_Z24add_test_non_interleavedP17NON_INTERLEAVED_TPKS_jj_l114,True,False,False,True,False,False,False,False,True,False,False,True
interval-cuda,_Z20test_interval_newtonIdEvP12interval_gpuIT_EPiS2_i,True,True,True,True,True,False,False,True,False,False,True,True
intrinsics-cast-cuda,_Z16cast1_intrinsicsiPKdPx,True,False,False,False,False,False,False,False,False,False,True,True
intrinsics-cast-cuda,_Z16cast2_intrinsicsiPKxPx,True,True,False,False,False,False,False,False,False,False,True,True
intrinsics-simd-cuda,_Z15simd_intrinsicsiPKjPj,True,True,False,False,False,False,False,False,False,False,True,True
inversek2j-cuda,_Z13invkin_kernelPKfS0_Pfi,True,True,True,True,True,False,True,False,False,True,False,True
inversek2j-omp,main_l171,True,True,True,True,False,False,True,False,False,True,False,True
is-cuda,_Z17rank_gpu_kernel_1PiS_PKiiii,True,False,False,True,False,False,False,False,False,False,True,True
is-cuda,_Z17rank_gpu_kernel_2Piii,False,False,False,False,False,False,False,False,False,False,True,True
is-cuda,_Z17rank_gpu_kernel_3PiPKiii,False,False,False,True,False,False,False,False,True,False,True,True
is-cuda,_Z17rank_gpu_kernel_4PKiPiS1_ii,True,True,False,True,False,False,False,False,False,False,True,True
is-cuda,_Z17rank_gpu_kernel_5PKiPiii,True,False,False,True,False,False,False,False,False,False,True,True
is-cuda,_Z17rank_gpu_kernel_6PKiPiS0_ii,True,False,False,True,False,False,False,False,False,False,False,True
is-cuda,_Z17rank_gpu_kernel_7PKiS0_S0_Piiii,True,True,False,True,False,False,False,False,True,False,True,True
is-cuda,_Z21create_seq_gpu_kernelPiddii,True,True,False,True,False,False,False,True,False,False,False,True
is-cuda,_Z24full_verify_gpu_kernel_1PKiPiii,False,False,False,False,False,False,False,False,False,False,True,True
is-cuda,_Z24full_verify_gpu_kernel_2PKiPiS1_ii,False,False,False,False,False,False,False,False,False,False,True,True
ising-cuda,_Z10init_spinsPaPKfxx,True,True,False,False,False,False,False,False,True,False,False,True
ising-cuda,_Z14update_latticeILb0EEvPaPKaPKffxx,True,True,False,False,False,False,True,False,True,False,False,True
ising-cuda,_Z14update_latticeILb1EEvPaPKaPKffxx,True,True,False,False,False,False,True,False,True,False,False,True
ising-omp,_Z10init_spinsPaPKfxx_l39,True,False,False,True,False,False,False,False,True,False,False,True
ising-omp,_Z14update_latticeILb0EEvPaS0_Pffxx_l55,True,True,False,True,False,False,True,False,True,False,False,False
ising-omp,_Z14update_latticeILb1EEvPaS0_Pffxx_l55,True,True,False,False,False,False,True,False,True,False,False,True
iso2dfd-cuda,_Z15iso_2dfd_kernelPfPKfS1_fmm,True,False,False,True,True,False,False,False,False,False,True,True
iso2dfd-omp,_Z15iso_2dfd_kernelPfPKfS1_fmm_l150,True,True,False,True,True,False,False,False,False,False,False,False
jaccard-cuda,_Z10jaccard_jwILb1EfEviPKT0_S0_S2_S2_PS0_,True,False,True,False,False,False,False,False,False,False,False,False
jaccard-cuda,_Z14jaccard_is_optILb1EfEviiPKiS1_PKT0_S4_PS2_S5_,True,True,False,False,False,False,False,False,False,False,False,True
jaccard-cuda,_Z15jaccard_row_sumILb0EfEviPKiS1_PKT0_PS2_,True,True,False,False,False,False,False,True,False,False,False,True
jaccard-cuda,_Z15jaccard_row_sumILb1EfEviPKiS1_PKT0_PS2_,True,True,False,False,False,False,False,True,False,False,False,True
jaccard-cuda,_Z4fillILb0EfEviPT0_S0_,True,False,True,False,False,False,False,False,False,False,False,True
jaccard-cuda,_Z4fillILb1EfEviPT0_S0_,True,False,True,False,False,False,False,False,False,False,False,True
jacobi-cuda,_Z11jacobi_stepPfPKfS_,True,True,False,True,False,False,False,False,False,False,True,True
jacobi-omp,main_l77,True,False,True,True,False,False,False,False,False,False,True,True
jenkins-hash-cuda,_Z15jk3_hash_kernelPKjS0_S0_Pji,True,True,False,True,False,False,False,True,True,False,False,True
jenkins-hash-omp,main_l226,True,True,False,True,False,False,False,True,True,False,False,True
kalman-cuda,_Z6kalmanILi8EEvPKdiS1_S1_S1_S1_S1_bS1_iPdS2_S2_iiS2_bS2_,True,True,True,False,False,False,True,True,True,False,True,True
kalman-omp,_Z6kalmanILi8EEvPKdiS1_S1_S1_S1_S1_bS1_iPdS2_S2_iiS2_bS2__l114,True,True,True,False,True,False,True,True,True,False,False,True
keccaktreehash-cuda,_Z10ker_KeccakPKjPjS0_,True,False,False,True,False,False,False,True,False,False,True,True
keccaktreehash-omp,_Z13KeccakTreeGPUPjS_PKj_l440,True,False,False,True,False,False,False,True,False,False,True,True
keogh-cuda,_Z8lb_keoghPKfS0_S0_PfS0_S0_ii,True,True,True,False,False,False,False,False,True,False,True,True
kernelLaunch-cuda,_Z19KernelWithSmallArgs15SmallKernelArgsPc,True,False,False,True,False,False,False,False,False,False,True,True
kernelLaunch-omp,main_l67,True,False,False,True,False,False,False,False,False,False,False,False
kiss-cuda,_Z6kernelImN4kiss4KissImEEEvPT_mj,True,True,False,False,False,False,False,True,False,False,True,True
kmeans-cuda,_Z15find_membershipPKfS0_Piiii,True,True,False,True,False,False,False,False,False,True,False,True
kmeans-cuda,_Z17feature_transposePfPKfii,True,True,False,True,False,False,False,False,False,True,False,True
kmeans-omp,_Z7clusteriiPPfiifPiPS0_S_ii_l115,True,True,True,True,True,False,False,False,False,True,False,True
kmeans-omp,_Z7clusteriiPPfiifPiPS0_S_ii_l54,True,True,True,True,True,False,False,False,False,True,False,True
knn-cuda,_Z14cuParallelSqrtPfii,True,True,False,False,False,False,True,False,False,False,False,True
knn-cuda,_Z15cuInsertionSortPfPiiii,True,True,False,False,False,False,False,False,False,False,False,False
knn-cuda,_Z23cuComputeDistanceGlobalPKfiS0_iiPf,True,True,False,True,False,False,False,False,True,False,False,True
knn-omp,main_l182,True,True,False,True,False,False,False,False,True,False,False,True
knn-omp,main_l309,True,True,False,True,False,False,True,False,True,False,False,True
langevin-cuda,_Z2k0PKfPf,False,False,True,False,False,False,True,False,False,False,True,True
langevin-cuda,_Z2k1PKfPf,False,False,True,False,False,False,True,False,False,False,True,True
langevin-cuda,_Z2k2PKfPf,False,False,False,False,False,False,False,False,False,False,True,True
langevin-omp,_Z2k0PKfPfi_l8,False,False,True,False,False,False,True,False,False,False,False,True
langevin-omp,_Z2k1PKfPfi_l16,True,False,True,False,False,False,True,False,False,False,False,True
langevin-omp,_Z2k2PKfPfi_l52,False,False,False,False,False,False,False,False,False,False,False,True
langford-cuda,_Z7dfs_gpuILi11EEvPl,True,True,False,True,False,False,False,True,False,False,False,True
langford-cuda,_Z7dfs_gpuILi12EEvPl,True,True,False,True,False,False,False,True,False,False,True,True
langford-cuda,_Z7dfs_gpuILi7EEvPl,True,True,False,True,False,False,False,True,False,False,True,True
langford-cuda,_Z7dfs_gpuILi8EEvPl,True,True,False,True,False,False,False,True,False,False,False,True
langford-omp,_Z9run_gpu_dILi11EEvRSt6vectorISt5arrayIaXT_EESaIS2_EE_l349,True,True,False,True,False,False,False,True,False,False,False,True
langford-omp,_Z9run_gpu_dILi12EEvRSt6vectorISt5arrayIaXT_EESaIS2_EE_l349,True,True,False,True,False,False,False,True,False,False,True,True
langford-omp,_Z9run_gpu_dILi7EEvRSt6vectorISt5arrayIaXT_EESaIS2_EE_l349,True,True,False,True,False,False,False,True,False,False,True,True
laplace-cuda,_Z10red_kernelPKfS0_S0_S0_S0_S0_S0_PfS1_,True,False,True,True,False,False,False,False,False,False,True,True
laplace-cuda,_Z12black_kernelPKfS0_S0_S0_S0_S0_S0_PfS1_,True,False,True,True,False,False,False,False,False,False,True,True
laplace-omp,main_l190,True,False,True,True,False,False,False,False,False,False,False,True
laplace-omp,main_l217,True,False,True,True,False,False,True,False,False,False,False,True
laplace-omp,main_l239,True,False,True,True,True,False,False,False,False,False,False,True
laplace3d-cuda,_Z9laplace3diiiiPKfPf,True,True,True,True,False,False,False,False,False,False,True,True
laplace3d-omp,_Z9laplace3diiiiPKfPf_l34,True,True,True,True,False,False,False,False,False,False,False,True
lavaMD-cuda,_Z2mdPK7box_strPK11FOUR_VECTORPKfPS2_fi,True,True,False,True,False,False,True,False,True,False,True,True
lavaMD-omp,main_l194,True,True,False,True,True,True,True,False,True,False,True,True
layernorm-cuda,_Z25layernorm_forward_kernel2PfS_S_PKfS1_S1_ii,True,True,True,False,False,False,True,False,True,False,False,True
layout-cuda,_Z9AoSKernelILi4096EEvPK9AppleTreePi,True,False,False,False,False,False,False,False,False,False,True,True
layout-cuda,_Z9SoAKernelILi4096EEvPK13ApplesOnTreesPi,True,False,False,False,False,False,False,False,False,False,True,True
layout-omp,main_l143,True,False,False,True,False,False,False,False,False,False,False,True
layout-omp,main_l98,True,False,False,True,False,False,False,False,False,False,False,True
lci-cuda,_Z5RHS_fdPKdPd,True,True,True,True,True,True,True,True,True,False,True,True
lci-omp,_Z5RHS_fPKdS0_dS0_Pd_l63,True,True,True,True,True,True,True,True,True,False,True,True
lda-cuda,_Z11EstepKernelPKiS0_PKbPKfbiiiiS4_S4_PfS5_S5_S5_S5_Pi,True,True,True,True,True,False,True,True,True,False,True,True
lda-omp,_Z11EstepKernelILi500ELi256ELi4000EEvPKiS1_PKbPKfbiiiiS5_S5_PfS6_S6_S6_S6_Pi_l55,True,True,True,True,True,False,True,True,True,False,True,True
ldpc-cuda,_Z15ldpc_cnp_kernelPKfPfS1_PKcPK9h_element,True,True,False,True,False,False,True,False,True,False,True,True
ldpc-cuda,_Z22ldpc_vnp_kernel_normalPfS_PKcPK9h_element,True,True,False,True,False,False,False,False,False,False,True,True
ldpc-cuda,_Z24ldpc_cnp_kernel_1st_iterPKfPfS1_PKcPK9h_element,True,True,False,True,False,False,True,False,True,False,False,False
ldpc-cuda,_Z25ldpc_vnp_kernel_last_iterPKfS0_PiPKcPK9h_element,True,True,False,True,False,False,False,False,True,False,True,True
ldpc-omp,_Z15ldpc_cnp_kernelPKfPfS1_PKcPK9h_element_l133,True,True,False,True,False,False,True,False,False,False,True,True
ldpc-omp,_Z22ldpc_vnp_kernel_normalPfS_PKcPK9h_element_l248,True,False,False,True,False,False,False,False,True,False,False,True
ldpc-omp,_Z24ldpc_cnp_kernel_1st_iterPKfPfS1_PKcPK9h_element_l29,True,True,False,True,False,False,True,False,True,False,False,True
lebesgue-cuda,_Z6kernelPdS_PKdS1_ii,True,True,True,False,False,False,True,True,False,False,False,True
lebesgue-omp,_Z17lebesgue_functioniPdiS__l15,True,True,True,True,False,False,True,False,False,False,False,True
libor-cuda,_Z28Pathcalc_Portfolio_KernelGPUPfS_PKfPKiS1_fiii,True,True,True,True,True,True,True,True,False,False,True,True
libor-cuda,_Z29Pathcalc_Portfolio_KernelGPU2PfPKfPKiS1_fiii,True,True,True,True,False,True,True,True,False,False,True,True
libor-omp,main_l277,True,True,True,True,True,True,True,True,False,False,True,True
libor-omp,main_l320,True,True,True,True,True,True,True,True,False,False,True,True
lid-driven-cavity-cuda,_Z10red_kerneldPKdS0_S0_Pd,False,False,True,True,True,False,False,False,False,False,True,True
lid-driven-cavity-cuda,_Z11calculate_FdPKdS0_Pd,True,True,True,True,True,False,True,False,False,False,True,True
lid-driven-cavity-cuda,_Z11calculate_GdPKdS0_Pd,True,True,True,True,True,False,True,False,False,False,False,True
lid-driven-cavity-cuda,_Z12black_kerneldPKdS0_S0_Pd,False,False,True,True,True,False,False,False,False,False,True,True
lid-driven-cavity-cuda,_Z12sum_pressurePKdS0_Pd,True,False,False,True,False,False,False,False,False,False,True,True
lid-driven-cavity-cuda,_Z13calc_residualdPKdS0_S0_S0_Pd,True,False,True,True,True,False,False,False,False,False,False,True
lid-driven-cavity-cuda,_Z17set_horz_pres_BCsPdS_,False,False,False,True,False,False,False,False,False,False,True,True
lid-driven-cavity-cuda,_Z17set_vert_pres_BCsPdS_,False,False,False,True,False,False,False,False,False,False,True,True
lid-driven-cavity-omp,main_l1,True,True,True,True,True,True,False,False,False,False,False,True
lif-cuda,_Z3lifiifPKfPfS1_ffS0_S0_S1_,True,True,True,False,False,False,True,False,True,False,True,True
lif-omp,_Z4testiifPfS_S_ffS_S_S__l65,True,True,True,False,False,False,True,False,True,False,False,True
linearprobing-cuda,_Z18k_hashtable_deleteP8KeyValuePKS_j,True,True,False,False,False,False,False,True,True,False,False,True
linearprobing-cuda,_Z18k_hashtable_insertP8KeyValuePKS_j,True,True,False,False,False,False,False,True,True,False,False,True
linearprobing-cuda,_Z19k_iterate_hashtableP8KeyValueS0_Pj,True,True,False,False,False,False,False,False,False,False,True,True
linearprobing-omp,_Z16delete_hashtableP8KeyValuePKS_j_l77,True,True,False,False,False,False,False,True,True,False,True,True
linearprobing-omp,_Z16insert_hashtableP8KeyValuePKS_j_l32,True,True,False,False,False,False,False,True,True,False,True,True
log2-cuda,_Z11compute_logPfPKfiii,True,True,True,False,False,False,False,True,False,True,False,True
log2-omp,_Z11log2_approxRSt6vectorIfSaIfEES2_RS_IiSaIiEEiii_l75,True,True,True,False,False,False,False,True,False,True,False,True
logprob-cuda,_Z16log_probs_kernelIfEvPfPKT_PKiS5_iiii,True,True,False,True,False,False,True,True,False,False,True,True
logprob-cuda,_Z20accumulate_log_probsPfPKfPKiii,True,True,False,False,False,False,False,True,False,False,True,True
lombscargle-cuda,_Z11lombscargleiiPKfS0_S0_Pff,True,False,True,False,True,False,True,False,False,False,True,True
lombscargle-omp,main_l121,True,False,True,False,True,False,True,False,False,False,False,True
lud-cuda,_Z12lud_diagonalPfmi,True,True,True,True,False,False,False,False,False,False,True,True
lud-cuda,_Z12lud_internalPfmi,False,False,False,True,False,False,False,False,False,False,False,True
lud-cuda,_Z13lud_perimeterPfmi,True,True,True,True,False,False,False,False,False,False,False,True
lud-omp,main_l122,True,True,True,True,False,False,False,False,False,False,False,True
lud-omp,main_l243,True,True,True,True,False,False,False,False,False,False,False,True
lulesh-cuda,_Z15acc_final_forcePKdS0_S0_PdS1_S1_PKiS3_i,True,True,False,False,False,False,False,False,False,False,False,True
lulesh-cuda,_Z15integrateStressPdS_S_PKdS1_S1_PKiS1_S1_S1_S_i,True,True,False,True,False,False,False,True,False,False,False,True
lulesh-cuda,_Z19accelerationForNodePKdS0_S0_S0_PdS1_S1_i,True,False,True,False,False,False,False,False,False,False,False,True
lulesh-cuda,_Z19collect_final_forcePKdS0_S0_PdS1_S1_PKiS3_i,True,True,False,False,False,False,False,False,False,False,False,True
lulesh-cuda,_Z20calcVelocityForNodesPdS_S_PKdS1_S1_ddi,True,True,False,False,False,False,True,False,False,False,False,True
lulesh-cuda,_Z2fbPKdS0_S0_S0_S0_S0_S0_S0_S0_S0_S0_S0_PKiS0_PdS3_S3_di,True,True,True,False,False,False,True,False,False,False,False,True
lulesh-cuda,_Z3hgcPdS_S_S_S_S_S_PKdS1_S1_PKiS1_S1_Pii,True,True,False,True,False,False,False,True,False,False,False,True
lulesh-cuda,_Z43applyAccelerationBoundaryConditionsForNodesPKiS0_S0_PdS1_S1_iiii,True,False,False,False,False,False,False,False,False,False,False,True
lulesh-cuda,_Z8fill_sigPdS_S_PKdS1_i,True,False,False,False,False,False,False,False,False,False,False,True
lulesh-omp,main_l1241,True,True,True,True,False,False,False,False,False,False,False,False
lulesh-omp,main_l1310,True,True,True,False,False,False,True,False,False,False,False,False
lulesh-omp,main_l1351,True,True,True,True,False,False,True,False,False,False,False,False
lulesh-omp,main_l1459,True,True,True,True,False,False,True,False,False,False,False,False
lulesh-omp,main_l1645,True,True,True,True,False,False,False,True,False,False,False,False
lulesh-omp,main_l1679,True,True,True,True,False,False,True,False,False,False,False,True
lulesh-omp,main_l1697,True,True,True,True,True,False,True,True,False,False,False,False
lulesh-omp,main_l1708,True,True,True,False,False,False,False,False,False,False,False,False
lulesh-omp,main_l1731,True,True,True,True,False,False,False,False,False,False,False,False
mandelbrot-cuda,_Z6mandelPiPK16MandelParametersii,True,True,True,True,True,False,False,True,False,False,True,True
mandelbrot-omp,_ZN14MandelParallel8EvaluateEv_l182,True,True,False,True,True,False,False,True,False,False,False,True
marchingCubes-cuda,_Z10compactLv1fPKfPjS1_,True,True,False,False,False,False,False,True,False,False,True,True
marchingCubes-cuda,_Z10compactLv2fPKfPKjPjjS3_,True,True,False,False,False,False,False,False,False,False,False,True
marchingCubes-cuda,_Z16computeMinMaxLv1Pf,True,True,False,False,False,False,False,True,False,False,True,True
marchingCubes-cuda,_Z16computeMinMaxLv2PKjPf,True,True,False,False,False,False,False,True,False,False,False,True
marchingCubes-cuda,_Z19generatingTrianglesfPKjPKtPKiPK6uchar4PjS8_PyPfSA_SA_SA_,True,True,True,False,True,False,False,True,False,False,False,True
mask-cuda,_Z15lowerMaskKernelIiEviiiPKT_S0_PS0_,True,True,False,True,False,False,False,False,True,False,True,True
mask-cuda,_Z15upperMaskKernelIiEviiiPKT_S0_PS0_,True,False,False,True,False,False,False,False,True,False,False,True
mask-cuda,_Z16windowMaskKernelIiEviiiPKT_PKiiS0_PS0_,True,True,False,True,False,False,False,False,True,False,True,True
mask-cuda,_Z18sequenceMaskKernelIiEviiiPKT_PKiS0_PS0_,True,True,False,True,False,False,False,False,True,False,True,True
mask-cuda,_Z19upperDiagMaskKernelIiEviiiPKT_S0_PS0_,True,False,False,True,False,False,False,False,True,False,False,True
mask-omp,_Z15lowerMaskKernelIiEviiiPKT_S0_PS0__l113,True,True,False,True,False,False,False,False,True,False,False,True
mask-omp,_Z15upperMaskKernelIiEviiiPKT_S0_PS0__l87,True,True,False,True,False,False,False,False,True,False,True,True
mask-omp,_Z16windowMaskKernelIiEviiiPKT_PKiiS0_PS0__l55,True,True,False,True,False,False,False,False,True,False,True,True
mask-omp,_Z18sequenceMaskKernelIiEviiiPKT_PKiS0_PS0__l24,True,True,False,True,False,False,False,False,True,False,False,True
mask-omp,_Z19lowerDiagMaskKernelIiEviiiPKT_S0_PS0__l165,True,True,False,True,False,False,False,False,True,False,True,True
mask-omp,_Z19upperDiagMaskKernelIiEviiiPKT_S0_PS0__l139,True,True,False,True,False,False,False,False,True,False,True,True
matern-cuda,_Z13matern_kernelifPKfS0_S0_Pf,True,False,True,True,True,False,True,False,True,False,False,True
matern-omp,_Z14matern_kernel2ifPKfS0_S0_Pf_l53,True,True,True,True,True,True,True,False,True,False,False,False
matrix-rotate-cuda,_Z22rotate_matrix_parallelPfi,True,True,False,False,False,False,False,False,False,False,True,True
matrix-rotate-omp,_Z22rotate_matrix_parallelPfii_l13,True,False,False,False,False,False,False,False,False,False,False,True
matrixT-cuda,_Z13copySharedMemPfPKfii,True,True,False,True,False,False,False,True,False,False,True,True
matrixT-cuda,_Z14transposeNaivePfPKfii,True,False,False,True,False,False,False,False,False,False,True,True
matrixT-cuda,_Z18transposeCoalescedPfPKfii,False,False,False,True,False,False,False,True,False,False,True,True
matrixT-cuda,_Z22transposeCoarseGrainedPfPKfii,False,False,False,True,False,False,False,False,False,False,True,True
matrixT-cuda,_Z24transposeNoBankConflictsPfPKfii,True,False,False,True,False,False,False,False,False,False,True,True
matrixT-cuda,_Z4copyPfPKfii,False,False,False,True,False,False,False,False,False,False,True,True
maxFlops-cuda,_Z4Add1IfEvPT_iS0_,True,False,False,True,False,False,False,False,True,False,False,True
maxFlops-omp,_Z4Add1IfEvPT_iiS0__l78,True,False,False,True,False,False,False,False,True,False,False,True
maxpool3d-cuda,_Z9maxpool3dPKfPfiiiiiiiii,True,True,False,False,False,False,False,False,True,False,True,True
maxpool3d-omp,main_l59,True,False,False,False,False,False,True,False,True,False,False,True
md-omp,_Z2mdPK7double4PS_PKiiiddd_l23,True,True,True,True,False,False,False,False,True,False,False,True
md5hash-cuda,_Z14md5hash_kernelPiPhPjiiijjjj,True,True,False,True,False,False,False,True,True,False,False,True
md5hash-omp,_Z21FindKeyWithDigest_GPUPKjiiPiPhPj_l378,True,True,False,True,False,False,False,True,True,False,False,True
meanshift-cuda,_ZN10mean_shift3gpu10mean_shiftEPKfPf,True,True,True,False,False,False,True,False,False,True,True,True
meanshift-cuda,_ZN10mean_shift3gpu17mean_shift_tilingEPKfPf,True,True,True,False,False,False,True,False,False,True,True,True
meanshift-omp,_ZN10mean_shift3gpu10mean_shiftEPKfPfii_l12,True,True,True,False,True,False,True,False,False,True,True,True
meanshift-omp,_ZN10mean_shift3gpu17mean_shift_tilingEPKfPfii_l39,True,True,True,False,True,False,True,False,False,True,True,True
medianfilter-cuda,_Z8ckMedianPK6uchar4Pjiii,True,True,False,False,False,False,False,False,False,True,False,True
medianfilter-omp,_Z15MedianFilterGPUP6uchar4Pjii_l152,True,True,False,False,False,False,False,False,False,True,False,True
memtest-cuda,_Z11kernel_readPKcmmPjPmS2_S2_S2_,True,True,False,True,False,False,False,False,False,False,True,True
memtest-cuda,_Z12kernel0_readPKcmPjPmS2_S2_S2_,True,True,False,True,False,False,False,False,False,False,True,True
memtest-cuda,_Z12kernel1_readPKcmPjPmS2_S2_S2_,True,True,False,True,False,False,False,False,False,False,True,True
memtest-cuda,_Z12kernel_writePcmm,True,False,False,True,False,False,False,False,False,False,True,True
memtest-cuda,_Z13kernel0_writePcm,True,True,False,True,False,False,False,False,False,False,True,True
memtest-cuda,_Z13kernel1_writePcm,True,False,False,False,False,False,False,False,False,False,True,True
memtest-cuda,_Z17kernel_read_writePcmmmPjPmS1_S1_S1_,True,True,False,True,False,False,False,False,False,False,True,True
memtest-omp,_Z12kernel1_readPKcmPjPmS2_S2_S2__l120,True,True,False,True,False,False,False,False,False,False,False,True
memtest-omp,_Z13kernel0_writePcm_l10,True,True,False,True,False,False,False,False,False,False,True,True
memtest-omp,_Z13kernel1_writePcm_l104,False,False,False,False,False,False,False,False,False,False,True,True
memtest-omp,_Z17kernel_read_writePcmmmPjPmS1_S1_S1__l159,True,True,False,True,False,False,False,False,False,False,True,True
merge-cuda,_Z15mergeSinglePathIfLb0ELb0EEvPKT_jS2_jPKjPS0_j,True,True,False,True,False,False,False,True,False,False,True,True
merge-cuda,_Z15mergeSinglePathIjLb0ELb0EEvPKT_jS2_jPKjPS0_j,True,True,False,True,False,False,False,True,True,False,True,True
merge-cuda,_Z15mergeSinglePathImLb0ELb0EEvPKT_jS2_jPKjPS0_j,True,True,False,True,False,False,False,True,True,False,True,True
merge-cuda,_Z17workloadDiagonalsIfEvPKT_jS2_jPj,True,True,False,True,False,False,False,True,True,False,True,True
merge-cuda,_Z17workloadDiagonalsIjEvPKT_jS2_jPj,True,True,False,True,False,False,False,True,True,False,True,True
merge-cuda,_Z17workloadDiagonalsImEvPKT_jS2_jPj,True,True,False,False,False,False,False,False,True,False,True,True
merge-omp,_Z17workloadDiagonalsIjEviPKT_jS2_jPj_l68,True,True,False,True,False,False,False,False,True,False,True,True
merkle-cuda,_Z34MerklizeRescuePrimeApproach1Phase0mPKmPmPK6ulong4S4_S4_,True,False,False,False,False,False,False,True,True,False,False,False
metropolis-cuda,_Z12kernel_resetIfEvPT_iS0_,True,False,False,False,False,False,False,False,False,False,False,True
metropolis-cuda,_Z12kernel_resetIiEvPT_iS0_,True,False,False,False,False,False,False,False,False,False,False,True
metropolis-cuda,_Z16kernel_redenergyIfEvPKiiPT_S1_f,True,True,False,True,False,False,False,True,True,False,True,True
metropolis-cuda,_Z17kernel_metropolisiiPiPKiffPmS2_i,True,True,True,True,True,False,True,True,True,False,False,True
metropolis-cuda,_Z19kernel_gpupcg_setupPmS_imm,True,False,False,False,False,False,False,True,True,False,False,True
metropolis-cuda,_Z26kernel_reset_random_gpupcgPiiPmS0_,True,False,False,False,False,False,False,True,True,False,False,True
metropolis-omp,_Z12kernel_resetIiEvPT_iS0__l236,False,False,False,False,False,False,False,False,False,False,False,True
metropolis-omp,_Z16kernel_redenergyIfEvPKiiPT_S1_f_l32,True,False,False,True,False,False,False,False,False,False,False,False
metropolis-omp,_Z17kernel_metropolisiiPiPKiffPmS2_i_l57,True,True,False,True,True,False,True,True,True,False,False,True
metropolis-omp,_Z19kernel_gpupcg_setupPmS_imm_l137,True,False,False,True,False,False,False,True,False,False,False,True
michalewicz-cuda,_Z4evalPKfPfmi,True,True,True,False,False,False,True,True,True,False,False,True
michalewicz-omp,main_l73,True,True,True,True,False,False,True,True,True,False,False,True
miniFE-cuda,_ZN6miniFE10dot_kernelIdEEviPKT_S3_PS1_,True,False,False,False,False,False,False,False,False,False,False,False
miniFE-cuda,_ZN6miniFE11dyax_kernelINS_6VectorIdiiEEEEviNT_10ScalarTypeEPKS4_PS4_,True,False,False,False,False,False,False,False,False,False,False,True
miniFE-cuda,_ZN6miniFE11wxby_kernelINS_6VectorIdiiEEEEviPKNT_10ScalarTypeES4_S6_PS4_,True,False,False,False,False,False,False,False,False,False,False,False
miniFE-cuda,_ZN6miniFE11yxby_kernelINS_6VectorIdiiEEEEviPKNT_10ScalarTypeES4_PS4_,True,False,False,False,False,False,False,False,False,False,False,True
miniFE-cuda,_ZN6miniFE12final_reduceIdEEvPT_,False,False,False,False,False,False,False,False,False,False,False,False
miniFE-cuda,_ZN6miniFE13matvec_kernelINS_9CSRMatrixIdiiEEEEviPKNT_16LocalOrdinalTypeEPKNS3_17GlobalOrdinalTypeEPKNS3_10ScalarTypeESC_PSA_,True,True,False,False,False,False,False,False,False,False,False,False
miniFE-cuda,_ZN6miniFE9wx_kernelINS_6VectorIdiiEEEEviPKNT_10ScalarTypeEPS4_,True,False,False,False,False,False,False,False,False,False,False,True
miniFE-omp,_ZN6miniFE10matvec_stdINS_9CSRMatrixIdiiEENS_6VectorIdiiEEEclERS2_RS4_S7__l521,True,True,False,False,False,False,False,False,False,False,False,False
miniFE-omp,_ZN6miniFE6daxpbyINS_6VectorIdiiEEEEvdRKT_dRS3__l205,True,False,False,False,False,False,False,False,False,False,False,False
miniFE-omp,_ZN6miniFE6dot_r2INS_6VectorIdiiEEEENS_10TypeTraitsINT_10ScalarTypeEE14magnitude_typeERKS4__l292,True,False,False,False,False,False,False,False,False,False,False,False
miniFE-omp,_ZN6miniFE6waxpbyINS_6VectorIdiiEEEEvNT_10ScalarTypeERKS3_S4_S6_RS3__l157,False,False,False,False,False,False,False,False,False,False,False,False
miniFE-omp,_ZN6miniFE6waxpbyINS_6VectorIdiiEEEEvNT_10ScalarTypeERKS3_S4_S6_RS3__l169,True,False,False,False,False,False,False,False,False,False,False,False
miniWeather-omp,_Z10reductionsRdS__l760,True,False,True,True,True,False,True,False,False,False,False,False
miniWeather-omp,_Z17set_halo_values_xPd_l373,True,True,False,False,False,False,False,False,False,False,False,False
miniWeather-omp,_Z17set_halo_values_xPd_l395,True,True,False,False,False,False,False,False,False,False,False,False
miniWeather-omp,_Z18semi_discrete_stepPdS_S_diS_S__l230,True,False,True,False,False,False,False,False,False,False,False,False
miniWeather-omp,_Z20compute_tendencies_xPdS_S__l253,True,False,True,True,True,True,True,False,False,False,False,False
miniWeather-omp,_Z20compute_tendencies_xPdS_S__l284,True,False,True,True,True,False,True,False,False,False,False,False
miniWeather-omp,_Z20compute_tendencies_zPdS_S__l308,True,True,True,False,True,True,True,False,False,False,False,False
miniWeather-omp,_Z20compute_tendencies_zPdS_S__l344,True,True,True,True,True,True,True,False,False,False,False,False
minimod-cuda,_Z20target_pml_3d_kernelxxxiiixxxxxxxxxffffffffffffffffPKfPfS0_S1_S0_,True,True,True,False,True,False,False,False,False,False,False,True
minimod-cuda,_Z22target_inner_3d_kernelxxxiiixxxxxxxxxffffffffffffffffPKfPfS0_S0_S0_,True,True,False,False,False,False,False,False,False,False,False,True
minimod-cuda,_Z24kernel_add_source_kernelPfxf,False,False,False,False,False,False,False,False,False,False,True,True
minisweep-cuda,_Z10wavefrontsiiiii10Dimensions11StepInfoAllPdS1_S1_S1_S1_S1_S1_S1_,True,True,True,True,True,True,False,True,False,False,False,True
minisweep-cuda,_Z11init_facexyiiiiiiiiPd,True,True,False,True,False,False,False,True,False,False,False,True
minisweep-cuda,_Z11init_facexziiiiiiiii11StepInfoAllPd,True,True,True,True,False,False,False,True,False,False,True,True
minisweep-cuda,_Z11init_faceyziiiiiiiii11StepInfoAllPd,True,True,True,True,False,False,False,True,False,False,False,False
minisweep-omp,main_l281,True,True,True,True,True,True,False,True,False,False,False,False
minisweep-omp,main_l347,True,True,True,True,True,True,False,True,False,False,False,False
minisweep-omp,main_l382,True,True,True,True,True,True,False,True,False,False,False,False
minkowski-cuda,_Z9minkowskiILi512ELi1024ELi2048EEvPKfS1_Pfff,True,True,False,False,False,False,True,False,True,False,True,True
minkowski-omp,main_l73,True,False,False,False,False,False,True,False,True,False,False,True
mis-cuda,_Z4initiiPKiPh,True,True,True,False,False,True,False,True,False,True,True,True
mis-cuda,_Z8findminsiPKiS0_PVh,True,True,False,False,False,False,False,False,False,True,True,True
mis-omp,_Z10computeMISiiiPKiS0_PVh_l90,True,True,True,False,False,False,False,True,False,True,True,True
mixbench-cuda,_Z14benchmark_funcPfi,True,False,False,True,False,False,False,False,False,False,True,True
mixbench-omp,_Z14benchmark_funcPfiii_l20,True,False,False,True,False,False,False,False,False,False,True,True
moe-align-cuda,_Z46moe_align_block_size_small_batch_expert_kernelIiLi256EEvPKT_PiS3_S3_S3_iiiii,True,True,False,False,False,False,False,True,True,False,True,False
moe-cuda,_Z10moeSoftmaxILi256EEvPKfPKbPfi,True,True,True,False,True,False,True,True,False,False,True,True
moe-cuda,_Z7moeTopKILi256EEvPKfPKbPfPiS5_iiii,True,True,False,False,False,False,False,True,False,False,True,True
moe-sum-cuda,_Z14moe_sum_kernelIfLi2EEvPT_PKS0_i,True,False,False,False,False,False,False,False,True,False,True,True
moe-sum-cuda,_Z14moe_sum_kernelIfLi3EEvPT_PKS0_i,True,False,False,False,False,False,False,False,True,False,True,True
moe-sum-cuda,_Z14moe_sum_kernelIfLi4EEvPT_PKS0_i,True,False,False,False,False,False,False,False,True,False,True,True
moe-sum-cuda,_Z19moe_sum_kernel_vec4ILi2EEvPfPKfi,True,False,False,False,False,False,False,False,True,False,True,True
moe-sum-cuda,_Z19moe_sum_kernel_vec4ILi3EEvPfPKfi,True,False,False,False,False,False,False,False,True,False,True,True
morphology-cuda,_Z10vhgw_horizIL11MorphOpType0EEvPhPKhiii,True,True,False,False,False,False,False,True,False,False,False,True
morphology-cuda,_Z10vhgw_horizIL11MorphOpType1EEvPhPKhiii,True,True,False,False,False,False,False,True,False,False,False,True
morphology-cuda,_Z9vhgw_vertIL11MorphOpType0EEvPhPKhiii,True,False,False,False,False,False,False,True,False,False,False,False
morphology-cuda,_Z9vhgw_vertIL11MorphOpType1EEvPhPKhiii,True,True,False,False,False,False,False,True,False,False,True,True
morphology-omp,_Z10morphologyIL11MorphOpType0EEdPhS1_iiii_l127,True,True,False,True,False,False,False,True,False,False,True,True
morphology-omp,_Z10morphologyIL11MorphOpType0EEdPhS1_iiii_l94,True,True,False,False,False,False,False,True,False,False,True,True
morphology-omp,_Z10morphologyIL11MorphOpType1EEdPhS1_iiii_l94,True,True,False,True,False,False,False,True,False,False,True,True
mrc-cuda,_Z11MRCGradientiPKiPKfS2_S2_fPfS3_,True,True,False,False,False,False,False,False,True,False,True,True
mrc-cuda,_Z12MRCGradient2iPKiPKfS2_S2_fPfS3_,True,True,False,False,False,False,False,False,True,False,True,True
mrc-omp,_Z11MRCGradientiPKiPKfS2_S2_fPfS3__l12,True,True,False,False,False,False,False,False,True,False,False,True
multimaterial-cuda,_Z11ccc_loop1_2PKdS0_S0_PdPKiiS3_S3_ii,True,True,True,False,False,False,False,False,True,False,False,True
multimaterial-cuda,_Z11ccc_loop2_2PKiPKdS2_S2_S2_PdPii,True,True,True,False,False,False,False,False,True,False,False,True
multimaterial-cuda,_Z9ccc_loop1PKiS0_PKdS2_S2_S2_PdiiPi,True,True,True,True,False,False,False,False,True,False,True,True
multimaterial-cuda,_Z9ccc_loop2PKiS0_S0_PKdS2_S2_S2_S2_S2_PdS3_iiPi,True,True,True,True,False,False,False,False,True,False,True,True
multimaterial-omp,_Z20compact_cell_centric9full_data12compact_dataiPPc_l112,True,True,True,True,True,True,False,False,False,False,False,True
multimaterial-omp,_Z20compact_cell_centric9full_data12compact_dataiPPc_l165,True,True,True,True,True,True,False,False,True,False,False,False
multimaterial-omp,_Z20compact_cell_centric9full_data12compact_dataiPPc_l199,True,True,True,True,True,True,False,False,True,False,False,False
multimaterial-omp,_Z20compact_cell_centric9full_data12compact_dataiPPc_l212,True,True,True,True,True,False,False,False,True,False,False,False
multinomial-cuda,_Z21sampleMultinomialOnceIffEvPiiiPKT_S3_ii,True,True,True,True,False,False,False,True,True,False,True,True
murmurhash3-cuda,_Z26MurmurHash3_x64_128_kernelPKhPKjS2_Pmj,True,True,False,True,False,False,False,True,True,False,False,True
murmurhash3-omp,main_l185,True,True,False,True,False,False,False,True,True,False,False,True
mxfp4-cuda,_Z16qdq_mxfp4_kernelI6__halfLj5ELj10ELj15ELt256ELt64512EEvPKT_PS1_,True,True,True,True,False,False,True,True,True,False,True,True
myocyte-cuda,_Z6kerneliPfS_S_S_,True,True,True,False,True,False,True,True,False,True,True,True
myocyte-omp,_Z6masterfPfS_S_S_PdS0_S0__l54,True,True,True,True,True,True,True,True,False,True,False,False
nbnxm-cuda,_Z15nbnxmKernelTestPK6float4PN3gmx11BasicVectorIfEES5_S5_P11nbnxn_cj4_tPK9nbnxn_sciPK12nbnxn_excl_tPKiPK6float2ifffb,True,True,True,True,True,True,True,True,False,False,True,True
nbody-cuda,_Z16update_particlesP8ParticlePfif,True,False,False,False,False,False,False,False,True,False,True,True
nbody-cuda,_Z17accumulate_energyPfi,True,True,False,False,False,False,False,False,False,False,True,True
nbody-cuda,_Z20accelerate_particlesP8Particleiff,True,True,False,False,True,False,True,False,True,False,True,True
nbody-omp,_ZN11GSimulation5StartEv_l115,True,False,True,False,True,False,True,False,True,False,False,True
nbody-omp,_ZN11GSimulation5StartEv_l169,True,False,False,False,True,True,True,False,True,False,False,True
ne-cuda,_Z2nePK6float3P6float4iii,True,True,False,False,False,False,True,True,True,False,True,True
ne-omp,main_l126,True,True,True,False,False,False,True,True,True,False,False,True
nlll-cuda,_Z32nll_loss_forward_reduce2d_kernelI6__halfS0_iLi128EEvPT_S2_PKS1_PKT1_S4_blll,True,True,True,False,False,False,False,False,True,False,True,True
nlll-cuda,_Z32nll_loss_forward_reduce2d_kernelI6__halfS0_iLi256EEvPT_S2_PKS1_PKT1_S4_blll,True,True,True,False,False,False,False,False,True,False,True,True
nlll-cuda,_Z32nll_loss_forward_reduce2d_kernelI6__halfS0_iLi512EEvPT_S2_PKS1_PKT1_S4_blll,True,True,True,False,False,False,False,False,True,False,True,True
nlll-cuda,_Z32nll_loss_forward_reduce2d_kernelI6__halfS0_iLi64EEvPT_S2_PKS1_PKT1_S4_blll,True,True,True,False,False,False,False,False,True,False,True,True
nlll-cuda,_Z32nll_loss_forward_reduce2d_kernelIffiLi1024EEvPT_S1_PKS0_PKT1_S3_blll,True,True,True,False,False,False,False,False,True,False,True,True
nlll-cuda,_Z32nll_loss_forward_reduce2d_kernelIffiLi128EEvPT_S1_PKS0_PKT1_S3_blll,True,True,True,False,False,False,False,False,True,False,True,True
nlll-cuda,_Z32nll_loss_forward_reduce2d_kernelIffiLi256EEvPT_S1_PKS0_PKT1_S3_blll,True,True,True,False,False,False,False,False,True,False,True,True
nlll-cuda,_Z32nll_loss_forward_reduce2d_kernelIffiLi512EEvPT_S1_PKS0_PKT1_S3_blll,True,True,True,False,False,False,False,False,True,False,True,True
nlll-cuda,_Z32nll_loss_forward_reduce2d_kernelIffiLi64EEvPT_S1_PKS0_PKT1_S3_blll,True,True,True,False,False,False,False,False,True,False,True,True
nlll-omp,_Z32nll_loss_forward_reduce2d_kernelIffiLi1024EEvPT_S1_PKS0_PKT1_S3_blll_l22,True,True,True,False,False,False,False,False,True,False,True,True
nlll-omp,_Z32nll_loss_forward_reduce2d_kernelIffiLi128EEvPT_S1_PKS0_PKT1_S3_blll_l22,True,True,True,False,False,False,False,False,True,False,True,True
nlll-omp,_Z32nll_loss_forward_reduce2d_kernelIffiLi256EEvPT_S1_PKS0_PKT1_S3_blll_l22,True,True,True,False,False,False,False,False,True,False,True,True
nlll-omp,_Z32nll_loss_forward_reduce2d_kernelIffiLi512EEvPT_S1_PKS0_PKT1_S3_blll_l22,True,True,True,False,False,False,False,False,True,False,True,True
nlll-omp,_Z32nll_loss_forward_reduce2d_kernelIffiLi64EEvPT_S1_PKS0_PKT1_S3_blll_l22,True,True,True,False,False,False,False,False,True,False,True,True
nms-cuda,_Z17reduce_nms_bitmapPhS_i,True,False,False,True,False,False,False,True,False,True,False,False
nms-cuda,_Z19generate_nms_bitmapPK6float4Phf,True,True,True,True,True,False,True,False,False,True,False,False
nms-omp,main_l168,True,True,True,False,True,False,True,False,False,True,False,False
nms-omp,main_l192,True,True,True,False,True,False,True,False,False,True,False,False
nn-cuda,_Z2nniffPK7latLongPf,True,True,False,False,False,False,True,False,False,True,False,True
nn-omp,_Z20FindNearestNeighborsiRSt6vectorI7latLongSaIS0_EEffPfii_l69,False,False,False,False,False,False,True,False,False,True,False,False
nonzero-cuda,_Z13write_indicesIlEvPl10TensorDimsIT_EiS2_,True,True,False,True,False,False,False,False,True,False,False,True
norm2-omp,main_l51,True,False,False,False,False,False,False,False,False,False,False,True
ntt-cuda,_Z17intt_3_64k_modcrtPjPKm,True,True,False,True,False,False,False,True,True,False,True,True
ntt-omp,_Z17intt_3_64k_modcrtjPjPKm_l16,True,True,False,True,False,False,False,True,True,False,True,True
nw-cuda,_Z7kernel1PiPKiiiiii,True,True,False,True,False,False,False,True,True,False,True,True
nw-cuda,_Z7kernel2PiPKiiiiiii,True,True,False,True,False,False,False,True,True,False,True,True
nw-omp,main_l169,True,True,False,True,False,False,False,True,True,False,False,True
nw-omp,main_l238,True,True,False,True,False,False,False,True,True,False,False,True
openmp-cuda,_Z11addConstantPiii,True,False,False,False,False,False,False,False,False,False,False,True
openmp-omp,main_l75,True,False,False,False,False,False,False,False,False,False,False,True
overlap-cuda,_Z9incKernelPiPKiii,True,True,False,False,False,False,False,False,False,False,True,True
overlay-cuda,_Z19DetectionOverlayBoxI6float3EvPKT_PS1_iiiiii6float4,True,True,True,False,False,False,False,False,True,False,False,True
overlay-omp,_Z19DetectionOverlayBoxI6float3EvPKT_PS1_iiiiii6float4_l38,True,True,True,False,True,True,False,False,True,False,False,True
p4-cuda,_Z11postprocessPKfPfS0_S0_S0_S1_S1_Piffffiiiiiff,True,True,True,False,False,False,True,False,True,False,True,True
p4-omp,main_l203,True,True,True,False,True,True,True,False,True,False,True,True
pad-cuda,_Z14Padding_kerneliiiifPdPKdPi,True,True,True,True,False,False,False,True,False,False,True,True
page-rank-cuda,_Z3mapPKiPKfPfPKji,True,False,True,True,False,False,False,False,True,False,True,True
page-rank-cuda,_Z6reducePfPKfiS_,True,True,True,True,False,False,True,False,True,False,True,True
page-rank-omp,main_l174,True,False,True,True,False,False,False,False,True,False,False,False
particle-diffusion-cuda,_Z10SimulationPfS_PKfS1_Pmmjif,True,True,True,False,False,False,True,False,True,False,False,True
particle-diffusion-omp,_Z13motion_devicePfS_S_S_PPimmifPmi_l96,True,True,True,False,False,False,True,False,True,False,False,True
particlefilter-cuda,_Z10kernel_sumPfi,True,False,False,True,False,False,False,False,False,False,False,True
particlefilter-cuda,_Z17kernel_find_indexPKfS0_S0_S0_PfS1_i,True,True,False,False,False,False,False,False,True,False,False,True
particlefilter-cuda,_Z17kernel_likelihoodPfS_PKfS1_PiPKiS_PKhS_S2_S_iiiiii,True,True,True,True,True,False,True,False,True,False,False,True
particlefilter-cuda,_Z24kernel_normalize_weightsPfPKfS_S_Pii,True,True,True,True,False,False,True,False,False,False,False,True
particlefilter-omp,_Z14particleFilterPhiiiPii_l403,True,True,True,True,True,True,True,False,True,False,False,True
particlefilter-omp,_Z14particleFilterPhiiiPii_l496,True,True,True,False,False,False,True,False,True,False,False,True
particlefilter-omp,_Z14particleFilterPhiiiPii_l562,True,True,True,True,True,True,True,False,False,False,False,True
particles-cuda,_Z16integrateSystemKP6float4S0_11simParams_tfj,True,True,False,False,False,False,False,True,False,False,True,True
particles-cuda,_Z17bitonicMergeLocalPjS_PKjS1_jjjj,True,True,False,True,False,False,False,True,False,False,False,True
particles-cuda,_Z17bitonicSortLocal1PjS_PKjS1_,True,True,False,True,False,False,False,True,False,False,False,True
particles-cuda,_Z18bitonicMergeGlobalPjS_PKjS1_jjjj,True,True,False,True,False,False,False,True,False,False,False,False
particles-cuda,_Z25findCellBoundsAndReorderKPjS_P6float4S1_PKjS3_PKS0_S5_j,True,True,False,False,False,False,False,False,False,False,True,True
particles-cuda,_Z7memSetKPjjj,True,False,False,False,False,False,False,False,False,False,True,True
particles-cuda,_Z8collideKP6float4PKS_S2_PKjS4_S4_11simParams_tj,True,True,True,True,False,False,True,True,True,False,False,True
particles-cuda,_Z9calcHashKPjS_PK6float411simParams_tj,True,True,False,True,False,False,True,True,False,False,False,True
particles-omp,_Z15integrateSystemP6float4S0_RK11simParams_tfj_l37,True,True,False,False,False,False,False,False,True,False,False,True
particles-omp,_Z17bitonicMergeLocalPjS_PKjS1_jjjjjj_l236,True,True,False,True,False,False,False,True,False,False,False,False
particles-omp,_Z17bitonicSortLocal1PjS_PKjS1_jj_l122,True,True,False,True,False,False,False,True,False,False,False,False
particles-omp,_Z18bitonicMergeGlobalPjS_PKjS1_jjjjjj_l191,True,True,False,True,False,False,False,True,False,False,False,False
particles-omp,_Z24findCellBoundsAndReorderPjS_P6float4S1_S_S_S1_S1_jj_l140,True,True,False,False,False,False,False,False,False,False,False,True
particles-omp,_Z7collideP6float4S0_S0_PjS1_S1_RK11simParams_tjj_l206,True,True,True,False,True,False,True,True,False,False,False,True
pathfinder-cuda,_Z10pathfinderPKiS0_PiS1_iiiii,True,True,False,True,False,False,False,False,True,False,True,True
pathfinder-omp,main_l135,True,True,False,True,False,False,False,False,True,False,True,True
permute-omp,_Z7permutePfPKfiiiii_l37,False,False,False,False,False,False,False,False,True,False,False,True
perplexity-cuda,_Z13sigmas_kernelIifEvPKT0_PS0_ffifT_i,True,True,True,False,False,False,True,False,True,False,True,True
perplexity-omp,_Z17perplexity_searchIifEvPKT0_PS0_fifT_iRd_l41,True,True,True,False,False,False,True,False,True,False,False,True
phmm-cuda,_Z16pair_HMM_forwardiiPA41_A4_A2_KdPA4_A2_A3_S_S3_PA2_S1_PS0_PA41_A4_A2_d,True,True,False,True,False,False,False,False,True,False,True,True
phmm-omp,_Z16pair_HMM_forwardiiiiPA41_A4_A2_KdPA4_A2_A3_S_S3_PA2_S1_PS0_PA41_A4_A2_d_l20,True,True,False,True,False,False,False,False,True,False,True,True
pitch-cuda,_Z22parallelSimple2DAccessPfii,True,True,True,False,False,False,True,True,False,False,False,True
pitch-cuda,_Z22parallelSimple3DAccessPfiii,True,True,True,False,False,False,True,True,False,False,False,True
pitch-cuda,_Z23parallelPitched2DAccessPfmii,True,True,True,False,False,False,True,True,False,False,False,True
pitch-cuda,_Z23parallelPitched3DAccess14cudaPitchedPtriii,True,True,False,False,False,False,True,True,False,False,False,True
pnpoly-cuda,_Z11pnpoly_basePiPK6float2S2_i,True,True,True,True,False,False,False,False,True,False,True,True
pns-cuda,_Z14PetrinetKernelPiPfS_iii,True,True,True,True,False,False,False,True,False,False,False,True
pointwise-cuda,_Z11elementwiseiiPKfS0_S0_PfS1_S1_S0_S1_,True,False,True,False,False,False,True,False,True,False,False,True
pointwise-cuda,_Z4initPfi,True,False,False,False,False,False,False,True,False,False,False,True
pointwise-omp,_Z11elementwiseiiPKfS0_S0_PfS1_S1_S0_S1__l53,True,False,True,False,False,False,True,False,True,False,False,True
pointwise-omp,_Z4initPfi_l94,True,False,True,False,False,False,False,True,False,False,False,True
pool-cuda,_Z16KernelPool2DGradI11AvgPoolGradIfEfLi11ELi11ELi4ELi4ELi1ELi1ELb1EEviPKT0_S4_S4_iiiiiT_PS2_b,True,True,True,True,False,False,False,True,True,False,True,True
pool-omp,_Z16KernelPool2DGradI11AvgPoolGradIfEfEviPKT0_S4_S4_iiiiiiiiiiiT_bPS2_b_l51,True,True,True,True,True,True,False,True,True,False,False,True
popcount-cuda,_Z3pc1PKmPii,True,True,False,True,False,False,False,False,True,False,True,True
popcount-cuda,_Z3pc2PKmPii,True,False,False,True,False,False,False,False,True,False,True,True
popcount-cuda,_Z3pc3PKmPii,True,True,False,False,False,False,False,False,True,False,True,True
popcount-cuda,_Z3pc4PKmPii,True,False,False,False,False,False,False,False,True,False,True,True
popcount-cuda,_Z3pc5PKmPii,True,False,False,False,False,False,False,False,True,False,True,True
popcount-cuda,_Z3pc6PKmPii,True,False,False,False,False,False,False,False,True,False,True,True
popcount-omp,main_l109,False,False,False,True,False,False,False,False,True,False,False,True
popcount-omp,main_l127,False,False,False,True,False,False,False,False,True,False,False,True
popcount-omp,main_l68,False,False,False,True,False,False,False,False,True,False,False,True
popcount-omp,main_l90,False,False,False,True,False,False,False,False,True,False,False,True
prefetch-cuda,_Z3addiPKfPf,True,True,False,False,False,False,False,False,False,False,False,True
present-cuda,_Z7presentiiPKhS0_PhS0_S0_S0_S0_S0_,True,True,False,False,False,False,False,False,True,False,False,True
present-omp,main_l360,True,False,False,False,False,False,False,False,True,False,False,True
projectile-cuda,_Z14CalculateRangePK10ProjectilePS_,True,False,True,False,True,False,True,True,True,False,True,True
projectile-omp,_Z11GpuParallelRSt6vectorI10ProjectileSaIS0_EES3_i_l30,False,False,True,False,False,False,True,False,True,False,False,True
pso-cuda,_Z17kernelUpdatePBestPKfPfS1_i,True,True,False,True,True,False,True,True,True,False,True,True
pso-cuda,_Z20kernelUpdateParticlePfS_PKfS1_iff,True,True,False,True,False,False,False,False,True,False,False,True
pso-omp,_Z20kernelUpdateParticlePfS_PKfS1_iff_l31,False,False,False,False,False,False,False,False,True,False,False,True
qem-cuda,_Z13QuarticSolveriPKfS0_S0_S0_S0_S0_S0_S0_PfS1_S1_S1_S1_S1_S1_,True,True,True,False,True,False,True,False,True,False,False,True
qem-cuda,_Z5QRdeliPKfS0_S0_S0_PfS1_S1_S1_S1_S1_S1_S1_,True,False,True,False,True,False,False,False,True,False,False,True
qrg-cuda,_Z4icndPfjj,True,True,True,True,True,False,True,True,False,False,True,True
qrg-cuda,_Z4qrngPfPKjjj,True,True,False,True,False,False,False,False,False,False,True,True
qrg-omp,main_l154,True,True,False,True,False,False,True,False,False,False,False,True
qtclustering-cuda,_Z10QTC_devicePfPcS0_PiS1_S1_S_S1_iiifiii,True,True,False,True,True,False,False,True,True,False,False,True
qtclustering-cuda,_Z15compute_degreesPiS_ii,True,True,False,True,False,False,False,False,False,False,False,False
qtclustering-cuda,_Z18reduce_card_devicePii,True,True,False,False,False,False,False,False,False,False,False,True
qtclustering-cuda,_Z26update_clustered_pnts_maskPcS_i,True,True,False,False,False,False,False,False,False,False,False,False
qtclustering-cuda,_Z30trim_ungrouped_pnts_indr_arrayiPiPfS_PcS1_S_S_S0_S_iiif,True,True,False,True,False,False,False,True,False,False,False,False
qtclustering-omp,_Z3QTCRKNSt7__cxx1112basic_stringIcSt11char_traitsIcESaIcEEER12OptionParseri_l267,True,True,False,True,True,False,False,True,False,False,False,False
qtclustering-omp,_Z3QTCRKNSt7__cxx1112basic_stringIcSt11char_traitsIcESaIcEEER12OptionParseri_l281,True,True,False,True,True,False,False,True,False,False,False,False
qtclustering-omp,_Z3QTCRKNSt7__cxx1112basic_stringIcSt11char_traitsIcESaIcEEER12OptionParseri_l364,True,True,False,True,False,False,False,True,False,False,False,False
qtclustering-omp,_Z3QTCRKNSt7__cxx1112basic_stringIcSt11char_traitsIcESaIcEEER12OptionParseri_l423,True,True,False,True,False,False,False,True,False,False,False,False
qtclustering-omp,_Z3QTCRKNSt7__cxx1112basic_stringIcSt11char_traitsIcESaIcEEER12OptionParseri_l460,True,True,False,True,True,False,False,True,False,False,False,False
qtclustering-omp,_Z3QTCRKNSt7__cxx1112basic_stringIcSt11char_traitsIcESaIcEEER12OptionParseri_l549,True,True,False,True,False,False,False,True,False,False,False,False
quant3MatMul-cuda,_Z21VecQuant3MatMulKernelIfEvPKT_PKiPS0_S2_S2_ii,True,False,False,False,False,False,False,True,False,False,True,True
quant3MatMul-cuda,_Z27VecQuant3MatMulKernelFasterPK7__half2PKiPfPKfS6_ii,True,False,False,False,False,False,False,True,False,False,True,True
quantAQLM-cuda,_Z14Code1x16MatVecPK4int4S1_PS_S1_iiS_i,True,True,False,False,False,False,False,False,False,False,False,False
quantBnB-cuda,_Z9kQuantizeILi256ELi256EEvPKfS1_Phi,True,True,True,True,True,False,False,True,False,False,False,True
quantBnB-omp,main_l119,True,True,False,False,False,False,False,True,True,False,True,True
quantVLLM-cuda,_Z31static_scaled_int8_quant_kernelI13__nv_bfloat16fEvPKT_PaT0_i,True,False,True,False,False,False,True,True,True,False,True,True
quantVLLM-cuda,_Z31static_scaled_int8_quant_kernelI6__halffEvPKT_PaT0_i,True,False,True,False,False,False,True,True,True,False,True,True
quantVLLM-cuda,_Z32dynamic_scaled_int8_quant_kernelI13__nv_bfloat16fEvPKT_PaPT0_i,True,True,True,False,False,True,True,True,True,False,True,True
quantVLLM-cuda,_Z32dynamic_scaled_int8_quant_kernelI6__halffEvPKT_PaPT0_i,True,True,True,False,False,False,True,True,True,False,True,True
quantVLLM-cuda,_Z35static_scaled_int8_azp_quant_kernelI13__nv_bfloat16fiEvPKT_PaT0_T1_i,True,True,True,False,False,False,True,True,True,False,False,False
quantVLLM-cuda,_Z35static_scaled_int8_azp_quant_kernelI6__halffiEvPKT_PaT0_T1_i,True,True,True,False,False,False,True,True,True,False,False,True
quantVLLM-cuda,_Z36dynamic_scaled_int8_azp_quant_kernelI13__nv_bfloat16fiEvPKT_PaPT0_PT1_i,True,True,True,False,False,False,True,True,True,False,False,False
quantVLLM-cuda,_Z36dynamic_scaled_int8_azp_quant_kernelI6__halffiEvPKT_PaPT0_PT1_i,True,True,True,False,False,False,True,True,True,False,True,True
quicksort-cuda,_Z13gqsort_kernelIdEvPT_S1_P12block_recordIS0_EP13parent_recordP11work_recordIS0_E,True,True,False,True,False,False,False,True,False,False,False,True
quicksort-cuda,_Z13gqsort_kernelIfEvPT_S1_P12block_recordIS0_EP13parent_recordP11work_recordIS0_E,True,True,False,True,False,False,False,True,True,False,False,False
quicksort-cuda,_Z13gqsort_kernelIjEvPT_S1_P12block_recordIS0_EP13parent_recordP11work_recordIS0_E,True,True,False,True,False,False,False,True,False,False,False,True
quicksort-cuda,_Z13lqsort_kernelIfEvPT_S1_P11work_recordIS0_E,True,True,False,True,False,False,False,False,True,False,False,False
quicksort-cuda,_Z13lqsort_kernelIjEvPT_S1_P11work_recordIS0_E,True,True,False,True,False,False,False,True,False,False,False,False
quicksort-omp,_Z8GPUQSortIdEvmPT_S1__l1,True,True,False,True,False,False,False,True,True,False,False,False
quicksort-omp,_Z8GPUQSortIfEvmPT_S1__l1,True,True,False,True,False,False,False,True,True,False,False,True
quicksort-omp,_Z8GPUQSortIjEvmPT_S1__l1,True,True,False,True,False,False,False,True,True,False,False,False
radixsort-cuda,_Z14uniformUpdateKPjS_,True,False,False,False,False,False,False,True,False,False,False,False
radixsort-cuda,_Z17findRadixOffsetsKPKjPjS1_jj,True,True,False,False,False,False,False,False,False,False,True,True
radixsort-cuda,_Z20radixSortBlocksKeysKPKjPjjj,True,True,False,True,False,False,False,True,False,False,False,True
radixsort-cuda,_Z20reorderDataKeysOnlyKPjPKjS_S1_jjj,True,True,False,False,False,False,False,False,False,False,False,True
radixsort-cuda,_Z20scanExclusiveLocal1KPjPKjj,False,False,False,False,False,False,False,True,False,False,False,True
radixsort-cuda,_Z20scanExclusiveLocal2KPjS_PKjjj,True,True,False,False,False,False,False,True,False,False,False,True
radixsort-omp,_Z13uniformUpdatePjS_j_l82,True,True,False,False,False,False,False,True,False,False,False,True
radixsort-omp,_Z19reorderDataKeysOnlyPjS_S_S_S_jj_l173,True,True,False,False,False,False,False,True,True,False,False,True
radixsort-omp,_Z19scanExclusiveLocal1PjS_jj_l26,True,True,False,False,False,False,False,True,True,False,False,False
radixsort-omp,_Z19scanExclusiveLocal2PjS_S_jj_l57,True,True,False,False,False,False,False,True,True,False,False,False
radixsort-omp,_Z23radixSortBlocksKeysOnlyPjS_jjj_l31,True,True,False,False,False,False,False,True,True,False,False,True
rainflow-cuda,_Z14rainflow_countPKdPKiPdPiP7double3S4_i,True,True,False,False,False,False,True,True,False,False,False,True
rainflow-omp,main_l180,True,True,False,False,True,False,True,True,True,False,False,True
randomAccess-cuda,_Z9initTablePyy,True,False,False,True,False,False,False,False,False,False,True,True
randomAccess-omp,main_l101,True,True,False,True,False,False,False,True,False,False,True,True
reaction-cuda,_Z19construct_laplacianPfPKfS1_S1_jf,True,False,False,False,False,False,False,False,True,False,True,True
reaction-cuda,_Z19reaction_gray_scottPKfS0_PfS1_jff,True,False,False,False,False,False,False,False,True,False,True,True
reaction-cuda,_Z22derivative_x2_zerofluxPKfPfjj,True,True,False,False,False,False,False,False,True,False,True,True
reaction-cuda,_Z22derivative_y2_zerofluxPKfPfjjj,True,True,False,False,False,False,False,False,True,False,True,True
reaction-cuda,_Z22derivative_z2_zerofluxPKfPfjjjj,True,True,False,False,False,False,False,False,True,False,False,True
reaction-cuda,_Z6updatePfS_PKfS1_S1_S1_jf,False,False,False,False,False,False,False,False,True,False,False,False
reaction-omp,_Z19construct_laplacianPfPKfS1_S1_jf_l302,False,False,False,False,False,False,False,False,True,False,False,True
reaction-omp,_Z22derivative_x2_zerofluxPKfPfjjjj_l79,True,True,False,False,False,False,False,False,True,False,False,False
reaction-omp,_Z22derivative_z2_zerofluxPKfPfjjjj_l259,True,True,False,False,False,False,False,False,True,False,False,False
reaction-omp,_Z6updatePfS_PKfS1_S1_S1_jf_l328,False,False,False,False,False,False,False,False,True,False,False,True
recursiveGaussian-cuda,_Z13RecursiveRGBAPKjPjmmffffffff,True,False,False,True,False,False,False,True,False,True,False,False
recursiveGaussian-cuda,_Z9TransposePKjPjmm,True,False,False,False,False,False,False,False,False,True,False,False
recursiveGaussian-omp,_Z13RecursiveRGBAPKjPjmmffffffff_l194,True,False,False,True,False,False,False,True,False,True,False,False
relu-cuda,_Z14ReluGrad_impl1PK6__halfS1_PS_i,True,True,False,False,False,False,False,False,True,False,False,True
relu-cuda,_Z14ReluGrad_impl2PK6__halfS1_PS_i,True,True,False,False,False,False,False,False,True,False,False,True
resize-cuda,_Z15resize_bilinearIhLm8EEvPT_miiPKS0_iiffb,True,True,False,False,True,False,True,False,False,False,True,True
resize-cuda,_Z15resize_bilinearItLm8EEvPT_miiPKS0_iiffb,True,True,False,False,True,False,True,False,False,False,True,True
resize-cuda,_Z6resizeIhLm8EEvPT_miiPKS0_iiffbb,True,True,True,False,False,False,True,False,False,False,True,True
resize-cuda,_Z6resizeIjLm8EEvPT_miiPKS0_iiffbb,True,True,False,False,False,False,True,False,False,False,True,True
resize-cuda,_Z6resizeItLm8EEvPT_miiPKS0_iiffbb,True,True,False,False,False,False,True,False,False,False,True,True
resize-omp,_Z15resize_bilinearIhLm8EEvPT_miiPKS0_iiffb_l65,True,False,False,False,True,False,True,False,False,False,True,True
resize-omp,_Z15resize_bilinearItLm8EEvPT_miiPKS0_iiffb_l65,True,False,False,False,True,True,True,False,False,False,True,True
resize-omp,_Z6resizeIhLm8EEvPT_miiPKS0_iiffbb_l18,True,False,False,True,False,False,True,False,False,False,True,True
resize-omp,_Z6resizeIjLm8EEvPT_miiPKS0_iiffbb_l18,True,False,True,True,False,False,True,False,False,False,False,True
resize-omp,_Z6resizeItLm8EEvPT_miiPKS0_iiffbb_l18,True,False,False,False,True,False,True,False,False,False,True,True
reverse-cuda,_Z7reversePii,False,False,False,False,False,False,False,False,False,False,True,True
reverse-omp,main_l52,False,False,False,False,False,False,False,False,True,False,True,True
reverse2D-cuda,_Z13reverseKernelIhLi16EEvPT_PKS0_iibbi,True,True,False,False,False,False,False,False,True,False,False,False
reverse2D-cuda,_Z13reverseKernelIjLi4EEvPT_PKS0_iibbi,True,True,False,False,False,False,False,False,True,False,False,False
reverse2D-cuda,_Z13reverseKernelImLi2EEvPT_PKS0_iibbi,True,False,False,False,False,False,False,False,True,False,False,False
reverse2D-cuda,_Z13reverseKernelItLi8EEvPT_PKS0_iibbi,True,False,False,False,False,False,False,False,True,False,False,False
rfs-cuda,_Z8sumArrayfiPKfPf,True,False,False,False,False,False,False,True,True,False,True,True
rfs-omp,_Z8sumArrayfiPKfPf_l57,True,False,False,False,False,False,False,True,True,False,False,True
rfs-omp,main_l136,True,False,False,False,False,False,False,True,True,False,False,True
rng-wallace-cuda,_Z11rng_wallacejPfS_S_,True,False,True,True,False,False,False,True,True,False,True,True
rng-wallace-omp,main_l65,True,True,True,True,True,False,False,True,True,False,True,True
rodrigues-cuda,_Z6rotateif6float3PS_,True,False,False,False,True,False,True,False,True,False,True,True
rodrigues-cuda,_Z7rotate2if6float3P6float4,True,False,False,False,True,False,True,False,True,False,True,True
rodrigues-omp,_Z6rotateif6float3PS__l22,False,False,False,False,True,True,True,False,True,False,False,True
rodrigues-omp,_Z7rotate2if6float3P6float4_l54,False,False,False,False,True,True,True,False,True,False,False,True
romberg-cuda,_Z7rombergddPd,True,True,True,True,True,True,True,True,False,False,True,True
romberg-omp,main_l47,True,True,True,True,True,True,True,True,False,False,True,True
rotary-cuda,_Z45unrolled_elementwise_kernel_for_multi_outputsILi2EZ4mainEUlffffE_5ArrayIPcLi6EE23TrivialOffsetCalculatorILi4EjES4_ILi2EjEEviT0_T1_T2_T3_,True,True,False,True,False,False,False,True,False,False,True,True
rowwiseMoments-cuda,_Z20RowwiseMomentsKernelIfEvlT_PKS0_PS0_S3_,True,True,True,True,True,False,True,True,True,False,True,True
rsc-cuda,_Z19RANSAC_kernel_blockPKfPK10flowvectoriiifPiS4_S4_,True,True,False,False,True,False,True,False,True,True,True,True
rsc-omp,_Z24call_RANSAC_kernel_blockiiPfP10flowvectoriiifPiS2_S2__l44,True,True,False,False,True,False,True,False,True,True,True,True
rtm8-cuda,_Z4rtm8PKfS0_S0_PfS1_S1_S0_m,True,False,False,False,False,False,False,True,False,False,True,True
rtm8-omp,main_l123,False,False,False,False,True,False,False,True,False,False,False,True
rushlarsen-cuda,_Z21k_forward_rush_larsenPdddPKdi,True,True,True,True,True,False,True,False,False,False,False,True
rushlarsen-omp,_Z21k_forward_rush_larsenPdddPKdi_l7,True,True,True,False,True,False,True,False,False,False,False,True
s3d-cuda,_Z11ratt_kernelIfEvPKT_PS0_S0_,False,False,True,True,False,False,True,True,False,False,True,True
s3d-cuda,_Z12ratt2_kernelIfEvPKT_S2_PS0_S2_S0_,False,False,True,True,False,False,False,True,False,False,True,True
s3d-cuda,_Z12ratt3_kernelIfEvPKT_S2_PS0_S2_S0_,False,False,True,True,False,False,True,True,False,False,True,True
s3d-cuda,_Z12ratt4_kernelIfEvPKT_S2_PS0_S2_S0_,False,False,True,True,False,False,True,True,False,False,False,True
s3d-cuda,_Z12ratt5_kernelIfEvPKT_S2_PS0_S2_S0_,False,False,True,True,False,False,False,True,False,False,False,True
s3d-cuda,_Z12ratt6_kernelIfEvPKT_S2_PS0_S2_S0_,False,False,True,True,False,False,True,True,False,False,True,True
s3d-cuda,_Z12ratt7_kernelIfEvPKT_S2_PS0_S2_S0_,False,False,True,True,True,False,True,True,False,False,True,True
s3d-cuda,_Z12rdsmh_kernelIfEvPKT_PS0_S0_,True,True,True,True,True,False,True,True,False,False,True,True
s3d-cuda,_Z7gr_baseIfEvPKT_S2_S2_PS0_S0_S0_,False,False,True,True,False,False,False,True,False,False,True,True
s3d-omp,_Z7RunTestIfEvNSt7__cxx1112basic_stringIcSt11char_traitsIcESaIcEEER12OptionParser_l159,True,True,True,True,True,False,True,True,False,False,False,True
s3d-omp,_Z7RunTestIfEvNSt7__cxx1112basic_stringIcSt11char_traitsIcESaIcEEER12OptionParser_l171,True,True,True,True,True,False,True,True,False,False,False,False
s3d-omp,_Z7RunTestIfEvNSt7__cxx1112basic_stringIcSt11char_traitsIcESaIcEEER12OptionParser_l177,True,True,True,True,True,False,True,True,False,False,False,False
s3d-omp,_Z7RunTestIfEvNSt7__cxx1112basic_stringIcSt11char_traitsIcESaIcEEER12OptionParser_l183,True,True,True,True,True,False,True,True,False,False,False,True
s3d-omp,_Z7RunTestIfEvNSt7__cxx1112basic_stringIcSt11char_traitsIcESaIcEEER12OptionParser_l189,True,True,True,True,True,False,True,True,False,False,False,False
s3d-omp,_Z7RunTestIfEvNSt7__cxx1112basic_stringIcSt11char_traitsIcESaIcEEER12OptionParser_l195,True,True,True,True,True,False,True,True,False,False,False,True
s3d-omp,_Z7RunTestIfEvNSt7__cxx1112basic_stringIcSt11char_traitsIcESaIcEEER12OptionParser_l200,True,True,True,True,True,False,True,True,False,False,False,True
s3d-omp,_Z7RunTestIfEvNSt7__cxx1112basic_stringIcSt11char_traitsIcESaIcEEER12OptionParser_l205,True,True,True,True,True,False,True,True,False,False,False,True
s3d-omp,_Z7RunTestIfEvNSt7__cxx1112basic_stringIcSt11char_traitsIcESaIcEEER12OptionParser_l210,True,True,True,True,True,False,True,True,False,False,False,True
s8n-cuda,_Z13k_cube_selectiiiPKiPi,True,True,False,False,False,False,False,False,True,False,True,True
s8n-omp,_Z13k_cube_selectiiiPKiPi_l10,True,True,False,False,False,False,False,False,True,False,False,False
s8n-omp,_Z17k_cube_select_twoiiiPKiPi_l45,True,True,False,False,False,False,False,False,True,False,False,False
sad-cuda,_Z17compute_sad_arrayPiPKhS1_iiiiii,True,True,True,True,False,False,False,False,False,True,False,True
sad-cuda,_Z21find_min_in_sad_arrayiPKiPi,True,True,False,True,False,False,False,False,False,True,False,True
sad-cuda,_Z22get_num_of_occurrencesiPKiS0_Pi,True,True,False,True,False,False,False,False,False,True,False,True
sad-omp,_Z17compute_sad_arrayPiPKhS1_iRiS2_iiiiiRd_l27,True,False,True,True,False,False,False,False,False,True,False,True
sad-omp,_Z17compute_sad_arrayPiPKhS1_iRiS2_iiiiiRd_l66,True,True,True,True,False,False,False,False,False,True,False,True
sampling-cuda,_Z17exact_rows_kernelIfiEvPfT0_S1_PKT_S1_PS2_S4_,True,True,False,False,False,False,False,False,False,False,False,True
sampling-cuda,_Z19sampled_rows_kernelIfiEvPKT0_PfS0_S0_PT_S0_S5_PKS4_m,True,True,False,False,False,False,False,True,True,False,False,False
sampling-omp,main_l190,True,True,False,False,False,False,False,True,False,False,False,False
sampling-omp,main_l222,True,True,False,False,False,False,False,True,False,False,False,False
sc-cuda,_Z16StreamCompactioniiifPiPKiS_,True,True,False,True,False,False,False,True,True,False,True,True
scan-cuda,_Z4scanIcLi128EEvlPT_PKS0_,True,True,False,False,False,False,False,False,True,False,False,True
scan-cuda,_Z4scanIsLi128EEvlPT_PKS0_,True,True,False,False,False,False,False,False,True,False,False,True
scan-cuda,_Z9scan_bcaoIcLi128EEvlPT_PKS0_,True,True,False,True,False,False,False,False,False,False,False,True
scan-omp,_Z7runTestIcLi128EEvlib_l118,True,True,False,True,False,False,False,False,True,False,False,True
scan-omp,_Z7runTestIcLi128EEvlib_l57,True,True,False,True,False,False,False,False,True,False,False,False
scan-omp,_Z7runTestIsLi128EEvlib_l118,True,False,False,True,False,False,False,False,True,False,False,True
scan-omp,_Z7runTestIsLi128EEvlib_l57,True,False,False,True,False,False,False,False,True,False,True,True
scan2-cuda,_Z13blockAdditionPKfPf,True,False,False,False,False,False,False,False,True,False,False,True
scan2-cuda,_Z15ScanLargeArraysPfPKfjS_,True,False,False,False,False,False,False,False,True,False,False,True
scan2-cuda,_Z9prefixSumPfPKfj,True,True,False,False,False,False,False,False,True,False,False,False
scan2-omp,_Z5bScanjjPKfPfS1__l27,True,True,False,False,False,False,False,False,True,False,False,False
scan2-omp,_Z9bAdditionjjPKfPf_l128,True,False,False,False,False,False,False,False,False,False,False,False
scatter-cuda,_Z14scatter_kernelIiL13ReductionType0EEvPKT_10TensorInfoIllEPS1_iiii,True,True,False,True,False,False,False,True,True,False,False,True
scatter-cuda,_Z14scatter_kernelIiL13ReductionType1EEvPKT_10TensorInfoIllEPS1_iiii,True,True,False,True,False,False,False,True,True,False,False,True
scatter-cuda,_Z14scatter_kernelIiL13ReductionType2EEvPKT_10TensorInfoIllEPS1_iiii,True,True,False,True,False,False,False,True,True,False,False,True
scatter-cuda,_Z14scatter_kernelIiL13ReductionType3EEvPKT_10TensorInfoIllEPS1_iiii,True,True,True,True,False,False,False,True,True,False,False,True
scatter-cuda,_Z14scatter_kernelIiL13ReductionType4EEvPKT_10TensorInfoIllEPS1_iiii,True,True,True,True,False,False,False,True,True,False,False,True
scatter-cuda,_Z14scatter_kernelIlL13ReductionType0EEvPKT_10TensorInfoIllEPS1_iiii,True,True,False,True,False,False,False,True,True,False,False,True
scatter-cuda,_Z14scatter_kernelIlL13ReductionType1EEvPKT_10TensorInfoIllEPS1_iiii,True,True,False,True,False,False,False,True,True,False,False,True
scatter-cuda,_Z14scatter_kernelIlL13ReductionType2EEvPKT_10TensorInfoIllEPS1_iiii,True,True,True,True,False,False,False,True,True,False,False,True
scatterAdd-cuda,_Z17scatterAdd_kernelPKiPKfPfiii,True,True,False,True,False,False,False,False,False,False,True,True
scatterAdd-cuda,_Z18scatterAdd2_kernelPKiPKfPfiii,True,True,False,True,False,False,False,False,True,False,False,True
scatterAdd-omp,_Z17scatterAdd_kernelPiPfS0_iii_l6,True,False,False,True,False,False,False,False,False,False,False,True
scatterAdd-omp,_Z18scatterAdd2_kernelPiPfS0_iii_l18,True,False,False,True,False,False,False,False,False,False,False,False
scel-cuda,_Z35SigmoidCrossEntropyWithLogitsKernelibbPKfS0_Pf,True,True,True,True,True,False,True,True,True,False,True,True
scel-omp,_Z35SigmoidCrossEntropyWithLogitsKerneliibbPKfS0_Pf_l20,True,True,True,False,True,False,True,True,True,False,True,True
score-cuda,_Z8findTopKIfLi2048ELi256EEvPiS0_PKT_fimm,True,True,True,False,True,True,False,True,True,False,True,True
seam-carving-cuda,_Z10min_reducePKiPii,True,True,False,False,False,False,False,False,False,True,False,False
seam-carving-cuda,_Z16find_seam_kernelPKiS0_Piiii,True,True,False,False,False,False,False,False,False,True,True,True
seam-carving-cuda,_Z18remove_seam_kernelPK6uchar4PS_PKiiii,True,True,False,False,False,False,False,True,False,True,False,False
seam-carving-cuda,_Z19update_costs_kernelPK6uchar4PKsS3_S3_PsS4_S4_PKiiii,True,True,False,False,False,False,False,True,False,False,False,False
seam-carving-cuda,_Z20compute_costs_kernelPK6uchar4PsS2_S2_iii,True,True,False,True,False,False,False,True,False,True,False,False
seam-carving-cuda,_Z22compute_M_kernel_step1PKsS0_S0_Piiiii,True,True,False,True,False,False,False,True,False,True,False,False
seam-carving-cuda,_Z22compute_M_kernel_step2PKsS0_S0_Piiiii,True,True,False,False,False,False,False,False,False,True,False,False
secp256k1-cuda,_Z9secp256k1PK20secp256k1_ge_storagePh,True,True,False,False,False,False,False,True,False,False,True,True
secp256k1-omp,main_l1205,True,True,False,True,False,False,False,True,False,False,True,True
segsort-cuda,_Z12bb_bin_groupIiEvPiS0_PKT_S3_i,True,True,False,False,False,False,False,False,True,False,False,False
segsort-cuda,_Z12bb_bin_histoIiEvPiPKT_S3_i,True,True,False,False,False,False,False,False,True,False,False,False
segsort-cuda,_Z28gen_bk128_wp2_tc2_r3_r4_origIiiEvPT_S1_PKT0_S4_PKii,True,True,False,False,False,False,False,False,True,False,False,False
segsort-cuda,_Z28gen_bk128_wp2_tc4_r5_r8_origIiiEvPT_S1_PKT0_S4_PKii,True,True,False,False,False,False,False,False,True,False,False,False
segsort-cuda,_Z28gen_bk256_wp2_tc1_r2_r2_origIiiEvPT_S1_PKT0_S4_PKii,True,True,False,False,False,False,False,False,True,False,False,False
segsort-cuda,_Z29gen_bk128_wp4_tc4_r9_r16_strdIiiEvPT_S1_PKT0_S4_PKii,True,True,False,True,False,False,False,True,True,False,False,False
segsort-cuda,_Z30gen_bk128_wp8_tc4_r17_r32_strdIiiEvPT_S1_PKT0_S4_PKii,True,True,False,False,False,False,False,False,True,False,False,False
segsort-cuda,_Z31gen_bk128_wp16_tc4_r33_r64_strdIiiEvPT_S1_PKT0_S4_PKii,True,True,False,False,False,False,False,False,True,False,False,False
segsort-cuda,_Z8gen_copyIiiEvPT_S1_PKT0_S4_PKii,True,True,False,False,False,False,False,False,False,False,False,False
sheath-cuda,_Z12pushParticleP8ParticlePKddl,True,True,False,True,False,False,False,True,False,False,False,True
sheath-cuda,_Z14rewindParticleP8ParticlePKddl,True,True,False,True,False,False,False,True,False,False,False,True
sheath-cuda,_Z15scatterParticlePK8ParticlePfl,True,True,False,True,False,False,False,True,False,False,False,True
sheath-omp,_Z11PushSpeciesP7SpeciesP8ParticlePd_l452,True,True,False,True,False,False,False,True,False,False,False,True
sheath-omp,_Z13RewindSpeciesP7SpeciesP8ParticlePd_l486,True,True,False,True,False,False,False,True,False,False,False,True
sheath-omp,_Z14ScatterSpeciesP7SpeciesP8ParticlePfRd_l277,True,True,False,True,False,False,False,True,False,False,False,True
shmembench-cuda,_Z15benchmark_shmemP6float4,True,False,False,True,False,False,False,True,False,False,False,True
shmembench-omp,_Z13shmembenchGPUPdli_l60,True,False,False,True,False,False,False,True,False,False,False,True
shuffle-cuda,_Z18bcast_shfl_xor_sg8Pi,True,False,False,False,False,False,False,False,False,False,True,True
simpleMultiDevice-cuda,_Z12reduceKernelPfPKfi,True,True,False,False,False,False,False,False,False,False,False,True
simpleSpmv-cuda,_Z13vector_mv_csrILi32EEvmPKmS1_PKfS3_Pf,True,True,False,False,False,False,False,False,True,False,False,False
simpleSpmv-cuda,_Z6mv_csrmPKmS0_PKfS2_Pf,True,True,False,False,False,False,False,False,False,False,False,True
simpleSpmv-cuda,_Z8mv_densemPKfS0_Pf,True,True,False,False,False,False,False,False,True,False,True,True
simpleSpmv-omp,_Z15mv_csr_paralleliimPKmS0_PKfS2_mPfS3__l64,True,False,False,True,False,False,False,False,False,False,False,False
simpleSpmv-omp,_Z17mv_dense_paralleliimPKfPfS1__l23,True,True,False,True,False,False,False,False,False,False,False,False
simpleSpmv-omp,_Z22vector_mv_csr_paralleliimPKmS0_PKfS2_mPfS3__l129,True,False,False,True,False,False,False,False,False,False,False,False
simplemoc-omp,main_l379,True,True,True,False,True,False,True,False,True,False,False,True
sobol-cuda,_Z15sobolGPU_kerneljjPjPf,True,True,False,True,False,False,False,False,False,False,False,True
softmax-cuda,_Z7softMaxiiPKfPf,True,False,True,True,True,False,True,False,True,False,True,True
softmax-fused-cuda,_Z34scaled_masked_softmax_warp_forwardI6__halfS0_fLi10EEvPT0_PKT_PKhT1_iii,True,True,True,True,True,False,True,True,True,False,False,False
softmax-online-cuda,_Z30softmax_forward_online_kernel3PfPKfii,True,True,True,False,False,False,True,False,True,False,False,False
softmax-online-omp,_Z29softmax_forward_online_kerneliiPfPKfii_l39,True,True,True,False,False,False,True,False,True,False,True,True
sort-cuda,_Z11bottom_scanPjPKjS1_mj,True,True,False,False,False,False,False,False,False,False,False,True
sort-cuda,_Z6reducePKjPjmj,True,True,False,False,False,False,False,False,False,False,True,True
sort-cuda,_Z8top_scanPjm,True,True,False,False,False,False,False,False,False,False,True,True
sort-omp,main_l115,True,True,False,False,False,False,False,False,False,False,True,True
sosfil-cuda,_Z7sosfiltIdEviiiiPKT_S2_PS0_,True,True,False,True,False,False,False,False,False,False,False,False
sosfil-cuda,_Z7sosfiltIfEviiiiPKT_S2_PS0_,True,True,False,True,False,False,False,False,False,False,False,False
sosfil-omp,_Z9filteringIdEviiiii_l81,True,True,False,True,True,False,False,False,False,False,False,True
sosfil-omp,_Z9filteringIfEviiiii_l81,True,True,False,True,False,False,False,False,False,False,False,True
sph-cuda,_Z15updatePositionsP14fluid_particlePK5param,True,True,True,False,False,False,False,False,False,False,True,True
sph-cuda,_Z15updatePressuresP14fluid_particlePK5param,True,True,True,False,True,False,True,True,False,False,False,True
sph-cuda,_Z21updateAccelerationsBPP14fluid_particlePK17boundary_particlePK5param,True,True,True,False,True,True,True,True,False,False,False,True
sph-cuda,_Z21updateAccelerationsFPP14fluid_particlePK5param,True,True,True,False,True,True,True,True,False,False,True,True
sph-omp,main_l354,True,True,True,False,True,True,True,True,False,False,False,True
sph-omp,main_l403,True,True,True,False,True,True,True,True,False,False,False,True
sph-omp,main_l426,True,True,True,False,True,True,True,True,False,False,False,True
split-cuda,_Z20radixSortBlocksKeysKPjS_jj,True,True,False,True,False,False,False,True,False,False,True,True
split-omp,main_l140,True,True,False,True,False,False,False,True,True,False,True,True
spm-cuda,_Z3spmPKfiPKhS2_4int3S3_PhS4_Pb,True,True,False,True,True,True,True,True,False,False,True,True
spm-omp,_Z3spmPKfiPKhS2_4int3S3_PhS4_Pb_l77,True,True,True,True,True,True,True,True,True,False,True,True
srad-cuda,_Z4sradfiilPKiS0_S0_S0_PfS1_S1_S1_fS1_PKf,True,True,True,True,True,False,False,False,False,True,False,True
srad-cuda,_Z5srad2fiilPKiS0_S0_S0_PKfS2_S2_S2_S2_Pf,True,True,True,True,False,False,False,False,False,True,False,True
srad-cuda,_Z6reduceliiPfS_,True,True,True,True,False,False,False,False,False,True,False,True
srad-cuda,_Z7extractlPf,True,True,True,True,False,False,True,False,False,True,True,True
srad-cuda,_Z7preparelPKfPfS1_,True,True,False,True,False,False,False,False,False,True,True,True
srad-cuda,_Z8compresslPf,True,True,False,True,False,False,True,False,False,True,True,True
srad-omp,main_l180,True,True,True,True,False,False,True,False,False,True,False,False
srad-omp,main_l188,True,True,True,True,False,False,True,False,False,True,True,True
srad-omp,main_l202,True,True,True,True,False,False,True,False,False,True,False,False
srad-omp,main_l374,True,True,True,True,False,False,True,False,False,True,False,True
ssim-cuda,_Z12compute_ssimILi7EEvjjjPfS0_N3gdt5vec_tIiLi3EEEffffS0_,True,True,True,True,True,False,False,False,True,False,False,False
stddev-cuda,_Z12sampleKernelIfiEvPT_T0_S2_,True,True,True,False,False,False,True,False,True,False,True,True
stddev-cuda,_Z9sopKernelIfiLi256ELi32EEvPT_PKS0_T0_S4_,True,True,False,False,False,False,False,False,True,False,False,True
stddev-omp,_Z6stddevIfiEvPT_PKS0_T0_S4_b_l51,True,True,True,False,False,False,True,False,True,False,True,True
stddev-omp,_Z6stddevIfiEvPT_PKS0_T0_S4_b_l92,True,True,True,False,False,False,False,False,True,False,True,True
stencil1d-cuda,_Z10stencil_1dPKiPi,True,True,False,True,False,False,False,False,False,False,True,True
stencil1d-omp,main_l37,True,True,False,True,False,False,False,False,False,False,False,True
streamOrderedAllocation-cuda,_Z12vectorAddGPUPKfS0_Pfi,True,True,False,False,False,False,False,False,False,False,False,True
streamPriority-cuda,_Z13memcpy_kernelPiS_mb,True,True,False,False,False,False,False,False,False,False,True,True
streamcluster-cuda,_Z12compute_costPK12Point_StructPKfPfPKiPciili,True,True,False,False,True,False,False,False,False,False,False,True
streamcluster-omp,_Z5pgainlP6PointsfPliPbPiPcPdS5_S5_S5_S5__l137,True,True,False,False,True,False,False,False,True,False,False,True
streamcluster-omp,_Z5pgainlP6PointsfPliPbPiPcPdS5_S5_S5_S5__l148,True,True,False,False,True,False,False,False,True,False,False,True
su3-cuda,_Z8k_mat_nnPK4sitePK11fsu3_matrixPS_i,True,True,False,True,False,False,False,False,False,False,False,False
su3-omp,_Z10su3_mat_nnRSt6vectorI4siteSaIS0_EERS_I11dsu3_matrixSaIS4_EES3_mmmi_l41,True,True,False,True,False,False,False,False,False,False,False,False
sw4ck-cuda,_Z7kernel1iiiiiiiiiiiiddPKdS0_S0_S0_S0_PdS0_S0_S0_S0_S0_S0_S0_,True,True,True,True,True,True,False,False,False,True,False,False
sw4ck-cuda,_Z7kernel2iiiiiiiiiiiiddPKdS0_S0_S0_S0_PdS0_S0_S0_S0_S0_S0_S0_,True,True,True,True,True,False,False,False,False,True,False,False
sw4ck-cuda,_Z7kernel3iiiiiiiiiiiiddPKdS0_S0_S0_S0_PdS0_S0_S0_S0_S0_S0_S0_,True,False,True,True,True,True,False,False,False,True,False,False
sw4ck-cuda,_Z7kernel4iiiiiiiiiiiiddPKdS0_S0_S0_S0_PdS0_S0_S0_S0_S0_S0_S0_,True,True,True,True,True,False,False,False,False,True,False,False
sw4ck-cuda,_Z7kernel5iiiiiiiiiiiiiddPKdS0_S0_S0_S0_PdS0_S0_S0_S0_S0_S0_S0_,True,True,True,True,True,True,False,False,False,True,False,False
sw4ck-omp,_Z7kernel1iiiiiiiiiiiiddPKdS0_S0_S0_S0_PdS0_S0_S0_S0_S0_S0_S0__l24,True,False,True,True,True,True,False,False,False,True,False,True
sw4ck-omp,_Z7kernel4iiiiiiiiiiiiddPKdS0_S0_S0_S0_PdS0_S0_S0_S0_S0_S0_S0__l23,True,False,True,True,True,True,False,False,False,True,False,True
sw4ck-omp,_Z7kernel5iiiiiiiiiiiiiddPKdS0_S0_S0_S0_PdS0_S0_S0_S0_S0_S0_S0__l25,True,False,True,True,True,True,False,False,False,True,False,False
swish-cuda,_Z11SwishKernelIfEviPKT_PS0_,True,False,True,True,False,False,True,False,True,False,True,True
swish-cuda,_Z19SwishGradientKernelIfEviPKT_S2_S2_PS0_,True,False,True,True,False,False,True,False,True,False,True,True
swish-omp,_Z11SwishKernelIfEviPKT_PS0__l13,False,False,True,True,False,False,True,False,True,False,False,True
swish-omp,_Z19SwishGradientKernelIfEviPKT_S2_S2_PS0__l27,False,False,True,True,True,False,True,False,True,False,False,True
tensorAccessor-cuda,_Z19raw_accessor_kernelllPfPKfS1_,True,True,False,False,False,False,False,False,False,False,True,True
tensorAccessor-cuda,_Z29tensor_packed_accessor_kernel27GenericPackedTensorAccessorIfLm1E17RestrictPtrTraitslES_IfLm2ES0_lES1_,True,True,False,False,False,False,False,True,True,False,False,True
tensorT-cuda,_Z16tensor_transposeiiiiPKiS0_PKfS2_S0_S0_S0_PKdPd,True,True,False,True,False,False,False,False,False,False,True,True
tensorT-omp,main_l70,True,False,False,True,False,False,False,False,False,False,True,True
thomas-cuda,_Z13cuThomasBatchPKdS0_PdS1_ii,True,True,True,False,True,False,False,False,True,False,False,True
thomas-omp,main_l151,True,False,True,False,True,False,False,False,True,False,False,True
threadfence-cuda,_Z3sumPKfiPjPVf,True,True,False,False,False,False,False,False,False,False,True,True
threadfence-omp,_Z3sumiiPKfiPjPVf_l15,True,True,False,False,False,False,False,False,False,False,True,True
tissue-cuda,_Z6tissuePKiPKfS2_PfS2_S2_iiii,True,True,False,False,False,False,False,False,False,False,True,True
tissue-omp,_Z6tissuePKiPKfS2_PfS2_S2_iiii_l33,True,True,False,False,False,False,False,False,True,False,False,False
tqs-cuda,_Z13TaskQueue_gpuPK6task_tPiS2_iii,True,True,False,False,False,False,False,False,False,True,False,False
tqs-omp,_Z18call_TaskQueue_gpuiiPK6task_tPiS2_iii_l47,True,True,False,False,False,False,False,False,False,True,True,True
triad-cuda,_Z5triadPKfS0_Pff,False,False,False,False,False,False,False,False,True,False,False,True
triad-omp,_Z12RunBenchmarkR12OptionParser_l117,False,False,False,False,False,False,False,False,True,False,False,True
tridiagonal-cuda,_Z22pcr_branch_free_kernelPKfS0_S0_S0_Pfiii,True,False,True,True,False,False,False,False,False,False,False,False
tridiagonal-cuda,_Z24pcr_small_systems_kernelPKfS0_S0_S0_Pfiii,True,True,True,True,True,False,False,False,False,False,False,False
tridiagonal-cuda,_Z25cyclic_branch_free_kernelPKfS0_S0_S0_Pfiii,True,True,True,True,False,False,False,False,False,False,False,False
tridiagonal-cuda,_Z27cyclic_small_systems_kernelPKfS0_S0_S0_Pfiii,True,True,True,True,True,False,False,False,False,False,False,False
tridiagonal-cuda,_Z33sweep_small_systems_global_kernelPKfS0_S0_S0_PfS1_iib,True,True,True,True,True,False,False,True,False,False,False,False
tridiagonal-cuda,_Z9transposePfPKfii,True,False,False,True,False,False,False,False,False,False,False,False
tsa-cuda,_Z6kernelIdLi1ELi16ELi32ELi3ELi4ELi16EEvT_S0_iiPKS0_S2_PS0_S3_,True,True,False,False,False,False,False,True,False,False,False,True
tsa-cuda,_Z6kernelIfLi1ELi16ELi96ELi3ELi4ELi16EEvT_S0_iiPKS0_S2_PS0_S3_,True,True,False,False,False,False,False,True,False,False,True,True
tsa-omp,_Z6kernelIdLi1ELi16ELi32ELi3ELi4ELi16EEviiT_S0_iiPKS0_S2_PS0_S3__l61,True,True,False,False,False,False,False,True,False,False,False,True
tsa-omp,_Z6kernelIfLi1ELi16ELi96ELi3ELi4ELi16EEviiT_S0_iiPKS0_S2_PS0_S3__l61,True,True,False,False,False,False,False,True,False,False,False,True
tsne-cuda,_Z12RowSumKernelPVfPKfjj,True,False,False,False,False,False,False,False,False,True,False,False
tsne-cuda,_Z16ComputePijKernelPVfPKfS2_jj,True,True,False,False,False,False,True,False,False,False,False,False
tsne-cuda,_Z16NegEntropyKernelPVfPKfjj,True,False,False,False,False,False,True,False,False,True,False,False
tsne-cuda,_Z22PerplexitySearchKernelPVfS0_S0_PViPKfS4_ffi,True,True,True,False,False,False,True,False,False,True,False,True
tsne-cuda,_Z32PostprocessNeighborIndicesKernelPViPKlii,True,False,False,False,False,False,False,False,False,True,False,True
unfold-cuda,_Z34unfold_backward_elementwise_kernelILi64ELi4EZ31unfold_backward_internal_kernelIiEvPT_PKS1_PKlllllllEUliE_EviT1_,True,True,True,False,False,False,False,True,True,False,False,True
vanGenuchten-cuda,_Z12vanGenuchtenPKdS0_PdS1_S1_i,True,True,True,False,True,True,True,False,False,False,True,True
vanGenuchten-omp,_Z12vanGenuchtenPKdS0_PdS1_S1_i_l16,True,True,True,False,True,True,True,False,False,False,False,True
vmc-cuda,_Z10initializePfS_S_S_S_S_S_Pj,False,False,False,False,False,False,True,True,True,False,True,True
vmc-cuda,_Z10zero_statsiPf,False,False,False,False,False,False,False,False,False,False,True,True
vmc-cuda,_Z7initranjPj,False,False,False,False,False,False,False,True,False,False,True,True
vmc-omp,_Z10zero_statsiPf_l147,False,False,False,True,False,False,False,False,False,False,False,True
vmc-omp,_Z7initranijPj_l124,False,False,False,True,False,False,False,True,False,False,False,True
vol2col-cuda,_Z14col2vol_kernelIffEvlPKT_iiiiiiiiiiiiiiiiiiPS0_,True,True,False,False,False,False,False,False,True,False,False,True
vol2col-cuda,_Z14vol2col_kernelIfEvlPKT_iiiiiiiiiiiiiiiiiiPS0_,True,True,False,False,False,False,False,False,True,False,False,True
vol2col-omp,_Z14col2vol_kernelIffEvPKT_liiiiiiiiiiiiiiiiiiPS0__l91,True,True,False,True,False,False,False,False,True,False,False,True
vol2col-omp,_Z14vol2col_kernelIfEvPKT_iiiiiiiiiiiiiiiiiiiPS0__l37,True,True,False,True,False,False,False,False,True,False,False,False
warpexchange-cuda,_Z1kILi256ELi1024EEvPKiPii,True,True,False,True,False,False,False,True,False,False,False,True
warpsort-cuda,_ZN8facebook4cuda10sortDeviceENS0_12DeviceTensorIfLi1EiNS0_16DefaultPtrTraitsEEES3_,True,True,False,False,False,False,False,True,False,False,True,True
warpsort-cuda,_ZN8facebook4cuda10sortDeviceENS0_12DeviceTensorIfLi1EiNS0_16DefaultPtrTraitsEEES3_NS1_IiLi1EiS2_EE,True,True,False,True,False,False,False,True,False,False,True,True
winograd-cuda,_Z15winograd_conv2dPKfS0_Pfii,True,True,False,True,False,False,False,False,True,False,False,True
winograd-omp,main_l74,True,True,False,True,False,False,False,False,True,False,False,False
wlcpow-cuda,_Z18bond_wlcpowallviscPdS_S_PK6float4S2_PKiPK4int2PKdPKfSB_SB_SB_SB_SB_SB_SB_6float3iii,True,True,True,True,True,True,True,True,True,False,False,True
wlcpow-omp,_Z18bond_wlcpowallviscPdS_S_PK6float4S2_PKiPK4int2PKdPKfSB_SB_SB_SB_SB_SB_SB_6float3iiii_l34,True,True,True,True,True,True,True,True,True,False,True,True
wmma-cuda,_Z10gemm_impl1jjjPK6__halfS1_PKfPfjjjjff,True,False,False,False,False,False,False,False,False,False,True,True
wordcount-omp,_Z10word_countRKSt6vectorIcSaIcEE_l43,True,True,False,False,False,False,False,True,False,False,False,True
wyllie-cuda,_Z6wylliePli,True,True,False,True,False,False,False,False,False,False,True,True
zerocopy-cuda,_Z12vectorAddGPUPfS_S_i,True,True,False,False,False,False,False,False,False,False,False,True
zeropoint-cuda,_Z10zero_pointPKfS0_iiibPfPi,True,True,True,False,True,False,True,False,True,False,True,True
zeropoint-omp,_Z10zero_pointPKfS0_iiibPfPi_l20,True,True,True,False,True,False,True,False,True,False,False,True
zmddft-cuda,_Z30ker_zmddft_fwd_256x256x256_cu0PKdPd,False,False,False,False,True,False,False,False,True,False,True,True
zmddft-cuda,_Z30ker_zmddft_fwd_256x256x256_cu1PKdPd,False,False,False,False,True,False,False,False,True,False,True,True
zmddft-cuda,_Z30ker_zmddft_fwd_256x256x256_cu2PKdPd,False,False,False,False,True,False,False,False,True,False,True,True
zmddft-omp,_Z30ker_zmddft_fwd_256x256x256_cu0PKdS0_Pd_l143,False,False,False,False,False,False,False,False,True,False,True,True
zmddft-omp,_Z30ker_zmddft_fwd_256x256x256_cu2PKdS0_Pd_l1114,False,False,False,False,False,False,False,False,True,False,True,True
zoom-cuda,_Z14zoom_in_kernelPKfPfiiiiiiiii,True,True,True,False,True,True,True,False,True,False,False,False
zoom-cuda,_Z15zoom_out_kernelPKfPfiiiiiiiii,True,True,True,False,False,False,True,False,True,False,False,False
zoom-cuda,_Z17zoom_out_edge_padPfiiiiiii,True,True,False,False,False,False,False,False,True,False,False,False
