program_name,kernel_mangled_name,gpu,model_name,use_sass,cost_usd
accuracy-cuda,_Z15accuracy_kerneliiiPKfPKiPi,3080,GPT 5.4,False,0.01431
accuracy-cuda,_Z15accuracy_kerneliiiPKfPKiPi,3080,GPT 5.4,True,0.022224
accuracy-cuda,_Z15accuracy_kerneliiiPKfPKiPi,3080,GPT OSS,False,0.000595605
accuracy-cuda,_Z15accuracy_kerneliiiPKfPKiPi,3080,GPT OSS,True,0.000537643
accuracy-cuda,_Z15accuracy_kerneliiiPKfPKiPi,3080,Opus 4.6,False,0.06322
accuracy-cuda,_Z15accuracy_kerneliiiPKfPKiPi,3080,Opus 4.6,True,0.074595
accuracy-cuda,_Z15accuracy_kerneliiiPKfPKiPi,A10,GPT 5.4,False,0.014885
accuracy-cuda,_Z15accuracy_kerneliiiPKfPKiPi,A10,GPT 5.4,True,0.022319
accuracy-cuda,_Z15accuracy_kerneliiiPKfPKiPi,A10,GPT OSS,False,0.000654919
accuracy-cuda,_Z15accuracy_kerneliiiPKfPKiPi,A10,GPT OSS,True,0.000575487
accuracy-cuda,_Z15accuracy_kerneliiiPKfPKiPi,A10,Opus 4.6,False,0.07024
accuracy-cuda,_Z15accuracy_kerneliiiPKfPKiPi,A10,Opus 4.6,True,0.07794
accuracy-cuda,_Z15accuracy_kerneliiiPKfPKiPi,A100,GPT 5.4,False,0.0216575
accuracy-cuda,_Z15accuracy_kerneliiiPKfPKiPi,A100,GPT 5.4,True,0.0279275
accuracy-cuda,_Z15accuracy_kerneliiiPKfPKiPi,A100,GPT OSS,False,0.000579796
accuracy-cuda,_Z15accuracy_kerneliiiPKfPKiPi,A100,GPT OSS,True,0.000570696
accuracy-cuda,_Z15accuracy_kerneliiiPKfPKiPi,A100,Opus 4.6,False,0.065205
accuracy-cuda,_Z15accuracy_kerneliiiPKfPKiPi,A100,Opus 4.6,True,0.080985
accuracy-cuda,_Z15accuracy_kerneliiiPKfPKiPi,H100,GPT 5.4,False,0.020845
accuracy-cuda,_Z15accuracy_kerneliiiPKfPKiPi,H100,GPT 5.4,True,0.0282625
accuracy-cuda,_Z15accuracy_kerneliiiPKfPKiPi,H100,GPT OSS,True,0.000606396
accuracy-cuda,_Z15accuracy_kerneliiiPKfPKiPi,H100,Opus 4.6,False,0.06748
accuracy-cuda,_Z15accuracy_kerneliiiPKfPKiPi,H100,Opus 4.6,True,0.08582
accuracy-omp,main_l57,3080,GPT 5.4,False,0.016113
accuracy-omp,main_l57,3080,GPT 5.4,True,0.048235
accuracy-omp,main_l57,3080,GPT OSS,True,0.000941851
accuracy-omp,main_l57,3080,Opus 4.6,False,0.06213
accuracy-omp,main_l57,3080,Opus 4.6,True,0.131295
accuracy-omp,main_l57,A10,GPT 5.4,False,0.015558
accuracy-omp,main_l57,A10,GPT 5.4,True,0.042424
accuracy-omp,main_l57,A10,GPT OSS,False,0.000551065
accuracy-omp,main_l57,A10,GPT OSS,True,0.001057897
accuracy-omp,main_l57,A10,Opus 4.6,False,0.05683
accuracy-omp,main_l57,A10,Opus 4.6,True,0.128895
accuracy-omp,main_l57,A100,GPT 5.4,False,0.0169155
accuracy-omp,main_l57,A100,GPT 5.4,True,0.041879
accuracy-omp,main_l57,A100,GPT OSS,False,0.000496652
accuracy-omp,main_l57,A100,GPT OSS,True,0.000931297
accuracy-omp,main_l57,A100,Opus 4.6,False,0.05537
accuracy-omp,main_l57,A100,Opus 4.6,True,0.136425
accuracy-omp,main_l57,H100,GPT 5.4,False,0.016298
accuracy-omp,main_l57,H100,GPT 5.4,True,0.047279
accuracy-omp,main_l57,H100,GPT OSS,False,0.00151935
accuracy-omp,main_l57,H100,GPT OSS,True,0.001069295
accuracy-omp,main_l57,H100,Opus 4.6,False,0.059995
accuracy-omp,main_l57,H100,Opus 4.6,True,0.15115
ace-cuda,_Z14calculateForcePA400_A400_dS1_S1_S1_dddddd,3080,GPT 5.4,False,0.032148
ace-cuda,_Z14calculateForcePA400_A400_dS1_S1_S1_dddddd,3080,GPT 5.4,True,0.061815
ace-cuda,_Z14calculateForcePA400_A400_dS1_S1_S1_dddddd,3080,GPT OSS,False,0.001174071
ace-cuda,_Z14calculateForcePA400_A400_dS1_S1_S1_dddddd,3080,GPT OSS,True,0.001635879
ace-cuda,_Z14calculateForcePA400_A400_dS1_S1_S1_dddddd,3080,Opus 4.6,False,0.19158
ace-cuda,_Z14calculateForcePA400_A400_dS1_S1_S1_dddddd,3080,Opus 4.6,True,0.24997
ace-cuda,_Z14calculateForcePA400_A400_dS1_S1_S1_dddddd,A10,GPT 5.4,False,0.029883
ace-cuda,_Z14calculateForcePA400_A400_dS1_S1_S1_dddddd,A10,GPT 5.4,True,0.056424
ace-cuda,_Z14calculateForcePA400_A400_dS1_S1_S1_dddddd,A10,GPT OSS,False,0.00388455
ace-cuda,_Z14calculateForcePA400_A400_dS1_S1_S1_dddddd,A10,GPT OSS,True,0.001733071
ace-cuda,_Z14calculateForcePA400_A400_dS1_S1_S1_dddddd,A10,Opus 4.6,False,0.128445
ace-cuda,_Z14calculateForcePA400_A400_dS1_S1_S1_dddddd,A10,Opus 4.6,True,0.206035
ace-cuda,_Z14calculateForcePA400_A400_dS1_S1_S1_dddddd,A100,GPT 5.4,False,0.0284505
ace-cuda,_Z14calculateForcePA400_A400_dS1_S1_S1_dddddd,A100,GPT 5.4,True,0.0570715
ace-cuda,_Z14calculateForcePA400_A400_dS1_S1_S1_dddddd,A100,GPT OSS,True,0.001695078
ace-cuda,_Z14calculateForcePA400_A400_dS1_S1_S1_dddddd,A100,Opus 4.6,False,0.14056
ace-cuda,_Z14calculateForcePA400_A400_dS1_S1_S1_dddddd,A100,Opus 4.6,True,0.2248
ace-cuda,_Z14calculateForcePA400_A400_dS1_S1_S1_dddddd,H100,GPT 5.4,False,0.03851
ace-cuda,_Z14calculateForcePA400_A400_dS1_S1_S1_dddddd,H100,GPT 5.4,True,0.0571865
ace-cuda,_Z14calculateForcePA400_A400_dS1_S1_S1_dddddd,H100,GPT OSS,False,0.00400485
ace-cuda,_Z14calculateForcePA400_A400_dS1_S1_S1_dddddd,H100,GPT OSS,True,0.001780298
ace-cuda,_Z14calculateForcePA400_A400_dS1_S1_S1_dddddd,H100,Opus 4.6,False,0.159335
ace-cuda,_Z14calculateForcePA400_A400_dS1_S1_S1_dddddd,H100,Opus 4.6,True,0.198845
ace-cuda,_Z15thermalEquationPA400_A400_dS1_S1_S1_ddddd,3080,GPT 5.4,False,0.029638
ace-cuda,_Z15thermalEquationPA400_A400_dS1_S1_S1_ddddd,3080,GPT 5.4,True,0.0498515
ace-cuda,_Z15thermalEquationPA400_A400_dS1_S1_S1_ddddd,3080,GPT OSS,False,0.00313785
ace-cuda,_Z15thermalEquationPA400_A400_dS1_S1_S1_ddddd,3080,GPT OSS,True,0.001147836
ace-cuda,_Z15thermalEquationPA400_A400_dS1_S1_S1_ddddd,3080,Opus 4.6,False,0.118105
ace-cuda,_Z15thermalEquationPA400_A400_dS1_S1_S1_ddddd,3080,Opus 4.6,True,0.15908
ace-cuda,_Z15thermalEquationPA400_A400_dS1_S1_S1_ddddd,A10,GPT 5.4,False,0.029983
ace-cuda,_Z15thermalEquationPA400_A400_dS1_S1_S1_ddddd,A10,GPT 5.4,True,0.0461165
ace-cuda,_Z15thermalEquationPA400_A400_dS1_S1_S1_ddddd,A10,GPT OSS,False,0.00372585
ace-cuda,_Z15thermalEquationPA400_A400_dS1_S1_S1_ddddd,A10,GPT OSS,True,0.001316278
ace-cuda,_Z15thermalEquationPA400_A400_dS1_S1_S1_ddddd,A10,Opus 4.6,False,0.111345
ace-cuda,_Z15thermalEquationPA400_A400_dS1_S1_S1_ddddd,A10,Opus 4.6,True,0.167595
ace-cuda,_Z15thermalEquationPA400_A400_dS1_S1_S1_ddddd,A100,GPT 5.4,False,0.0348925
ace-cuda,_Z15thermalEquationPA400_A400_dS1_S1_S1_ddddd,A100,GPT 5.4,True,0.046534
ace-cuda,_Z15thermalEquationPA400_A400_dS1_S1_S1_ddddd,A100,GPT OSS,False,0.0033687
ace-cuda,_Z15thermalEquationPA400_A400_dS1_S1_S1_ddddd,A100,GPT OSS,True,0.001334597
ace-cuda,_Z15thermalEquationPA400_A400_dS1_S1_S1_ddddd,A100,Opus 4.6,False,0.121385
ace-cuda,_Z15thermalEquationPA400_A400_dS1_S1_S1_ddddd,A100,Opus 4.6,True,0.1613
ace-cuda,_Z15thermalEquationPA400_A400_dS1_S1_S1_ddddd,H100,GPT 5.4,False,0.029313
ace-cuda,_Z15thermalEquationPA400_A400_dS1_S1_S1_ddddd,H100,GPT 5.4,True,0.045149
ace-cuda,_Z15thermalEquationPA400_A400_dS1_S1_S1_ddddd,H100,GPT OSS,True,0.001260857
ace-cuda,_Z15thermalEquationPA400_A400_dS1_S1_S1_ddddd,H100,Opus 4.6,False,0.11601
ace-cuda,_Z15thermalEquationPA400_A400_dS1_S1_S1_ddddd,H100,Opus 4.6,True,0.15989
ace-cuda,_Z19boundaryConditionsUPA400_A400_dd,3080,GPT 5.4,False,0.026253
ace-cuda,_Z19boundaryConditionsUPA400_A400_dd,3080,GPT 5.4,True,0.0299365
ace-cuda,_Z19boundaryConditionsUPA400_A400_dd,3080,GPT OSS,False,0.000702037
ace-cuda,_Z19boundaryConditionsUPA400_A400_dd,3080,GPT OSS,True,0.0028332
ace-cuda,_Z19boundaryConditionsUPA400_A400_dd,3080,Opus 4.6,False,0.094535
ace-cuda,_Z19boundaryConditionsUPA400_A400_dd,3080,Opus 4.6,True,0.099195
ace-cuda,_Z19boundaryConditionsUPA400_A400_dd,A10,GPT 5.4,False,0.025443
ace-cuda,_Z19boundaryConditionsUPA400_A400_dd,A10,GPT 5.4,True,0.0307915
ace-cuda,_Z19boundaryConditionsUPA400_A400_dd,A10,Opus 4.6,False,0.10985
ace-cuda,_Z19boundaryConditionsUPA400_A400_dd,A10,Opus 4.6,True,0.09671
ace-cuda,_Z19boundaryConditionsUPA400_A400_dd,A100,GPT 5.4,False,0.0258405
ace-cuda,_Z19boundaryConditionsUPA400_A400_dd,A100,GPT 5.4,True,0.0323365
ace-cuda,_Z19boundaryConditionsUPA400_A400_dd,A100,GPT OSS,False,0.000797636
ace-cuda,_Z19boundaryConditionsUPA400_A400_dd,A100,GPT OSS,True,0.0027492
ace-cuda,_Z19boundaryConditionsUPA400_A400_dd,A100,Opus 4.6,False,0.11614
ace-cuda,_Z19boundaryConditionsUPA400_A400_dd,A100,Opus 4.6,True,0.11034
ace-cuda,_Z19boundaryConditionsUPA400_A400_dd,H100,GPT 5.4,False,0.026348
ace-cuda,_Z19boundaryConditionsUPA400_A400_dd,H100,GPT 5.4,True,0.029259
ace-cuda,_Z19boundaryConditionsUPA400_A400_dd,H100,GPT OSS,False,0.000723877
ace-cuda,_Z19boundaryConditionsUPA400_A400_dd,H100,GPT OSS,True,0.000816381
ace-cuda,_Z19boundaryConditionsUPA400_A400_dd,H100,Opus 4.6,False,0.097415
ace-cuda,_Z19boundaryConditionsUPA400_A400_dd,H100,Opus 4.6,True,0.099005
ace-cuda,_Z21boundaryConditionsPhiPA400_A400_d,3080,GPT 5.4,False,0.032185
ace-cuda,_Z21boundaryConditionsPhiPA400_A400_d,3080,GPT 5.4,True,0.030609
ace-cuda,_Z21boundaryConditionsPhiPA400_A400_d,3080,GPT OSS,False,0.000706709
ace-cuda,_Z21boundaryConditionsPhiPA400_A400_d,3080,GPT OSS,True,0.00272235
ace-cuda,_Z21boundaryConditionsPhiPA400_A400_d,3080,Opus 4.6,False,0.103585
ace-cuda,_Z21boundaryConditionsPhiPA400_A400_d,3080,Opus 4.6,True,0.09676
ace-cuda,_Z21boundaryConditionsPhiPA400_A400_d,A10,GPT 5.4,False,0.025513
ace-cuda,_Z21boundaryConditionsPhiPA400_A400_d,A10,GPT 5.4,True,0.029634
ace-cuda,_Z21boundaryConditionsPhiPA400_A400_d,A10,GPT OSS,False,0.000806941
ace-cuda,_Z21boundaryConditionsPhiPA400_A400_d,A10,GPT OSS,True,0.000803605
ace-cuda,_Z21boundaryConditionsPhiPA400_A400_d,A10,Opus 4.6,False,0.111675
ace-cuda,_Z21boundaryConditionsPhiPA400_A400_d,A10,Opus 4.6,True,0.11705
ace-cuda,_Z21boundaryConditionsPhiPA400_A400_d,A100,GPT 5.4,False,0.0266755
ace-cuda,_Z21boundaryConditionsPhiPA400_A400_d,A100,GPT 5.4,True,0.0322665
ace-cuda,_Z21boundaryConditionsPhiPA400_A400_d,A100,GPT OSS,False,0.000686408
ace-cuda,_Z21boundaryConditionsPhiPA400_A400_d,A100,GPT OSS,True,0.0025764
ace-cuda,_Z21boundaryConditionsPhiPA400_A400_d,A100,Opus 4.6,False,0.091715
ace-cuda,_Z21boundaryConditionsPhiPA400_A400_d,A100,Opus 4.6,True,0.11694
ace-cuda,_Z21boundaryConditionsPhiPA400_A400_d,H100,GPT 5.4,False,0.033
ace-cuda,_Z21boundaryConditionsPhiPA400_A400_d,H100,GPT 5.4,True,0.031449
ace-cuda,_Z21boundaryConditionsPhiPA400_A400_d,H100,GPT OSS,False,0.000648559
ace-cuda,_Z21boundaryConditionsPhiPA400_A400_d,H100,Opus 4.6,False,0.089215
ace-cuda,_Z21boundaryConditionsPhiPA400_A400_d,H100,Opus 4.6,True,0.106165
ace-cuda,_Z8swapGridPA400_A400_dS1_,3080,GPT 5.4,False,0.0264855
ace-cuda,_Z8swapGridPA400_A400_dS1_,3080,GPT 5.4,True,0.0359425
ace-cuda,_Z8swapGridPA400_A400_dS1_,3080,GPT OSS,False,0.000663964
ace-cuda,_Z8swapGridPA400_A400_dS1_,3080,GPT OSS,True,0.0026376
ace-cuda,_Z8swapGridPA400_A400_dS1_,3080,Opus 4.6,False,0.08298
ace-cuda,_Z8swapGridPA400_A400_dS1_,3080,Opus 4.6,True,0.089705
ace-cuda,_Z8swapGridPA400_A400_dS1_,A10,GPT 5.4,False,0.0268755
ace-cuda,_Z8swapGridPA400_A400_dS1_,A10,GPT 5.4,True,0.0295465
ace-cuda,_Z8swapGridPA400_A400_dS1_,A10,GPT OSS,False,0.000688386
ace-cuda,_Z8swapGridPA400_A400_dS1_,A10,GPT OSS,True,0.002511
ace-cuda,_Z8swapGridPA400_A400_dS1_,A10,Opus 4.6,False,0.083245
ace-cuda,_Z8swapGridPA400_A400_dS1_,A10,Opus 4.6,True,0.08992
ace-cuda,_Z8swapGridPA400_A400_dS1_,A100,GPT 5.4,False,0.027348
ace-cuda,_Z8swapGridPA400_A400_dS1_,A100,GPT 5.4,True,0.0298915
ace-cuda,_Z8swapGridPA400_A400_dS1_,A100,GPT OSS,False,0.000615543
ace-cuda,_Z8swapGridPA400_A400_dS1_,A100,Opus 4.6,False,0.082185
ace-cuda,_Z8swapGridPA400_A400_dS1_,A100,Opus 4.6,True,0.092755
ace-cuda,_Z8swapGridPA400_A400_dS1_,H100,GPT 5.4,False,0.0268805
ace-cuda,_Z8swapGridPA400_A400_dS1_,H100,GPT 5.4,True,0.0292765
ace-cuda,_Z8swapGridPA400_A400_dS1_,H100,GPT OSS,True,0.0027804
ace-cuda,_Z8swapGridPA400_A400_dS1_,H100,Opus 4.6,False,0.079585
ace-cuda,_Z8swapGridPA400_A400_dS1_,H100,Opus 4.6,True,0.09087
ace-cuda,_Z9allenCahnPA400_A400_dS1_S1_S1_S1_S1_dddddddd,3080,GPT 5.4,False,0.0307405
ace-cuda,_Z9allenCahnPA400_A400_dS1_S1_S1_S1_S1_dddddddd,3080,GPT 5.4,True,0.061424
ace-cuda,_Z9allenCahnPA400_A400_dS1_S1_S1_S1_S1_dddddddd,3080,GPT OSS,False,0.0041271
ace-cuda,_Z9allenCahnPA400_A400_dS1_S1_S1_S1_S1_dddddddd,3080,GPT OSS,True,0.00692805
ace-cuda,_Z9allenCahnPA400_A400_dS1_S1_S1_S1_S1_dddddddd,3080,Opus 4.6,False,0.213845
ace-cuda,_Z9allenCahnPA400_A400_dS1_S1_S1_S1_S1_dddddddd,3080,Opus 4.6,True,0.210365
ace-cuda,_Z9allenCahnPA400_A400_dS1_S1_S1_S1_S1_dddddddd,A10,GPT 5.4,False,0.0299905
ace-cuda,_Z9allenCahnPA400_A400_dS1_S1_S1_S1_S1_dddddddd,A10,GPT 5.4,True,0.059234
ace-cuda,_Z9allenCahnPA400_A400_dS1_S1_S1_S1_S1_dddddddd,A10,GPT OSS,False,0.001307198
ace-cuda,_Z9allenCahnPA400_A400_dS1_S1_S1_S1_S1_dddddddd,A10,GPT OSS,True,0.00593985
ace-cuda,_Z9allenCahnPA400_A400_dS1_S1_S1_S1_S1_dddddddd,A10,Opus 4.6,False,0.129785
ace-cuda,_Z9allenCahnPA400_A400_dS1_S1_S1_S1_S1_dddddddd,A10,Opus 4.6,True,0.196905
ace-cuda,_Z9allenCahnPA400_A400_dS1_S1_S1_S1_S1_dddddddd,A100,GPT 5.4,False,0.032608
ace-cuda,_Z9allenCahnPA400_A400_dS1_S1_S1_S1_S1_dddddddd,A100,GPT 5.4,True,0.0603715
ace-cuda,_Z9allenCahnPA400_A400_dS1_S1_S1_S1_S1_dddddddd,A100,GPT OSS,False,0.00432435
ace-cuda,_Z9allenCahnPA400_A400_dS1_S1_S1_S1_S1_dddddddd,A100,Opus 4.6,False,0.135475
ace-cuda,_Z9allenCahnPA400_A400_dS1_S1_S1_S1_S1_dddddddd,A100,Opus 4.6,True,0.20648
ace-cuda,_Z9allenCahnPA400_A400_dS1_S1_S1_S1_S1_dddddddd,H100,GPT 5.4,False,0.0308805
ace-cuda,_Z9allenCahnPA400_A400_dS1_S1_S1_S1_S1_dddddddd,H100,GPT 5.4,True,0.0614665
ace-cuda,_Z9allenCahnPA400_A400_dS1_S1_S1_S1_S1_dddddddd,H100,Opus 4.6,False,0.162325
ace-cuda,_Z9allenCahnPA400_A400_dS1_S1_S1_S1_S1_dddddddd,H100,Opus 4.6,True,0.220475
ace-omp,_Z14calculateForcePA400_A400_dS1_S1_S1_dddddd_l117,3080,GPT 5.4,False,0.032623
ace-omp,_Z14calculateForcePA400_A400_dS1_S1_S1_dddddd_l117,3080,GPT 5.4,True,0.060344
ace-omp,_Z14calculateForcePA400_A400_dS1_S1_S1_dddddd_l117,3080,GPT OSS,False,0.00347055
ace-omp,_Z14calculateForcePA400_A400_dS1_S1_S1_dddddd_l117,3080,GPT OSS,True,0.001075391
ace-omp,_Z14calculateForcePA400_A400_dS1_S1_S1_dddddd_l117,3080,Opus 4.6,False,0.17811
ace-omp,_Z14calculateForcePA400_A400_dS1_S1_S1_dddddd_l117,3080,Opus 4.6,True,0.20368
ace-omp,_Z14calculateForcePA400_A400_dS1_S1_S1_dddddd_l117,A10,GPT 5.4,False,0.0337
ace-omp,_Z14calculateForcePA400_A400_dS1_S1_S1_dddddd_l117,A10,GPT 5.4,True,0.063914
ace-omp,_Z14calculateForcePA400_A400_dS1_S1_S1_dddddd_l117,A10,GPT OSS,False,0.00369645
ace-omp,_Z14calculateForcePA400_A400_dS1_S1_S1_dddddd_l117,A10,GPT OSS,True,0.000938751
ace-omp,_Z14calculateForcePA400_A400_dS1_S1_S1_dddddd_l117,A10,Opus 4.6,False,0.245445
ace-omp,_Z14calculateForcePA400_A400_dS1_S1_S1_dddddd_l117,A10,Opus 4.6,True,0.21579
ace-omp,_Z14calculateForcePA400_A400_dS1_S1_S1_dddddd_l117,A100,GPT 5.4,False,0.0305755
ace-omp,_Z14calculateForcePA400_A400_dS1_S1_S1_dddddd_l117,A100,GPT 5.4,True,0.0614415
ace-omp,_Z14calculateForcePA400_A400_dS1_S1_S1_dddddd_l117,A100,GPT OSS,False,0.0034857
ace-omp,_Z14calculateForcePA400_A400_dS1_S1_S1_dddddd_l117,A100,GPT OSS,True,0.001622398
ace-omp,_Z14calculateForcePA400_A400_dS1_S1_S1_dddddd_l117,A100,Opus 4.6,False,0.16671
ace-omp,_Z14calculateForcePA400_A400_dS1_S1_S1_dddddd_l117,A100,Opus 4.6,True,0.203905
ace-omp,_Z14calculateForcePA400_A400_dS1_S1_S1_dddddd_l117,H100,GPT 5.4,False,0.029838
ace-omp,_Z14calculateForcePA400_A400_dS1_S1_S1_dddddd_l117,H100,GPT 5.4,True,0.0603915
ace-omp,_Z14calculateForcePA400_A400_dS1_S1_S1_dddddd_l117,H100,Opus 4.6,False,0.124335
ace-omp,_Z14calculateForcePA400_A400_dS1_S1_S1_dddddd_l117,H100,Opus 4.6,True,0.252685
ace-omp,_Z15thermalEquationPA400_A400_dS1_S1_S1_ddddd_l214,3080,GPT 5.4,False,0.030053
ace-omp,_Z15thermalEquationPA400_A400_dS1_S1_S1_ddddd_l214,3080,GPT 5.4,True,0.048534
ace-omp,_Z15thermalEquationPA400_A400_dS1_S1_S1_ddddd_l214,3080,GPT OSS,False,0.000572021
ace-omp,_Z15thermalEquationPA400_A400_dS1_S1_S1_ddddd_l214,3080,GPT OSS,True,0.001214459
ace-omp,_Z15thermalEquationPA400_A400_dS1_S1_S1_ddddd_l214,3080,Opus 4.6,False,0.130835
ace-omp,_Z15thermalEquationPA400_A400_dS1_S1_S1_ddddd_l214,3080,Opus 4.6,True,0.22213
ace-omp,_Z15thermalEquationPA400_A400_dS1_S1_S1_ddddd_l214,A10,GPT 5.4,False,0.030518
ace-omp,_Z15thermalEquationPA400_A400_dS1_S1_S1_ddddd_l214,A10,GPT 5.4,True,0.050589
ace-omp,_Z15thermalEquationPA400_A400_dS1_S1_S1_ddddd_l214,A10,GPT OSS,False,0.00165795
ace-omp,_Z15thermalEquationPA400_A400_dS1_S1_S1_ddddd_l214,A10,GPT OSS,True,0.001188209
ace-omp,_Z15thermalEquationPA400_A400_dS1_S1_S1_ddddd_l214,A10,Opus 4.6,False,0.119395
ace-omp,_Z15thermalEquationPA400_A400_dS1_S1_S1_ddddd_l214,A10,Opus 4.6,True,0.193815
ace-omp,_Z15thermalEquationPA400_A400_dS1_S1_S1_ddddd_l214,A100,GPT 5.4,False,0.0296405
ace-omp,_Z15thermalEquationPA400_A400_dS1_S1_S1_ddddd_l214,A100,GPT 5.4,True,0.0503865
ace-omp,_Z15thermalEquationPA400_A400_dS1_S1_S1_ddddd_l214,A100,GPT OSS,True,0.00138584
ace-omp,_Z15thermalEquationPA400_A400_dS1_S1_S1_ddddd_l214,A100,Opus 4.6,False,0.13301
ace-omp,_Z15thermalEquationPA400_A400_dS1_S1_S1_ddddd_l214,A100,Opus 4.6,True,0.204415
ace-omp,_Z15thermalEquationPA400_A400_dS1_S1_S1_ddddd_l214,H100,GPT 5.4,False,0.029548
ace-omp,_Z15thermalEquationPA400_A400_dS1_S1_S1_ddddd_l214,H100,GPT 5.4,True,0.0520215
ace-omp,_Z15thermalEquationPA400_A400_dS1_S1_S1_ddddd_l214,H100,GPT OSS,True,0.0045363
ace-omp,_Z15thermalEquationPA400_A400_dS1_S1_S1_ddddd_l214,H100,Opus 4.6,False,0.11531
ace-omp,_Z15thermalEquationPA400_A400_dS1_S1_S1_ddddd_l214,H100,Opus 4.6,True,0.18399
ace-omp,_Z19boundaryConditionsUPA400_A400_dd_l230,3080,GPT 5.4,False,0.026773
ace-omp,_Z19boundaryConditionsUPA400_A400_dd_l230,3080,GPT 5.4,True,0.034494
ace-omp,_Z19boundaryConditionsUPA400_A400_dd_l230,3080,GPT OSS,False,0.00256755
ace-omp,_Z19boundaryConditionsUPA400_A400_dd_l230,3080,GPT OSS,True,0.00327015
ace-omp,_Z19boundaryConditionsUPA400_A400_dd_l230,3080,Opus 4.6,False,0.09674
ace-omp,_Z19boundaryConditionsUPA400_A400_dd_l230,3080,Opus 4.6,True,0.11124
ace-omp,_Z19boundaryConditionsUPA400_A400_dd_l230,A10,GPT 5.4,False,0.03232
ace-omp,_Z19boundaryConditionsUPA400_A400_dd_l230,A10,GPT 5.4,True,0.033624
ace-omp,_Z19boundaryConditionsUPA400_A400_dd_l230,A10,GPT OSS,False,0.00233325
ace-omp,_Z19boundaryConditionsUPA400_A400_dd_l230,A10,GPT OSS,True,0.00261705
ace-omp,_Z19boundaryConditionsUPA400_A400_dd_l230,A10,Opus 4.6,False,0.09115
ace-omp,_Z19boundaryConditionsUPA400_A400_dd_l230,A10,Opus 4.6,True,0.1088
ace-omp,_Z19boundaryConditionsUPA400_A400_dd_l230,A100,GPT 5.4,False,0.0266155
ace-omp,_Z19boundaryConditionsUPA400_A400_dd_l230,A100,GPT 5.4,True,0.0344665
ace-omp,_Z19boundaryConditionsUPA400_A400_dd_l230,A100,GPT OSS,True,0.0031365
ace-omp,_Z19boundaryConditionsUPA400_A400_dd_l230,A100,Opus 4.6,False,0.10524
ace-omp,_Z19boundaryConditionsUPA400_A400_dd_l230,A100,Opus 4.6,True,0.116745
ace-omp,_Z19boundaryConditionsUPA400_A400_dd_l230,H100,GPT 5.4,False,0.025653
ace-omp,_Z19boundaryConditionsUPA400_A400_dd_l230,H100,GPT 5.4,True,0.034649
ace-omp,_Z19boundaryConditionsUPA400_A400_dd_l230,H100,GPT OSS,False,0.00248595
ace-omp,_Z19boundaryConditionsUPA400_A400_dd_l230,H100,GPT OSS,True,0.00274275
ace-omp,_Z19boundaryConditionsUPA400_A400_dd_l230,H100,Opus 4.6,False,0.092015
ace-omp,_Z19boundaryConditionsUPA400_A400_dd_l230,H100,Opus 4.6,True,0.123285
ace-omp,_Z21boundaryConditionsPhiPA400_A400_d_l180,3080,GPT 5.4,False,0.03089
ace-omp,_Z21boundaryConditionsPhiPA400_A400_d_l180,3080,GPT 5.4,True,0.033764
ace-omp,_Z21boundaryConditionsPhiPA400_A400_d_l180,3080,GPT OSS,False,0.000675497
ace-omp,_Z21boundaryConditionsPhiPA400_A400_d_l180,3080,GPT OSS,True,0.000756539
ace-omp,_Z21boundaryConditionsPhiPA400_A400_d_l180,3080,Opus 4.6,False,0.090365
ace-omp,_Z21boundaryConditionsPhiPA400_A400_d_l180,3080,Opus 4.6,True,0.12027
ace-omp,_Z21boundaryConditionsPhiPA400_A400_d_l180,A10,GPT 5.4,False,0.026393
ace-omp,_Z21boundaryConditionsPhiPA400_A400_d_l180,A10,GPT 5.4,True,0.033779
ace-omp,_Z21boundaryConditionsPhiPA400_A400_d_l180,A10,GPT OSS,False,0.000646777
ace-omp,_Z21boundaryConditionsPhiPA400_A400_d_l180,A10,GPT OSS,True,0.00269055
ace-omp,_Z21boundaryConditionsPhiPA400_A400_d_l180,A10,Opus 4.6,False,0.1019
ace-omp,_Z21boundaryConditionsPhiPA400_A400_d_l180,A10,Opus 4.6,True,0.10908
ace-omp,_Z21boundaryConditionsPhiPA400_A400_d_l180,A100,GPT 5.4,False,0.0319025
ace-omp,_Z21boundaryConditionsPhiPA400_A400_d_l180,A100,GPT 5.4,True,0.0349515
ace-omp,_Z21boundaryConditionsPhiPA400_A400_d_l180,A100,GPT OSS,True,0.0025689
ace-omp,_Z21boundaryConditionsPhiPA400_A400_d_l180,A100,Opus 4.6,False,0.103765
ace-omp,_Z21boundaryConditionsPhiPA400_A400_d_l180,A100,Opus 4.6,True,0.11971
ace-omp,_Z21boundaryConditionsPhiPA400_A400_d_l180,H100,GPT 5.4,False,0.026308
ace-omp,_Z21boundaryConditionsPhiPA400_A400_d_l180,H100,GPT 5.4,True,0.0362765
ace-omp,_Z21boundaryConditionsPhiPA400_A400_d_l180,H100,GPT OSS,False,0.000664525
ace-omp,_Z21boundaryConditionsPhiPA400_A400_d_l180,H100,Opus 4.6,False,0.09409
ace-omp,_Z21boundaryConditionsPhiPA400_A400_d_l180,H100,Opus 4.6,True,0.137815
ace-omp,_Z8swapGridPA400_A400_dS1__l261,3080,GPT 5.4,False,0.026858
ace-omp,_Z8swapGridPA400_A400_dS1__l261,3080,GPT 5.4,True,0.031024
ace-omp,_Z8swapGridPA400_A400_dS1__l261,3080,GPT OSS,False,0.00212475
ace-omp,_Z8swapGridPA400_A400_dS1__l261,3080,GPT OSS,True,0.00262305
ace-omp,_Z8swapGridPA400_A400_dS1__l261,3080,Opus 4.6,False,0.083255
ace-omp,_Z8swapGridPA400_A400_dS1__l261,3080,Opus 4.6,True,0.097055
ace-omp,_Z8swapGridPA400_A400_dS1__l261,A10,GPT 5.4,False,0.026348
ace-omp,_Z8swapGridPA400_A400_dS1__l261,A10,GPT 5.4,True,0.031759
ace-omp,_Z8swapGridPA400_A400_dS1__l261,A10,GPT OSS,False,0.00217185
ace-omp,_Z8swapGridPA400_A400_dS1__l261,A10,GPT OSS,True,0.00292935
ace-omp,_Z8swapGridPA400_A400_dS1__l261,A10,Opus 4.6,False,0.083365
ace-omp,_Z8swapGridPA400_A400_dS1__l261,A10,Opus 4.6,True,0.09829
ace-omp,_Z8swapGridPA400_A400_dS1__l261,A100,GPT 5.4,False,0.0269405
ace-omp,_Z8swapGridPA400_A400_dS1__l261,A100,GPT 5.4,True,0.033449
ace-omp,_Z8swapGridPA400_A400_dS1__l261,A100,GPT OSS,True,0.00271245
ace-omp,_Z8swapGridPA400_A400_dS1__l261,A100,Opus 4.6,False,0.08628
ace-omp,_Z8swapGridPA400_A400_dS1__l261,A100,Opus 4.6,True,0.107825
ace-omp,_Z8swapGridPA400_A400_dS1__l261,H100,GPT 5.4,False,0.026668
ace-omp,_Z8swapGridPA400_A400_dS1__l261,H100,GPT 5.4,True,0.0312265
ace-omp,_Z8swapGridPA400_A400_dS1__l261,H100,GPT OSS,False,0.00226035
ace-omp,_Z8swapGridPA400_A400_dS1__l261,H100,GPT OSS,True,0.002718
ace-omp,_Z8swapGridPA400_A400_dS1__l261,H100,Opus 4.6,False,0.084555
ace-omp,_Z8swapGridPA400_A400_dS1__l261,H100,Opus 4.6,True,0.108085
adam-cuda,_Z4adamIffEvPT_S1_S1_PKT0_fffffim10adamMode_tf,3080,GPT 5.4,False,0.0217455
adam-cuda,_Z4adamIffEvPT_S1_S1_PKT0_fffffim10adamMode_tf,3080,GPT 5.4,True,0.0580015
adam-cuda,_Z4adamIffEvPT_S1_S1_PKT0_fffffim10adamMode_tf,3080,GPT OSS,False,0.0020298
adam-cuda,_Z4adamIffEvPT_S1_S1_PKT0_fffffim10adamMode_tf,3080,GPT OSS,True,0.0046731
adam-cuda,_Z4adamIffEvPT_S1_S1_PKT0_fffffim10adamMode_tf,3080,Opus 4.6,False,0.081515
adam-cuda,_Z4adamIffEvPT_S1_S1_PKT0_fffffim10adamMode_tf,3080,Opus 4.6,True,0.33197
adam-cuda,_Z4adamIffEvPT_S1_S1_PKT0_fffffim10adamMode_tf,A10,GPT 5.4,False,0.0207605
adam-cuda,_Z4adamIffEvPT_S1_S1_PKT0_fffffim10adamMode_tf,A10,GPT 5.4,True,0.0591915
adam-cuda,_Z4adamIffEvPT_S1_S1_PKT0_fffffim10adamMode_tf,A10,GPT OSS,False,0.0022938
adam-cuda,_Z4adamIffEvPT_S1_S1_PKT0_fffffim10adamMode_tf,A10,GPT OSS,True,0.0046857
adam-cuda,_Z4adamIffEvPT_S1_S1_PKT0_fffffim10adamMode_tf,A10,Opus 4.6,False,0.086135
adam-cuda,_Z4adamIffEvPT_S1_S1_PKT0_fffffim10adamMode_tf,A10,Opus 4.6,True,0.25559
adam-cuda,_Z4adamIffEvPT_S1_S1_PKT0_fffffim10adamMode_tf,A100,GPT 5.4,False,0.020393
adam-cuda,_Z4adamIffEvPT_S1_S1_PKT0_fffffim10adamMode_tf,A100,GPT 5.4,True,0.0589815
adam-cuda,_Z4adamIffEvPT_S1_S1_PKT0_fffffim10adamMode_tf,A100,GPT OSS,False,0.00213585
adam-cuda,_Z4adamIffEvPT_S1_S1_PKT0_fffffim10adamMode_tf,A100,GPT OSS,True,0.0047715
adam-cuda,_Z4adamIffEvPT_S1_S1_PKT0_fffffim10adamMode_tf,A100,Opus 4.6,False,0.091875
adam-cuda,_Z4adamIffEvPT_S1_S1_PKT0_fffffim10adamMode_tf,A100,Opus 4.6,True,0.19937
adam-cuda,_Z4adamIffEvPT_S1_S1_PKT0_fffffim10adamMode_tf,H100,GPT 5.4,False,0.0210325
adam-cuda,_Z4adamIffEvPT_S1_S1_PKT0_fffffim10adamMode_tf,H100,GPT 5.4,True,0.0592015
adam-cuda,_Z4adamIffEvPT_S1_S1_PKT0_fffffim10adamMode_tf,H100,GPT OSS,False,0.0025359
adam-cuda,_Z4adamIffEvPT_S1_S1_PKT0_fffffim10adamMode_tf,H100,GPT OSS,True,0.0047541
adam-cuda,_Z4adamIffEvPT_S1_S1_PKT0_fffffim10adamMode_tf,H100,Opus 4.6,False,0.07675
adam-cuda,_Z4adamIffEvPT_S1_S1_PKT0_fffffim10adamMode_tf,H100,Opus 4.6,True,0.214335
adam-omp,_Z4adamIffEvPT_S1_S1_PKT0_fffffim10adamMode_tf_l25,3080,GPT 5.4,False,0.0186605
adam-omp,_Z4adamIffEvPT_S1_S1_PKT0_fffffim10adamMode_tf_l25,3080,GPT 5.4,True,0.0493865
adam-omp,_Z4adamIffEvPT_S1_S1_PKT0_fffffim10adamMode_tf_l25,3080,GPT OSS,False,0.0023379
adam-omp,_Z4adamIffEvPT_S1_S1_PKT0_fffffim10adamMode_tf_l25,3080,GPT OSS,True,0.0039069
adam-omp,_Z4adamIffEvPT_S1_S1_PKT0_fffffim10adamMode_tf_l25,3080,Opus 4.6,False,0.069525
adam-omp,_Z4adamIffEvPT_S1_S1_PKT0_fffffim10adamMode_tf_l25,3080,Opus 4.6,True,0.19249
adam-omp,_Z4adamIffEvPT_S1_S1_PKT0_fffffim10adamMode_tf_l25,A10,GPT 5.4,False,0.0190655
adam-omp,_Z4adamIffEvPT_S1_S1_PKT0_fffffim10adamMode_tf_l25,A10,GPT 5.4,True,0.0488315
adam-omp,_Z4adamIffEvPT_S1_S1_PKT0_fffffim10adamMode_tf_l25,A10,GPT OSS,False,0.0021468
adam-omp,_Z4adamIffEvPT_S1_S1_PKT0_fffffim10adamMode_tf_l25,A10,GPT OSS,True,0.0042066
adam-omp,_Z4adamIffEvPT_S1_S1_PKT0_fffffim10adamMode_tf_l25,A10,Opus 4.6,False,0.072575
adam-omp,_Z4adamIffEvPT_S1_S1_PKT0_fffffim10adamMode_tf_l25,A10,Opus 4.6,True,0.168515
adam-omp,_Z4adamIffEvPT_S1_S1_PKT0_fffffim10adamMode_tf_l25,A100,GPT 5.4,False,0.019448
adam-omp,_Z4adamIffEvPT_S1_S1_PKT0_fffffim10adamMode_tf_l25,A100,GPT 5.4,True,0.0512815
adam-omp,_Z4adamIffEvPT_S1_S1_PKT0_fffffim10adamMode_tf_l25,A100,GPT OSS,False,0.00225885
adam-omp,_Z4adamIffEvPT_S1_S1_PKT0_fffffim10adamMode_tf_l25,A100,GPT OSS,True,0.0040719
adam-omp,_Z4adamIffEvPT_S1_S1_PKT0_fffffim10adamMode_tf_l25,A100,Opus 4.6,False,0.07284
adam-omp,_Z4adamIffEvPT_S1_S1_PKT0_fffffim10adamMode_tf_l25,A100,Opus 4.6,True,0.177275
adam-omp,_Z4adamIffEvPT_S1_S1_PKT0_fffffim10adamMode_tf_l25,H100,GPT 5.4,False,0.0190705
adam-omp,_Z4adamIffEvPT_S1_S1_PKT0_fffffim10adamMode_tf_l25,H100,GPT 5.4,True,0.0566875
adam-omp,_Z4adamIffEvPT_S1_S1_PKT0_fffffim10adamMode_tf_l25,H100,GPT OSS,False,0.0020859
adam-omp,_Z4adamIffEvPT_S1_S1_PKT0_fffffim10adamMode_tf_l25,H100,GPT OSS,True,0.0041814
adam-omp,_Z4adamIffEvPT_S1_S1_PKT0_fffffim10adamMode_tf_l25,H100,Opus 4.6,False,0.074815
adam-omp,_Z4adamIffEvPT_S1_S1_PKT0_fffffim10adamMode_tf_l25,H100,Opus 4.6,True,0.18711
adamw-cuda,_Z17fused_4bit_kernelIfLi64EEvPT_PKS0_S1_S1_PaS4_fffffflffffff,3080,GPT 5.4,False,0.030263
adamw-cuda,_Z17fused_4bit_kernelIfLi64EEvPT_PKS0_S1_S1_PaS4_fffffflffffff,3080,GPT 5.4,True,0.083615
adamw-cuda,_Z17fused_4bit_kernelIfLi64EEvPT_PKS0_S1_S1_PaS4_fffffflffffff,3080,GPT OSS,False,0.00299655
adamw-cuda,_Z17fused_4bit_kernelIfLi64EEvPT_PKS0_S1_S1_PaS4_fffffflffffff,3080,GPT OSS,True,0.001741409
adamw-cuda,_Z17fused_4bit_kernelIfLi64EEvPT_PKS0_S1_S1_PaS4_fffffflffffff,3080,Opus 4.6,False,0.13408
adamw-cuda,_Z17fused_4bit_kernelIfLi64EEvPT_PKS0_S1_S1_PaS4_fffffflffffff,3080,Opus 4.6,True,0.256335
adamw-cuda,_Z17fused_4bit_kernelIfLi64EEvPT_PKS0_S1_S1_PaS4_fffffflffffff,A10,GPT 5.4,False,0.028513
adamw-cuda,_Z17fused_4bit_kernelIfLi64EEvPT_PKS0_S1_S1_PaS4_fffffflffffff,A10,GPT 5.4,True,0.076639
adamw-cuda,_Z17fused_4bit_kernelIfLi64EEvPT_PKS0_S1_S1_PaS4_fffffflffffff,A10,GPT OSS,False,0.00329535
adamw-cuda,_Z17fused_4bit_kernelIfLi64EEvPT_PKS0_S1_S1_PaS4_fffffflffffff,A10,GPT OSS,True,0.001860953
adamw-cuda,_Z17fused_4bit_kernelIfLi64EEvPT_PKS0_S1_S1_PaS4_fffffflffffff,A10,Opus 4.6,False,0.135275
adamw-cuda,_Z17fused_4bit_kernelIfLi64EEvPT_PKS0_S1_S1_PaS4_fffffflffffff,A10,Opus 4.6,True,0.28998
adamw-cuda,_Z17fused_4bit_kernelIfLi64EEvPT_PKS0_S1_S1_PaS4_fffffflffffff,A100,GPT 5.4,False,0.0276655
adamw-cuda,_Z17fused_4bit_kernelIfLi64EEvPT_PKS0_S1_S1_PaS4_fffffflffffff,A100,GPT 5.4,True,0.0841725
adamw-cuda,_Z17fused_4bit_kernelIfLi64EEvPT_PKS0_S1_S1_PaS4_fffffflffffff,A100,GPT OSS,False,0.0029424
adamw-cuda,_Z17fused_4bit_kernelIfLi64EEvPT_PKS0_S1_S1_PaS4_fffffflffffff,A100,GPT OSS,True,0.001685894
adamw-cuda,_Z17fused_4bit_kernelIfLi64EEvPT_PKS0_S1_S1_PaS4_fffffflffffff,A100,Opus 4.6,False,0.12739
adamw-cuda,_Z17fused_4bit_kernelIfLi64EEvPT_PKS0_S1_S1_PaS4_fffffflffffff,A100,Opus 4.6,True,0.274305
adamw-cuda,_Z17fused_4bit_kernelIfLi64EEvPT_PKS0_S1_S1_PaS4_fffffflffffff,H100,GPT 5.4,False,0.030213
adamw-cuda,_Z17fused_4bit_kernelIfLi64EEvPT_PKS0_S1_S1_PaS4_fffffflffffff,H100,GPT 5.4,True,0.077605
adamw-cuda,_Z17fused_4bit_kernelIfLi64EEvPT_PKS0_S1_S1_PaS4_fffffflffffff,H100,GPT OSS,False,0.00316125
adamw-cuda,_Z17fused_4bit_kernelIfLi64EEvPT_PKS0_S1_S1_PaS4_fffffflffffff,H100,GPT OSS,True,0.00772275
adamw-cuda,_Z17fused_4bit_kernelIfLi64EEvPT_PKS0_S1_S1_PaS4_fffffflffffff,H100,Opus 4.6,False,0.143415
adamw-cuda,_Z17fused_4bit_kernelIfLi64EEvPT_PKS0_S1_S1_PaS4_fffffflffffff,H100,Opus 4.6,True,0.26032
adamw-omp,_Z17fused_4bit_kernelIfLi64EEviiPT_PKS0_S1_S1_PaS4_fffffflffffff_l135,3080,GPT 5.4,False,0.0289605
adamw-omp,_Z17fused_4bit_kernelIfLi64EEviiPT_PKS0_S1_S1_PaS4_fffffflffffff_l135,3080,GPT 5.4,True,0.1071965
adamw-omp,_Z17fused_4bit_kernelIfLi64EEviiPT_PKS0_S1_S1_PaS4_fffffflffffff_l135,3080,GPT OSS,True,0.002226898
adamw-omp,_Z17fused_4bit_kernelIfLi64EEviiPT_PKS0_S1_S1_PaS4_fffffflffffff_l135,3080,Opus 4.6,False,0.122585
adamw-omp,_Z17fused_4bit_kernelIfLi64EEviiPT_PKS0_S1_S1_PaS4_fffffflffffff_l135,3080,Opus 4.6,True,0.32329
adamw-omp,_Z17fused_4bit_kernelIfLi64EEviiPT_PKS0_S1_S1_PaS4_fffffflffffff_l135,A10,GPT 5.4,False,0.0304305
adamw-omp,_Z17fused_4bit_kernelIfLi64EEviiPT_PKS0_S1_S1_PaS4_fffffflffffff_l135,A10,GPT 5.4,True,0.1077665
adamw-omp,_Z17fused_4bit_kernelIfLi64EEviiPT_PKS0_S1_S1_PaS4_fffffflffffff_l135,A10,GPT OSS,True,0.002307034
adamw-omp,_Z17fused_4bit_kernelIfLi64EEviiPT_PKS0_S1_S1_PaS4_fffffflffffff_l135,A10,Opus 4.6,False,0.12071
adamw-omp,_Z17fused_4bit_kernelIfLi64EEviiPT_PKS0_S1_S1_PaS4_fffffflffffff_l135,A10,Opus 4.6,True,0.32529
adamw-omp,_Z17fused_4bit_kernelIfLi64EEviiPT_PKS0_S1_S1_PaS4_fffffflffffff_l135,A100,GPT 5.4,False,0.03891
adamw-omp,_Z17fused_4bit_kernelIfLi64EEviiPT_PKS0_S1_S1_PaS4_fffffflffffff_l135,A100,GPT 5.4,True,0.1124465
adamw-omp,_Z17fused_4bit_kernelIfLi64EEviiPT_PKS0_S1_S1_PaS4_fffffflffffff_l135,A100,GPT OSS,True,0.002203696
adamw-omp,_Z17fused_4bit_kernelIfLi64EEviiPT_PKS0_S1_S1_PaS4_fffffflffffff_l135,A100,Opus 4.6,False,0.117025
adamw-omp,_Z17fused_4bit_kernelIfLi64EEviiPT_PKS0_S1_S1_PaS4_fffffflffffff_l135,A100,Opus 4.6,True,0.35187
adamw-omp,_Z17fused_4bit_kernelIfLi64EEviiPT_PKS0_S1_S1_PaS4_fffffflffffff_l135,H100,GPT 5.4,False,0.0348725
adamw-omp,_Z17fused_4bit_kernelIfLi64EEviiPT_PKS0_S1_S1_PaS4_fffffflffffff_l135,H100,GPT 5.4,True,0.1166915
adamw-omp,_Z17fused_4bit_kernelIfLi64EEviiPT_PKS0_S1_S1_PaS4_fffffflffffff_l135,H100,GPT OSS,True,0.0083796
adamw-omp,_Z17fused_4bit_kernelIfLi64EEviiPT_PKS0_S1_S1_PaS4_fffffflffffff_l135,H100,Opus 4.6,False,0.125325
adamw-omp,_Z17fused_4bit_kernelIfLi64EEviiPT_PKS0_S1_S1_PaS4_fffffflffffff_l135,H100,Opus 4.6,True,0.37851
addBiasQKV-cuda,_Z22FP8TrtAddQKVBiasKernel21FP8TrtAddQKVBiasParamI13__nv_fp8_e4m313__nv_bfloat16E,3080,GPT 5.4,False,0.0196925
addBiasQKV-cuda,_Z22FP8TrtAddQKVBiasKernel21FP8TrtAddQKVBiasParamI13__nv_fp8_e4m313__nv_bfloat16E,3080,GPT 5.4,True,0.054249
addBiasQKV-cuda,_Z22FP8TrtAddQKVBiasKernel21FP8TrtAddQKVBiasParamI13__nv_fp8_e4m313__nv_bfloat16E,3080,GPT OSS,False,0.000717794
addBiasQKV-cuda,_Z22FP8TrtAddQKVBiasKernel21FP8TrtAddQKVBiasParamI13__nv_fp8_e4m313__nv_bfloat16E,3080,GPT OSS,True,0.00458445
addBiasQKV-cuda,_Z22FP8TrtAddQKVBiasKernel21FP8TrtAddQKVBiasParamI13__nv_fp8_e4m313__nv_bfloat16E,3080,Opus 4.6,False,0.078505
addBiasQKV-cuda,_Z22FP8TrtAddQKVBiasKernel21FP8TrtAddQKVBiasParamI13__nv_fp8_e4m313__nv_bfloat16E,3080,Opus 4.6,True,0.163235
addBiasQKV-cuda,_Z22FP8TrtAddQKVBiasKernel21FP8TrtAddQKVBiasParamI13__nv_fp8_e4m313__nv_bfloat16E,A10,GPT 5.4,False,0.0180205
addBiasQKV-cuda,_Z22FP8TrtAddQKVBiasKernel21FP8TrtAddQKVBiasParamI13__nv_fp8_e4m313__nv_bfloat16E,A10,GPT 5.4,True,0.053849
addBiasQKV-cuda,_Z22FP8TrtAddQKVBiasKernel21FP8TrtAddQKVBiasParamI13__nv_fp8_e4m313__nv_bfloat16E,A10,GPT OSS,False,0.0023538
addBiasQKV-cuda,_Z22FP8TrtAddQKVBiasKernel21FP8TrtAddQKVBiasParamI13__nv_fp8_e4m313__nv_bfloat16E,A10,Opus 4.6,False,0.068
addBiasQKV-cuda,_Z22FP8TrtAddQKVBiasKernel21FP8TrtAddQKVBiasParamI13__nv_fp8_e4m313__nv_bfloat16E,A10,Opus 4.6,True,0.162155
addBiasQKV-cuda,_Z22FP8TrtAddQKVBiasKernel21FP8TrtAddQKVBiasParamI13__nv_fp8_e4m313__nv_bfloat16E,A100,GPT 5.4,False,0.017443
addBiasQKV-cuda,_Z22FP8TrtAddQKVBiasKernel21FP8TrtAddQKVBiasParamI13__nv_fp8_e4m313__nv_bfloat16E,A100,GPT 5.4,True,0.0535765
addBiasQKV-cuda,_Z22FP8TrtAddQKVBiasKernel21FP8TrtAddQKVBiasParamI13__nv_fp8_e4m313__nv_bfloat16E,A100,GPT OSS,False,0.000800785
addBiasQKV-cuda,_Z22FP8TrtAddQKVBiasKernel21FP8TrtAddQKVBiasParamI13__nv_fp8_e4m313__nv_bfloat16E,A100,GPT OSS,True,0.001122738
addBiasQKV-cuda,_Z22FP8TrtAddQKVBiasKernel21FP8TrtAddQKVBiasParamI13__nv_fp8_e4m313__nv_bfloat16E,A100,Opus 4.6,False,0.07494
addBiasQKV-cuda,_Z22FP8TrtAddQKVBiasKernel21FP8TrtAddQKVBiasParamI13__nv_fp8_e4m313__nv_bfloat16E,A100,Opus 4.6,True,0.17426
addBiasQKV-cuda,_Z22FP8TrtAddQKVBiasKernel21FP8TrtAddQKVBiasParamI13__nv_fp8_e4m313__nv_bfloat16E,H100,GPT 5.4,False,0.0178755
addBiasQKV-cuda,_Z22FP8TrtAddQKVBiasKernel21FP8TrtAddQKVBiasParamI13__nv_fp8_e4m313__nv_bfloat16E,H100,GPT 5.4,True,0.023834
addBiasQKV-cuda,_Z22FP8TrtAddQKVBiasKernel21FP8TrtAddQKVBiasParamI13__nv_fp8_e4m313__nv_bfloat16E,H100,GPT OSS,False,0.000605616
addBiasQKV-cuda,_Z22FP8TrtAddQKVBiasKernel21FP8TrtAddQKVBiasParamI13__nv_fp8_e4m313__nv_bfloat16E,H100,GPT OSS,True,0.000915557
addBiasQKV-cuda,_Z22FP8TrtAddQKVBiasKernel21FP8TrtAddQKVBiasParamI13__nv_fp8_e4m313__nv_bfloat16E,H100,Opus 4.6,False,0.07689
addBiasQKV-cuda,_Z22FP8TrtAddQKVBiasKernel21FP8TrtAddQKVBiasParamI13__nv_fp8_e4m313__nv_bfloat16E,H100,Opus 4.6,True,0.09364
addBiasResidualLayerNorm-cuda,_Z28addBiasResidualPostLayerNormI6__halfLi1EEvPT_PKS1_S4_S4_S4_fi,3080,GPT 5.4,False,0.0308905
addBiasResidualLayerNorm-cuda,_Z28addBiasResidualPostLayerNormI6__halfLi1EEvPT_PKS1_S4_S4_S4_fi,3080,GPT 5.4,True,0.0517415
addBiasResidualLayerNorm-cuda,_Z28addBiasResidualPostLayerNormI6__halfLi1EEvPT_PKS1_S4_S4_S4_fi,3080,GPT OSS,True,0.001262548
addBiasResidualLayerNorm-cuda,_Z28addBiasResidualPostLayerNormI6__halfLi1EEvPT_PKS1_S4_S4_S4_fi,3080,Opus 4.6,False,0.123375
addBiasResidualLayerNorm-cuda,_Z28addBiasResidualPostLayerNormI6__halfLi1EEvPT_PKS1_S4_S4_S4_fi,3080,Opus 4.6,True,0.180325
addBiasResidualLayerNorm-cuda,_Z28addBiasResidualPostLayerNormI6__halfLi1EEvPT_PKS1_S4_S4_S4_fi,A10,GPT 5.4,False,0.0305955
addBiasResidualLayerNorm-cuda,_Z28addBiasResidualPostLayerNormI6__halfLi1EEvPT_PKS1_S4_S4_S4_fi,A10,GPT 5.4,True,0.0512965
addBiasResidualLayerNorm-cuda,_Z28addBiasResidualPostLayerNormI6__halfLi1EEvPT_PKS1_S4_S4_S4_fi,A10,GPT OSS,True,0.001434912
addBiasResidualLayerNorm-cuda,_Z28addBiasResidualPostLayerNormI6__halfLi1EEvPT_PKS1_S4_S4_S4_fi,A10,Opus 4.6,False,0.115945
addBiasResidualLayerNorm-cuda,_Z28addBiasResidualPostLayerNormI6__halfLi1EEvPT_PKS1_S4_S4_S4_fi,A10,Opus 4.6,True,0.16892
addBiasResidualLayerNorm-cuda,_Z28addBiasResidualPostLayerNormI6__halfLi1EEvPT_PKS1_S4_S4_S4_fi,A100,GPT 5.4,False,0.029538
addBiasResidualLayerNorm-cuda,_Z28addBiasResidualPostLayerNormI6__halfLi1EEvPT_PKS1_S4_S4_S4_fi,A100,GPT 5.4,True,0.052709
addBiasResidualLayerNorm-cuda,_Z28addBiasResidualPostLayerNormI6__halfLi1EEvPT_PKS1_S4_S4_S4_fi,A100,GPT OSS,False,0.00301365
addBiasResidualLayerNorm-cuda,_Z28addBiasResidualPostLayerNormI6__halfLi1EEvPT_PKS1_S4_S4_S4_fi,A100,GPT OSS,True,0.001362869
addBiasResidualLayerNorm-cuda,_Z28addBiasResidualPostLayerNormI6__halfLi1EEvPT_PKS1_S4_S4_S4_fi,A100,Opus 4.6,False,0.105335
addBiasResidualLayerNorm-cuda,_Z28addBiasResidualPostLayerNormI6__halfLi1EEvPT_PKS1_S4_S4_S4_fi,A100,Opus 4.6,True,0.15968
addBiasResidualLayerNorm-cuda,_Z28addBiasResidualPostLayerNormI6__halfLi1EEvPT_PKS1_S4_S4_S4_fi,H100,GPT 5.4,False,0.0294155
addBiasResidualLayerNorm-cuda,_Z28addBiasResidualPostLayerNormI6__halfLi1EEvPT_PKS1_S4_S4_S4_fi,H100,GPT 5.4,True,0.048584
addBiasResidualLayerNorm-cuda,_Z28addBiasResidualPostLayerNormI6__halfLi1EEvPT_PKS1_S4_S4_S4_fi,H100,GPT OSS,False,0.0037053
addBiasResidualLayerNorm-cuda,_Z28addBiasResidualPostLayerNormI6__halfLi1EEvPT_PKS1_S4_S4_S4_fi,H100,GPT OSS,True,0.001262261
addBiasResidualLayerNorm-cuda,_Z28addBiasResidualPostLayerNormI6__halfLi1EEvPT_PKS1_S4_S4_S4_fi,H100,Opus 4.6,False,0.10716
addBiasResidualLayerNorm-cuda,_Z28addBiasResidualPostLayerNormI6__halfLi1EEvPT_PKS1_S4_S4_S4_fi,H100,Opus 4.6,True,0.19338
addBiasResidualLayerNorm-cuda,_Z28addBiasResidualPostLayerNormI6__halfLi2EEvPT_PKS1_S4_S4_S4_fi,3080,GPT 5.4,False,0.0316705
addBiasResidualLayerNorm-cuda,_Z28addBiasResidualPostLayerNormI6__halfLi2EEvPT_PKS1_S4_S4_S4_fi,3080,GPT 5.4,True,0.0568225
addBiasResidualLayerNorm-cuda,_Z28addBiasResidualPostLayerNormI6__halfLi2EEvPT_PKS1_S4_S4_S4_fi,3080,GPT OSS,True,0.0054348
addBiasResidualLayerNorm-cuda,_Z28addBiasResidualPostLayerNormI6__halfLi2EEvPT_PKS1_S4_S4_S4_fi,3080,Opus 4.6,False,0.11925
addBiasResidualLayerNorm-cuda,_Z28addBiasResidualPostLayerNormI6__halfLi2EEvPT_PKS1_S4_S4_S4_fi,3080,Opus 4.6,True,0.197335
addBiasResidualLayerNorm-cuda,_Z28addBiasResidualPostLayerNormI6__halfLi2EEvPT_PKS1_S4_S4_S4_fi,A10,GPT 5.4,False,0.0312405
addBiasResidualLayerNorm-cuda,_Z28addBiasResidualPostLayerNormI6__halfLi2EEvPT_PKS1_S4_S4_S4_fi,A10,GPT 5.4,True,0.0528915
addBiasResidualLayerNorm-cuda,_Z28addBiasResidualPostLayerNormI6__halfLi2EEvPT_PKS1_S4_S4_S4_fi,A10,GPT OSS,True,0.0057264
addBiasResidualLayerNorm-cuda,_Z28addBiasResidualPostLayerNormI6__halfLi2EEvPT_PKS1_S4_S4_S4_fi,A10,Opus 4.6,False,0.12022
addBiasResidualLayerNorm-cuda,_Z28addBiasResidualPostLayerNormI6__halfLi2EEvPT_PKS1_S4_S4_S4_fi,A10,Opus 4.6,True,0.18003
addBiasResidualLayerNorm-cuda,_Z28addBiasResidualPostLayerNormI6__halfLi2EEvPT_PKS1_S4_S4_S4_fi,A100,GPT 5.4,False,0.030498
addBiasResidualLayerNorm-cuda,_Z28addBiasResidualPostLayerNormI6__halfLi2EEvPT_PKS1_S4_S4_S4_fi,A100,GPT 5.4,True,0.059025
addBiasResidualLayerNorm-cuda,_Z28addBiasResidualPostLayerNormI6__halfLi2EEvPT_PKS1_S4_S4_S4_fi,A100,GPT OSS,False,0.000738375
addBiasResidualLayerNorm-cuda,_Z28addBiasResidualPostLayerNormI6__halfLi2EEvPT_PKS1_S4_S4_S4_fi,A100,GPT OSS,True,0.001616455
addBiasResidualLayerNorm-cuda,_Z28addBiasResidualPostLayerNormI6__halfLi2EEvPT_PKS1_S4_S4_S4_fi,A100,Opus 4.6,False,0.11726
addBiasResidualLayerNorm-cuda,_Z28addBiasResidualPostLayerNormI6__halfLi2EEvPT_PKS1_S4_S4_S4_fi,A100,Opus 4.6,True,0.190075
addBiasResidualLayerNorm-cuda,_Z28addBiasResidualPostLayerNormI6__halfLi2EEvPT_PKS1_S4_S4_S4_fi,H100,GPT 5.4,False,0.0297005
addBiasResidualLayerNorm-cuda,_Z28addBiasResidualPostLayerNormI6__halfLi2EEvPT_PKS1_S4_S4_S4_fi,H100,GPT 5.4,True,0.052804
addBiasResidualLayerNorm-cuda,_Z28addBiasResidualPostLayerNormI6__halfLi2EEvPT_PKS1_S4_S4_S4_fi,H100,GPT OSS,False,0.001191296
addBiasResidualLayerNorm-cuda,_Z28addBiasResidualPostLayerNormI6__halfLi2EEvPT_PKS1_S4_S4_S4_fi,H100,GPT OSS,True,0.00476955
addBiasResidualLayerNorm-cuda,_Z28addBiasResidualPostLayerNormI6__halfLi2EEvPT_PKS1_S4_S4_S4_fi,H100,Opus 4.6,False,0.119735
addBiasResidualLayerNorm-cuda,_Z28addBiasResidualPostLayerNormI6__halfLi2EEvPT_PKS1_S4_S4_S4_fi,H100,Opus 4.6,True,0.18534
addBiasResidualLayerNorm-cuda,_Z30addBiasResidualPostLayerNormV2I6__halfEvPT_PKS1_S4_S4_S4_fi,3080,GPT 5.4,False,0.0317505
addBiasResidualLayerNorm-cuda,_Z30addBiasResidualPostLayerNormV2I6__halfEvPT_PKS1_S4_S4_S4_fi,3080,GPT 5.4,True,0.0538265
addBiasResidualLayerNorm-cuda,_Z30addBiasResidualPostLayerNormV2I6__halfEvPT_PKS1_S4_S4_S4_fi,3080,GPT OSS,False,0.001026298
addBiasResidualLayerNorm-cuda,_Z30addBiasResidualPostLayerNormV2I6__halfEvPT_PKS1_S4_S4_S4_fi,3080,GPT OSS,True,0.0050769
addBiasResidualLayerNorm-cuda,_Z30addBiasResidualPostLayerNormV2I6__halfEvPT_PKS1_S4_S4_S4_fi,3080,Opus 4.6,False,0.1245
addBiasResidualLayerNorm-cuda,_Z30addBiasResidualPostLayerNormV2I6__halfEvPT_PKS1_S4_S4_S4_fi,3080,Opus 4.6,True,0.192905
addBiasResidualLayerNorm-cuda,_Z30addBiasResidualPostLayerNormV2I6__halfEvPT_PKS1_S4_S4_S4_fi,A10,GPT 5.4,False,0.0316805
addBiasResidualLayerNorm-cuda,_Z30addBiasResidualPostLayerNormV2I6__halfEvPT_PKS1_S4_S4_S4_fi,A10,GPT 5.4,True,0.0548515
addBiasResidualLayerNorm-cuda,_Z30addBiasResidualPostLayerNormV2I6__halfEvPT_PKS1_S4_S4_S4_fi,A10,GPT OSS,False,0.001161422
addBiasResidualLayerNorm-cuda,_Z30addBiasResidualPostLayerNormV2I6__halfEvPT_PKS1_S4_S4_S4_fi,A10,GPT OSS,True,0.001551744
addBiasResidualLayerNorm-cuda,_Z30addBiasResidualPostLayerNormV2I6__halfEvPT_PKS1_S4_S4_S4_fi,A10,Opus 4.6,False,0.111745
addBiasResidualLayerNorm-cuda,_Z30addBiasResidualPostLayerNormV2I6__halfEvPT_PKS1_S4_S4_S4_fi,A10,Opus 4.6,True,0.21385
addBiasResidualLayerNorm-cuda,_Z30addBiasResidualPostLayerNormV2I6__halfEvPT_PKS1_S4_S4_S4_fi,A100,GPT 5.4,False,0.032198
addBiasResidualLayerNorm-cuda,_Z30addBiasResidualPostLayerNormV2I6__halfEvPT_PKS1_S4_S4_S4_fi,A100,GPT 5.4,True,0.054359
addBiasResidualLayerNorm-cuda,_Z30addBiasResidualPostLayerNormV2I6__halfEvPT_PKS1_S4_S4_S4_fi,A100,GPT OSS,False,0.001133229
addBiasResidualLayerNorm-cuda,_Z30addBiasResidualPostLayerNormV2I6__halfEvPT_PKS1_S4_S4_S4_fi,A100,GPT OSS,True,0.001517393
addBiasResidualLayerNorm-cuda,_Z30addBiasResidualPostLayerNormV2I6__halfEvPT_PKS1_S4_S4_S4_fi,A100,Opus 4.6,False,0.107535
addBiasResidualLayerNorm-cuda,_Z30addBiasResidualPostLayerNormV2I6__halfEvPT_PKS1_S4_S4_S4_fi,A100,Opus 4.6,True,0.20019
addBiasResidualLayerNorm-cuda,_Z30addBiasResidualPostLayerNormV2I6__halfEvPT_PKS1_S4_S4_S4_fi,H100,GPT 5.4,False,0.0312805
addBiasResidualLayerNorm-cuda,_Z30addBiasResidualPostLayerNormV2I6__halfEvPT_PKS1_S4_S4_S4_fi,H100,GPT 5.4,True,0.0534165
addBiasResidualLayerNorm-cuda,_Z30addBiasResidualPostLayerNormV2I6__halfEvPT_PKS1_S4_S4_S4_fi,H100,Opus 4.6,False,0.111335
addBiasResidualLayerNorm-cuda,_Z30addBiasResidualPostLayerNormV2I6__halfEvPT_PKS1_S4_S4_S4_fi,H100,Opus 4.6,True,0.19748
addBiasResidualLayerNorm-cuda,_Z35generalAddBiasResidualPostLayerNormI6__halfEvPT_PKS1_S4_S4_S4_fi,3080,GPT 5.4,False,0.0281605
addBiasResidualLayerNorm-cuda,_Z35generalAddBiasResidualPostLayerNormI6__halfEvPT_PKS1_S4_S4_S4_fi,3080,GPT 5.4,True,0.054519
addBiasResidualLayerNorm-cuda,_Z35generalAddBiasResidualPostLayerNormI6__halfEvPT_PKS1_S4_S4_S4_fi,3080,GPT OSS,False,0.00117537
addBiasResidualLayerNorm-cuda,_Z35generalAddBiasResidualPostLayerNormI6__halfEvPT_PKS1_S4_S4_S4_fi,3080,GPT OSS,True,0.001433649
addBiasResidualLayerNorm-cuda,_Z35generalAddBiasResidualPostLayerNormI6__halfEvPT_PKS1_S4_S4_S4_fi,3080,Opus 4.6,False,0.132165
addBiasResidualLayerNorm-cuda,_Z35generalAddBiasResidualPostLayerNormI6__halfEvPT_PKS1_S4_S4_S4_fi,3080,Opus 4.6,True,0.174335
addBiasResidualLayerNorm-cuda,_Z35generalAddBiasResidualPostLayerNormI6__halfEvPT_PKS1_S4_S4_S4_fi,A10,GPT 5.4,False,0.0316605
addBiasResidualLayerNorm-cuda,_Z35generalAddBiasResidualPostLayerNormI6__halfEvPT_PKS1_S4_S4_S4_fi,A10,GPT 5.4,True,0.043574
addBiasResidualLayerNorm-cuda,_Z35generalAddBiasResidualPostLayerNormI6__halfEvPT_PKS1_S4_S4_S4_fi,A10,GPT OSS,False,0.001239054
addBiasResidualLayerNorm-cuda,_Z35generalAddBiasResidualPostLayerNormI6__halfEvPT_PKS1_S4_S4_S4_fi,A10,Opus 4.6,False,0.13546
addBiasResidualLayerNorm-cuda,_Z35generalAddBiasResidualPostLayerNormI6__halfEvPT_PKS1_S4_S4_S4_fi,A10,Opus 4.6,True,0.18588
addBiasResidualLayerNorm-cuda,_Z35generalAddBiasResidualPostLayerNormI6__halfEvPT_PKS1_S4_S4_S4_fi,A100,GPT 5.4,False,0.029658
addBiasResidualLayerNorm-cuda,_Z35generalAddBiasResidualPostLayerNormI6__halfEvPT_PKS1_S4_S4_S4_fi,A100,GPT 5.4,True,0.0550865
addBiasResidualLayerNorm-cuda,_Z35generalAddBiasResidualPostLayerNormI6__halfEvPT_PKS1_S4_S4_S4_fi,A100,GPT OSS,False,0.001174951
addBiasResidualLayerNorm-cuda,_Z35generalAddBiasResidualPostLayerNormI6__halfEvPT_PKS1_S4_S4_S4_fi,A100,GPT OSS,True,0.001414188
addBiasResidualLayerNorm-cuda,_Z35generalAddBiasResidualPostLayerNormI6__halfEvPT_PKS1_S4_S4_S4_fi,A100,Opus 4.6,False,0.122525
addBiasResidualLayerNorm-cuda,_Z35generalAddBiasResidualPostLayerNormI6__halfEvPT_PKS1_S4_S4_S4_fi,A100,Opus 4.6,True,0.19405
addBiasResidualLayerNorm-cuda,_Z35generalAddBiasResidualPostLayerNormI6__halfEvPT_PKS1_S4_S4_S4_fi,H100,GPT 5.4,False,0.0310655
addBiasResidualLayerNorm-cuda,_Z35generalAddBiasResidualPostLayerNormI6__halfEvPT_PKS1_S4_S4_S4_fi,H100,GPT 5.4,True,0.0569665
addBiasResidualLayerNorm-cuda,_Z35generalAddBiasResidualPostLayerNormI6__halfEvPT_PKS1_S4_S4_S4_fi,H100,GPT OSS,False,0.001127032
addBiasResidualLayerNorm-cuda,_Z35generalAddBiasResidualPostLayerNormI6__halfEvPT_PKS1_S4_S4_S4_fi,H100,GPT OSS,True,0.001434072
addBiasResidualLayerNorm-cuda,_Z35generalAddBiasResidualPostLayerNormI6__halfEvPT_PKS1_S4_S4_S4_fi,H100,Opus 4.6,False,0.13255
addBiasResidualLayerNorm-cuda,_Z35generalAddBiasResidualPostLayerNormI6__halfEvPT_PKS1_S4_S4_S4_fi,H100,Opus 4.6,True,0.192975
adjacent-cuda,_Z18BlockAdjDiffKernelILi128EEvPKiPib,3080,GPT 5.4,False,0.0157805
adjacent-cuda,_Z18BlockAdjDiffKernelILi128EEvPKiPib,3080,GPT 5.4,True,0.019499
adjacent-cuda,_Z18BlockAdjDiffKernelILi128EEvPKiPib,3080,GPT OSS,False,0.0016287
adjacent-cuda,_Z18BlockAdjDiffKernelILi128EEvPKiPib,3080,GPT OSS,True,0.000555371
adjacent-cuda,_Z18BlockAdjDiffKernelILi128EEvPKiPib,3080,Opus 4.6,False,0.055875
adjacent-cuda,_Z18BlockAdjDiffKernelILi128EEvPKiPib,3080,Opus 4.6,True,0.06778
adjacent-cuda,_Z18BlockAdjDiffKernelILi128EEvPKiPib,A10,GPT 5.4,False,0.0161755
adjacent-cuda,_Z18BlockAdjDiffKernelILi128EEvPKiPib,A10,GPT 5.4,True,0.018469
adjacent-cuda,_Z18BlockAdjDiffKernelILi128EEvPKiPib,A10,GPT OSS,False,0.0018705
adjacent-cuda,_Z18BlockAdjDiffKernelILi128EEvPKiPib,A10,GPT OSS,True,0.000538875
adjacent-cuda,_Z18BlockAdjDiffKernelILi128EEvPKiPib,A10,Opus 4.6,False,0.05282
adjacent-cuda,_Z18BlockAdjDiffKernelILi128EEvPKiPib,A10,Opus 4.6,True,0.066475
adjacent-cuda,_Z18BlockAdjDiffKernelILi128EEvPKiPib,A100,GPT 5.4,False,0.015613
adjacent-cuda,_Z18BlockAdjDiffKernelILi128EEvPKiPib,A100,GPT 5.4,True,0.019139
adjacent-cuda,_Z18BlockAdjDiffKernelILi128EEvPKiPib,A100,GPT OSS,False,0.00175335
adjacent-cuda,_Z18BlockAdjDiffKernelILi128EEvPKiPib,A100,GPT OSS,True,0.000667413
adjacent-cuda,_Z18BlockAdjDiffKernelILi128EEvPKiPib,A100,Opus 4.6,False,0.05366
adjacent-cuda,_Z18BlockAdjDiffKernelILi128EEvPKiPib,A100,Opus 4.6,True,0.069765
adjacent-cuda,_Z18BlockAdjDiffKernelILi128EEvPKiPib,H100,GPT 5.4,False,0.0162255
adjacent-cuda,_Z18BlockAdjDiffKernelILi128EEvPKiPib,H100,GPT 5.4,True,0.018809
adjacent-cuda,_Z18BlockAdjDiffKernelILi128EEvPKiPib,H100,GPT OSS,False,0.001743
adjacent-cuda,_Z18BlockAdjDiffKernelILi128EEvPKiPib,H100,GPT OSS,True,0.000576421
adjacent-cuda,_Z18BlockAdjDiffKernelILi128EEvPKiPib,H100,Opus 4.6,False,0.060885
adjacent-cuda,_Z18BlockAdjDiffKernelILi128EEvPKiPib,H100,Opus 4.6,True,0.06791
adjacent-cuda,_Z18BlockAdjDiffKernelILi256EEvPKiPib,3080,GPT 5.4,False,0.0164855
adjacent-cuda,_Z18BlockAdjDiffKernelILi256EEvPKiPib,3080,GPT 5.4,True,0.019344
adjacent-cuda,_Z18BlockAdjDiffKernelILi256EEvPKiPib,3080,GPT OSS,False,0.00052332
adjacent-cuda,_Z18BlockAdjDiffKernelILi256EEvPKiPib,3080,GPT OSS,True,0.000603933
adjacent-cuda,_Z18BlockAdjDiffKernelILi256EEvPKiPib,3080,Opus 4.6,False,0.055425
adjacent-cuda,_Z18BlockAdjDiffKernelILi256EEvPKiPib,3080,Opus 4.6,True,0.07172
adjacent-cuda,_Z18BlockAdjDiffKernelILi256EEvPKiPib,A10,GPT 5.4,False,0.0156175
adjacent-cuda,_Z18BlockAdjDiffKernelILi256EEvPKiPib,A10,GPT 5.4,True,0.019229
adjacent-cuda,_Z18BlockAdjDiffKernelILi256EEvPKiPib,A10,GPT OSS,False,0.000533424
adjacent-cuda,_Z18BlockAdjDiffKernelILi256EEvPKiPib,A10,Opus 4.6,False,0.05552
adjacent-cuda,_Z18BlockAdjDiffKernelILi256EEvPKiPib,A10,Opus 4.6,True,0.06904
adjacent-cuda,_Z18BlockAdjDiffKernelILi256EEvPKiPib,A100,GPT 5.4,False,0.0151
adjacent-cuda,_Z18BlockAdjDiffKernelILi256EEvPKiPib,A100,GPT 5.4,True,0.019839
adjacent-cuda,_Z18BlockAdjDiffKernelILi256EEvPKiPib,A100,GPT OSS,False,0.000508841
adjacent-cuda,_Z18BlockAdjDiffKernelILi256EEvPKiPib,A100,GPT OSS,True,0.000547255
adjacent-cuda,_Z18BlockAdjDiffKernelILi256EEvPKiPib,A100,Opus 4.6,False,0.06201
adjacent-cuda,_Z18BlockAdjDiffKernelILi256EEvPKiPib,A100,Opus 4.6,True,0.074755
adjacent-cuda,_Z18BlockAdjDiffKernelILi256EEvPKiPib,H100,GPT 5.4,False,0.0152505
adjacent-cuda,_Z18BlockAdjDiffKernelILi256EEvPKiPib,H100,GPT 5.4,True,0.019029
adjacent-cuda,_Z18BlockAdjDiffKernelILi256EEvPKiPib,H100,GPT OSS,False,0.000502722
adjacent-cuda,_Z18BlockAdjDiffKernelILi256EEvPKiPib,H100,GPT OSS,True,0.000630873
adjacent-cuda,_Z18BlockAdjDiffKernelILi256EEvPKiPib,H100,Opus 4.6,False,0.059185
adjacent-cuda,_Z18BlockAdjDiffKernelILi256EEvPKiPib,H100,Opus 4.6,True,0.075925
adjacent-cuda,_Z18BlockAdjDiffKernelILi64EEvPKiPib,3080,GPT 5.4,False,0.0155855
adjacent-cuda,_Z18BlockAdjDiffKernelILi64EEvPKiPib,3080,GPT 5.4,True,0.019014
adjacent-cuda,_Z18BlockAdjDiffKernelILi64EEvPKiPib,3080,GPT OSS,False,0.00050451
adjacent-cuda,_Z18BlockAdjDiffKernelILi64EEvPKiPib,3080,GPT OSS,True,0.00176355
adjacent-cuda,_Z18BlockAdjDiffKernelILi64EEvPKiPib,3080,Opus 4.6,False,0.055
adjacent-cuda,_Z18BlockAdjDiffKernelILi64EEvPKiPib,3080,Opus 4.6,True,0.06685
adjacent-cuda,_Z18BlockAdjDiffKernelILi64EEvPKiPib,A10,GPT 5.4,False,0.0147475
adjacent-cuda,_Z18BlockAdjDiffKernelILi64EEvPKiPib,A10,GPT 5.4,True,0.018824
adjacent-cuda,_Z18BlockAdjDiffKernelILi64EEvPKiPib,A10,GPT OSS,False,0.000463884
adjacent-cuda,_Z18BlockAdjDiffKernelILi64EEvPKiPib,A10,GPT OSS,True,0.00175035
adjacent-cuda,_Z18BlockAdjDiffKernelILi64EEvPKiPib,A10,Opus 4.6,False,0.056245
adjacent-cuda,_Z18BlockAdjDiffKernelILi64EEvPKiPib,A10,Opus 4.6,True,0.06547
adjacent-cuda,_Z18BlockAdjDiffKernelILi64EEvPKiPib,A100,GPT 5.4,False,0.014878
adjacent-cuda,_Z18BlockAdjDiffKernelILi64EEvPKiPib,A100,GPT 5.4,True,0.019614
adjacent-cuda,_Z18BlockAdjDiffKernelILi64EEvPKiPib,A100,GPT OSS,False,0.000470271
adjacent-cuda,_Z18BlockAdjDiffKernelILi64EEvPKiPib,A100,GPT OSS,True,0.00190245
adjacent-cuda,_Z18BlockAdjDiffKernelILi64EEvPKiPib,A100,Opus 4.6,False,0.05436
adjacent-cuda,_Z18BlockAdjDiffKernelILi64EEvPKiPib,A100,Opus 4.6,True,0.069185
adjacent-cuda,_Z18BlockAdjDiffKernelILi64EEvPKiPib,H100,GPT 5.4,False,0.0151575
adjacent-cuda,_Z18BlockAdjDiffKernelILi64EEvPKiPib,H100,GPT 5.4,True,0.019359
adjacent-cuda,_Z18BlockAdjDiffKernelILi64EEvPKiPib,H100,GPT OSS,True,0.00184125
adjacent-cuda,_Z18BlockAdjDiffKernelILi64EEvPKiPib,H100,Opus 4.6,False,0.052835
adjacent-cuda,_Z18BlockAdjDiffKernelILi64EEvPKiPib,H100,Opus 4.6,True,0.066405
adjacent-omp,_Z18BlockAdjDiffKernelILi128EEvPKiPibi_l42,3080,GPT 5.4,False,0.015913
adjacent-omp,_Z18BlockAdjDiffKernelILi128EEvPKiPibi_l42,3080,GPT 5.4,True,0.032274
adjacent-omp,_Z18BlockAdjDiffKernelILi128EEvPKiPibi_l42,3080,GPT OSS,False,0.00201975
adjacent-omp,_Z18BlockAdjDiffKernelILi128EEvPKiPibi_l42,3080,GPT OSS,True,0.000709383
adjacent-omp,_Z18BlockAdjDiffKernelILi128EEvPKiPibi_l42,3080,Opus 4.6,False,0.06153
adjacent-omp,_Z18BlockAdjDiffKernelILi128EEvPKiPibi_l42,3080,Opus 4.6,True,0.1168
adjacent-omp,_Z18BlockAdjDiffKernelILi128EEvPKiPibi_l42,A10,GPT 5.4,False,0.016033
adjacent-omp,_Z18BlockAdjDiffKernelILi128EEvPKiPibi_l42,A10,GPT 5.4,True,0.032679
adjacent-omp,_Z18BlockAdjDiffKernelILi128EEvPKiPibi_l42,A10,GPT OSS,False,0.00235485
adjacent-omp,_Z18BlockAdjDiffKernelILi128EEvPKiPibi_l42,A10,GPT OSS,True,0.000863619
adjacent-omp,_Z18BlockAdjDiffKernelILi128EEvPKiPibi_l42,A10,Opus 4.6,False,0.06278
adjacent-omp,_Z18BlockAdjDiffKernelILi128EEvPKiPibi_l42,A10,Opus 4.6,True,0.11095
adjacent-omp,_Z18BlockAdjDiffKernelILi128EEvPKiPibi_l42,A100,GPT 5.4,False,0.0171205
adjacent-omp,_Z18BlockAdjDiffKernelILi128EEvPKiPibi_l42,A100,GPT 5.4,True,0.0343415
adjacent-omp,_Z18BlockAdjDiffKernelILi128EEvPKiPibi_l42,A100,GPT OSS,False,0.0023253
adjacent-omp,_Z18BlockAdjDiffKernelILi128EEvPKiPibi_l42,A100,Opus 4.6,False,0.064295
adjacent-omp,_Z18BlockAdjDiffKernelILi128EEvPKiPibi_l42,A100,Opus 4.6,True,0.1209
adjacent-omp,_Z18BlockAdjDiffKernelILi128EEvPKiPibi_l42,H100,GPT 5.4,False,0.017043
adjacent-omp,_Z18BlockAdjDiffKernelILi128EEvPKiPibi_l42,H100,GPT 5.4,True,0.0385615
adjacent-omp,_Z18BlockAdjDiffKernelILi128EEvPKiPibi_l42,H100,GPT OSS,False,0.00204435
adjacent-omp,_Z18BlockAdjDiffKernelILi128EEvPKiPibi_l42,H100,GPT OSS,True,0.001071178
adjacent-omp,_Z18BlockAdjDiffKernelILi128EEvPKiPibi_l42,H100,Opus 4.6,False,0.061895
adjacent-omp,_Z18BlockAdjDiffKernelILi128EEvPKiPibi_l42,H100,Opus 4.6,True,0.132525
adjacent-omp,_Z18BlockAdjDiffKernelILi256EEvPKiPibi_l42,3080,GPT 5.4,False,0.017278
adjacent-omp,_Z18BlockAdjDiffKernelILi256EEvPKiPibi_l42,3080,GPT 5.4,True,0.0321115
adjacent-omp,_Z18BlockAdjDiffKernelILi256EEvPKiPibi_l42,3080,GPT OSS,False,0.000650137
adjacent-omp,_Z18BlockAdjDiffKernelILi256EEvPKiPibi_l42,3080,GPT OSS,True,0.000865102
adjacent-omp,_Z18BlockAdjDiffKernelILi256EEvPKiPibi_l42,3080,Opus 4.6,False,0.066555
adjacent-omp,_Z18BlockAdjDiffKernelILi256EEvPKiPibi_l42,3080,Opus 4.6,True,0.11541
adjacent-omp,_Z18BlockAdjDiffKernelILi256EEvPKiPibi_l42,A10,GPT 5.4,False,0.016933
adjacent-omp,_Z18BlockAdjDiffKernelILi256EEvPKiPibi_l42,A10,GPT 5.4,True,0.0318865
adjacent-omp,_Z18BlockAdjDiffKernelILi256EEvPKiPibi_l42,A10,GPT OSS,False,0.000543313
adjacent-omp,_Z18BlockAdjDiffKernelILi256EEvPKiPibi_l42,A10,GPT OSS,True,0.000915598
adjacent-omp,_Z18BlockAdjDiffKernelILi256EEvPKiPibi_l42,A10,Opus 4.6,False,0.063055
adjacent-omp,_Z18BlockAdjDiffKernelILi256EEvPKiPibi_l42,A10,Opus 4.6,True,0.12196
adjacent-omp,_Z18BlockAdjDiffKernelILi256EEvPKiPibi_l42,A100,GPT 5.4,False,0.0166375
adjacent-omp,_Z18BlockAdjDiffKernelILi256EEvPKiPibi_l42,A100,GPT 5.4,True,0.033969
adjacent-omp,_Z18BlockAdjDiffKernelILi256EEvPKiPibi_l42,A100,GPT OSS,False,0.00067643
adjacent-omp,_Z18BlockAdjDiffKernelILi256EEvPKiPibi_l42,A100,GPT OSS,True,0.001031591
adjacent-omp,_Z18BlockAdjDiffKernelILi256EEvPKiPibi_l42,A100,Opus 4.6,False,0.060795
adjacent-omp,_Z18BlockAdjDiffKernelILi256EEvPKiPibi_l42,A100,Opus 4.6,True,0.13106
adjacent-omp,_Z18BlockAdjDiffKernelILi256EEvPKiPibi_l42,H100,GPT 5.4,False,0.01578
adjacent-omp,_Z18BlockAdjDiffKernelILi256EEvPKiPibi_l42,H100,GPT 5.4,True,0.036249
adjacent-omp,_Z18BlockAdjDiffKernelILi256EEvPKiPibi_l42,H100,GPT OSS,False,0.000616541
adjacent-omp,_Z18BlockAdjDiffKernelILi256EEvPKiPibi_l42,H100,GPT OSS,True,0.001135007
adjacent-omp,_Z18BlockAdjDiffKernelILi256EEvPKiPibi_l42,H100,Opus 4.6,False,0.06262
adjacent-omp,_Z18BlockAdjDiffKernelILi256EEvPKiPibi_l42,H100,Opus 4.6,True,0.139355
adjacent-omp,_Z18BlockAdjDiffKernelILi64EEvPKiPibi_l42,3080,GPT 5.4,False,0.016948
adjacent-omp,_Z18BlockAdjDiffKernelILi64EEvPKiPibi_l42,3080,GPT 5.4,True,0.040065
adjacent-omp,_Z18BlockAdjDiffKernelILi64EEvPKiPibi_l42,3080,GPT OSS,False,0.000532337
adjacent-omp,_Z18BlockAdjDiffKernelILi64EEvPKiPibi_l42,3080,GPT OSS,True,0.00284205
adjacent-omp,_Z18BlockAdjDiffKernelILi64EEvPKiPibi_l42,3080,Opus 4.6,False,0.060855
adjacent-omp,_Z18BlockAdjDiffKernelILi64EEvPKiPibi_l42,3080,Opus 4.6,True,0.12002
adjacent-omp,_Z18BlockAdjDiffKernelILi64EEvPKiPibi_l42,A10,GPT 5.4,False,0.01537
adjacent-omp,_Z18BlockAdjDiffKernelILi64EEvPKiPibi_l42,A10,GPT 5.4,True,0.032199
adjacent-omp,_Z18BlockAdjDiffKernelILi64EEvPKiPibi_l42,A10,GPT OSS,False,0.000498473
adjacent-omp,_Z18BlockAdjDiffKernelILi64EEvPKiPibi_l42,A10,GPT OSS,True,0.00306315
adjacent-omp,_Z18BlockAdjDiffKernelILi64EEvPKiPibi_l42,A10,Opus 4.6,False,0.05423
adjacent-omp,_Z18BlockAdjDiffKernelILi64EEvPKiPibi_l42,A10,Opus 4.6,True,0.112945
adjacent-omp,_Z18BlockAdjDiffKernelILi64EEvPKiPibi_l42,A100,GPT 5.4,False,0.0155305
adjacent-omp,_Z18BlockAdjDiffKernelILi64EEvPKiPibi_l42,A100,GPT 5.4,True,0.0334715
adjacent-omp,_Z18BlockAdjDiffKernelILi64EEvPKiPibi_l42,A100,GPT OSS,False,0.00067624
adjacent-omp,_Z18BlockAdjDiffKernelILi64EEvPKiPibi_l42,A100,Opus 4.6,False,0.05627
adjacent-omp,_Z18BlockAdjDiffKernelILi64EEvPKiPibi_l42,A100,Opus 4.6,True,0.11777
adjacent-omp,_Z18BlockAdjDiffKernelILi64EEvPKiPibi_l42,H100,GPT 5.4,False,0.015993
adjacent-omp,_Z18BlockAdjDiffKernelILi64EEvPKiPibi_l42,H100,GPT 5.4,True,0.0371215
adjacent-omp,_Z18BlockAdjDiffKernelILi64EEvPKiPibi_l42,H100,GPT OSS,True,0.0033795
adjacent-omp,_Z18BlockAdjDiffKernelILi64EEvPKiPibi_l42,H100,Opus 4.6,False,0.057045
adjacent-omp,_Z18BlockAdjDiffKernelILi64EEvPKiPibi_l42,H100,Opus 4.6,True,0.139095
adv-cuda,_Z16advCubatureHex3DiPKdS0_S0_S0_iS0_Pd,3080,GPT 5.4,False,0.030698
adv-cuda,_Z16advCubatureHex3DiPKdS0_S0_S0_iS0_Pd,3080,GPT 5.4,True,0.1221725
adv-cuda,_Z16advCubatureHex3DiPKdS0_S0_S0_iS0_Pd,3080,GPT OSS,False,0.001438557
adv-cuda,_Z16advCubatureHex3DiPKdS0_S0_S0_iS0_Pd,3080,GPT OSS,True,0.002693776
adv-cuda,_Z16advCubatureHex3DiPKdS0_S0_S0_iS0_Pd,3080,Opus 4.6,False,0.110515
adv-cuda,_Z16advCubatureHex3DiPKdS0_S0_S0_iS0_Pd,3080,Opus 4.6,True,0.330595
adv-cuda,_Z16advCubatureHex3DiPKdS0_S0_S0_iS0_Pd,A10,GPT 5.4,False,0.029083
adv-cuda,_Z16advCubatureHex3DiPKdS0_S0_S0_iS0_Pd,A10,GPT 5.4,True,0.1112215
adv-cuda,_Z16advCubatureHex3DiPKdS0_S0_S0_iS0_Pd,A10,GPT OSS,False,0.001475451
adv-cuda,_Z16advCubatureHex3DiPKdS0_S0_S0_iS0_Pd,A10,GPT OSS,True,0.00281199
adv-cuda,_Z16advCubatureHex3DiPKdS0_S0_S0_iS0_Pd,A10,Opus 4.6,False,0.10981
adv-cuda,_Z16advCubatureHex3DiPKdS0_S0_S0_iS0_Pd,A10,Opus 4.6,True,0.369265
adv-cuda,_Z16advCubatureHex3DiPKdS0_S0_S0_iS0_Pd,A100,GPT 5.4,False,0.0299455
adv-cuda,_Z16advCubatureHex3DiPKdS0_S0_S0_iS0_Pd,A100,GPT 5.4,True,0.1159965
adv-cuda,_Z16advCubatureHex3DiPKdS0_S0_S0_iS0_Pd,A100,GPT OSS,False,0.001313878
adv-cuda,_Z16advCubatureHex3DiPKdS0_S0_S0_iS0_Pd,A100,GPT OSS,True,0.002374434
adv-cuda,_Z16advCubatureHex3DiPKdS0_S0_S0_iS0_Pd,A100,Opus 4.6,False,0.116
adv-cuda,_Z16advCubatureHex3DiPKdS0_S0_S0_iS0_Pd,A100,Opus 4.6,True,0.36165
adv-cuda,_Z16advCubatureHex3DiPKdS0_S0_S0_iS0_Pd,H100,GPT 5.4,False,0.028638
adv-cuda,_Z16advCubatureHex3DiPKdS0_S0_S0_iS0_Pd,H100,GPT 5.4,True,0.0892365
adv-cuda,_Z16advCubatureHex3DiPKdS0_S0_S0_iS0_Pd,H100,GPT OSS,False,0.00392205
adv-cuda,_Z16advCubatureHex3DiPKdS0_S0_S0_iS0_Pd,H100,GPT OSS,True,0.0076299
adv-cuda,_Z16advCubatureHex3DiPKdS0_S0_S0_iS0_Pd,H100,Opus 4.6,False,0.1105
adv-cuda,_Z16advCubatureHex3DiPKdS0_S0_S0_iS0_Pd,H100,Opus 4.6,True,0.29641
adv-omp,main_l72,3080,GPT 5.4,False,0.031268
adv-omp,main_l72,3080,GPT 5.4,True,0.083539
adv-omp,main_l72,3080,GPT OSS,True,0.002101735
adv-omp,main_l72,3080,Opus 4.6,False,0.127315
adv-omp,main_l72,3080,Opus 4.6,True,0.25099
adv-omp,main_l72,A10,GPT 5.4,False,0.026918
adv-omp,main_l72,A10,GPT 5.4,True,0.079579
adv-omp,main_l72,A10,GPT OSS,False,0.001200517
adv-omp,main_l72,A10,GPT OSS,True,0.002559021
adv-omp,main_l72,A10,Opus 4.6,False,0.11104
adv-omp,main_l72,A10,Opus 4.6,True,0.23334
adv-omp,main_l72,A100,GPT 5.4,False,0.0285455
adv-omp,main_l72,A100,GPT 5.4,True,0.0788415
adv-omp,main_l72,A100,Opus 4.6,False,0.116455
adv-omp,main_l72,A100,Opus 4.6,True,0.247915
adv-omp,main_l72,H100,GPT 5.4,False,0.029848
adv-omp,main_l72,H100,GPT 5.4,True,0.087744
adv-omp,main_l72,H100,GPT OSS,False,0.00536865
adv-omp,main_l72,H100,GPT OSS,True,0.002389047
adv-omp,main_l72,H100,Opus 4.6,False,0.115855
adv-omp,main_l72,H100,Opus 4.6,True,0.30318
affine-cuda,_Z6affinePKtPt,3080,GPT 5.4,False,0.0230055
affine-cuda,_Z6affinePKtPt,3080,GPT 5.4,True,0.0257715
affine-cuda,_Z6affinePKtPt,3080,GPT OSS,False,0.000813372
affine-cuda,_Z6affinePKtPt,3080,GPT OSS,True,0.000883712
affine-cuda,_Z6affinePKtPt,3080,Opus 4.6,False,0.08058
affine-cuda,_Z6affinePKtPt,3080,Opus 4.6,True,0.09997
affine-cuda,_Z6affinePKtPt,A10,GPT 5.4,False,0.0235055
affine-cuda,_Z6affinePKtPt,A10,GPT 5.4,True,0.0259565
affine-cuda,_Z6affinePKtPt,A10,GPT OSS,False,0.000801436
affine-cuda,_Z6affinePKtPt,A10,GPT OSS,True,0.000795396
affine-cuda,_Z6affinePKtPt,A10,Opus 4.6,False,0.088475
affine-cuda,_Z6affinePKtPt,A10,Opus 4.6,True,0.098615
affine-cuda,_Z6affinePKtPt,A100,GPT 5.4,False,0.023183
affine-cuda,_Z6affinePKtPt,A100,GPT 5.4,True,0.027649
affine-cuda,_Z6affinePKtPt,A100,GPT OSS,False,0.000947853
affine-cuda,_Z6affinePKtPt,A100,Opus 4.6,False,0.091265
affine-cuda,_Z6affinePKtPt,A100,Opus 4.6,True,0.10117
affine-cuda,_Z6affinePKtPt,H100,GPT 5.4,False,0.0226675
affine-cuda,_Z6affinePKtPt,H100,GPT 5.4,True,0.0257865
affine-cuda,_Z6affinePKtPt,H100,GPT OSS,False,0.000862504
affine-cuda,_Z6affinePKtPt,H100,GPT OSS,True,0.000869214
affine-cuda,_Z6affinePKtPt,H100,Opus 4.6,False,0.08889
affine-cuda,_Z6affinePKtPt,H100,Opus 4.6,True,0.105995
affine-omp,main_l80,3080,GPT 5.4,False,0.0233775
affine-omp,main_l80,3080,GPT 5.4,True,0.0430615
affine-omp,main_l80,3080,GPT OSS,True,0.00143976
affine-omp,main_l80,3080,Opus 4.6,False,0.09173
affine-omp,main_l80,3080,Opus 4.6,True,0.154515
affine-omp,main_l80,A10,GPT 5.4,False,0.0246075
affine-omp,main_l80,A10,GPT 5.4,True,0.0410665
affine-omp,main_l80,A10,GPT OSS,False,0.000824154
affine-omp,main_l80,A10,GPT OSS,True,0.001346806
affine-omp,main_l80,A10,Opus 4.6,False,0.091755
affine-omp,main_l80,A10,Opus 4.6,True,0.15074
affine-omp,main_l80,A100,GPT 5.4,False,0.023883
affine-omp,main_l80,A100,GPT 5.4,True,0.042754
affine-omp,main_l80,A100,GPT OSS,False,0.000796531
affine-omp,main_l80,A100,GPT OSS,True,0.001069275
affine-omp,main_l80,A100,Opus 4.6,False,0.08677
affine-omp,main_l80,A100,Opus 4.6,True,0.15086
affine-omp,main_l80,H100,GPT 5.4,False,0.0230525
affine-omp,main_l80,H100,GPT 5.4,True,0.043309
affine-omp,main_l80,H100,GPT OSS,False,0.000889782
affine-omp,main_l80,H100,GPT OSS,True,0.001064987
affine-omp,main_l80,H100,Opus 4.6,False,0.097445
affine-omp,main_l80,H100,Opus 4.6,True,0.159045
aidw-cuda,_Z11AIDW_KernelPKfS0_S0_iS0_S0_PfifS0_,3080,GPT 5.4,False,0.025558
aidw-cuda,_Z11AIDW_KernelPKfS0_S0_iS0_S0_PfifS0_,3080,GPT 5.4,True,0.0398365
aidw-cuda,_Z11AIDW_KernelPKfS0_S0_iS0_S0_PfifS0_,3080,GPT OSS,False,0.000855467
aidw-cuda,_Z11AIDW_KernelPKfS0_S0_iS0_S0_PfifS0_,3080,GPT OSS,True,0.00096422
aidw-cuda,_Z11AIDW_KernelPKfS0_S0_iS0_S0_PfifS0_,3080,Opus 4.6,False,0.098385
aidw-cuda,_Z11AIDW_KernelPKfS0_S0_iS0_S0_PfifS0_,3080,Opus 4.6,True,0.165865
aidw-cuda,_Z11AIDW_KernelPKfS0_S0_iS0_S0_PfifS0_,A10,GPT 5.4,False,0.026823
aidw-cuda,_Z11AIDW_KernelPKfS0_S0_iS0_S0_PfifS0_,A10,GPT 5.4,True,0.0400515
aidw-cuda,_Z11AIDW_KernelPKfS0_S0_iS0_S0_PfifS0_,A10,GPT OSS,True,0.000893764
aidw-cuda,_Z11AIDW_KernelPKfS0_S0_iS0_S0_PfifS0_,A10,Opus 4.6,False,0.093455
aidw-cuda,_Z11AIDW_KernelPKfS0_S0_iS0_S0_PfifS0_,A10,Opus 4.6,True,0.16046
aidw-cuda,_Z11AIDW_KernelPKfS0_S0_iS0_S0_PfifS0_,A100,GPT 5.4,False,0.0248805
aidw-cuda,_Z11AIDW_KernelPKfS0_S0_iS0_S0_PfifS0_,A100,GPT 5.4,True,0.041214
aidw-cuda,_Z11AIDW_KernelPKfS0_S0_iS0_S0_PfifS0_,A100,GPT OSS,False,0.000746558
aidw-cuda,_Z11AIDW_KernelPKfS0_S0_iS0_S0_PfifS0_,A100,GPT OSS,True,0.001010863
aidw-cuda,_Z11AIDW_KernelPKfS0_S0_iS0_S0_PfifS0_,A100,Opus 4.6,False,0.098895
aidw-cuda,_Z11AIDW_KernelPKfS0_S0_iS0_S0_PfifS0_,A100,Opus 4.6,True,0.145735
aidw-cuda,_Z11AIDW_KernelPKfS0_S0_iS0_S0_PfifS0_,H100,GPT 5.4,False,0.029393
aidw-cuda,_Z11AIDW_KernelPKfS0_S0_iS0_S0_PfifS0_,H100,GPT 5.4,True,0.0400215
aidw-cuda,_Z11AIDW_KernelPKfS0_S0_iS0_S0_PfifS0_,H100,GPT OSS,True,0.001283356
aidw-cuda,_Z11AIDW_KernelPKfS0_S0_iS0_S0_PfifS0_,H100,Opus 4.6,False,0.105595
aidw-cuda,_Z11AIDW_KernelPKfS0_S0_iS0_S0_PfifS0_,H100,Opus 4.6,True,0.172745
aidw-cuda,_Z17AIDW_Kernel_TiledPKfS0_S0_iS0_S0_PfifS0_,3080,GPT 5.4,False,0.030143
aidw-cuda,_Z17AIDW_Kernel_TiledPKfS0_S0_iS0_S0_PfifS0_,3080,GPT 5.4,True,0.2523415
aidw-cuda,_Z17AIDW_Kernel_TiledPKfS0_S0_iS0_S0_PfifS0_,3080,GPT OSS,False,0.001034413
aidw-cuda,_Z17AIDW_Kernel_TiledPKfS0_S0_iS0_S0_PfifS0_,3080,Opus 4.6,False,0.10452
aidw-cuda,_Z17AIDW_Kernel_TiledPKfS0_S0_iS0_S0_PfifS0_,3080,Opus 4.6,True,0.71661
aidw-cuda,_Z17AIDW_Kernel_TiledPKfS0_S0_iS0_S0_PfifS0_,A10,GPT 5.4,False,0.031123
aidw-cuda,_Z17AIDW_Kernel_TiledPKfS0_S0_iS0_S0_PfifS0_,A10,GPT 5.4,True,0.2607975
aidw-cuda,_Z17AIDW_Kernel_TiledPKfS0_S0_iS0_S0_PfifS0_,A10,GPT OSS,False,0.000858317
aidw-cuda,_Z17AIDW_Kernel_TiledPKfS0_S0_iS0_S0_PfifS0_,A10,GPT OSS,True,0.004254214
aidw-cuda,_Z17AIDW_Kernel_TiledPKfS0_S0_iS0_S0_PfifS0_,A10,Opus 4.6,False,0.10739
aidw-cuda,_Z17AIDW_Kernel_TiledPKfS0_S0_iS0_S0_PfifS0_,A10,Opus 4.6,True,0.719255
aidw-cuda,_Z17AIDW_Kernel_TiledPKfS0_S0_iS0_S0_PfifS0_,A100,GPT 5.4,False,0.0271705
aidw-cuda,_Z17AIDW_Kernel_TiledPKfS0_S0_iS0_S0_PfifS0_,A100,GPT 5.4,True,0.2540565
aidw-cuda,_Z17AIDW_Kernel_TiledPKfS0_S0_iS0_S0_PfifS0_,A100,GPT OSS,False,0.000892824
aidw-cuda,_Z17AIDW_Kernel_TiledPKfS0_S0_iS0_S0_PfifS0_,A100,Opus 4.6,False,0.123255
aidw-cuda,_Z17AIDW_Kernel_TiledPKfS0_S0_iS0_S0_PfifS0_,A100,Opus 4.6,True,0.70255
aidw-cuda,_Z17AIDW_Kernel_TiledPKfS0_S0_iS0_S0_PfifS0_,H100,GPT 5.4,False,0.029283
aidw-cuda,_Z17AIDW_Kernel_TiledPKfS0_S0_iS0_S0_PfifS0_,H100,GPT 5.4,True,0.043154
aidw-cuda,_Z17AIDW_Kernel_TiledPKfS0_S0_iS0_S0_PfifS0_,H100,GPT OSS,False,0.001002985
aidw-cuda,_Z17AIDW_Kernel_TiledPKfS0_S0_iS0_S0_PfifS0_,H100,GPT OSS,True,0.001145601
aidw-cuda,_Z17AIDW_Kernel_TiledPKfS0_S0_iS0_S0_PfifS0_,H100,Opus 4.6,False,0.10453
aidw-cuda,_Z17AIDW_Kernel_TiledPKfS0_S0_iS0_S0_PfifS0_,H100,Opus 4.6,True,0.189985
aidw-omp,_Z11AIDW_KernelPKfS0_S0_iS0_S0_PfifS0__l47,3080,GPT 5.4,False,0.026983
aidw-omp,_Z11AIDW_KernelPKfS0_S0_iS0_S0_PfifS0__l47,3080,GPT 5.4,True,0.094459
aidw-omp,_Z11AIDW_KernelPKfS0_S0_iS0_S0_PfifS0__l47,3080,GPT OSS,False,0.00279195
aidw-omp,_Z11AIDW_KernelPKfS0_S0_iS0_S0_PfifS0__l47,3080,Opus 4.6,False,0.083695
aidw-omp,_Z11AIDW_KernelPKfS0_S0_iS0_S0_PfifS0__l47,3080,Opus 4.6,True,0.264395
aidw-omp,_Z11AIDW_KernelPKfS0_S0_iS0_S0_PfifS0__l47,A10,GPT 5.4,False,0.029968
aidw-omp,_Z11AIDW_KernelPKfS0_S0_iS0_S0_PfifS0__l47,A10,GPT 5.4,True,0.092014
aidw-omp,_Z11AIDW_KernelPKfS0_S0_iS0_S0_PfifS0__l47,A10,GPT OSS,False,0.00247965
aidw-omp,_Z11AIDW_KernelPKfS0_S0_iS0_S0_PfifS0__l47,A10,GPT OSS,True,0.001831729
aidw-omp,_Z11AIDW_KernelPKfS0_S0_iS0_S0_PfifS0__l47,A10,Opus 4.6,False,0.091445
aidw-omp,_Z11AIDW_KernelPKfS0_S0_iS0_S0_PfifS0__l47,A10,Opus 4.6,True,0.26142
aidw-omp,_Z11AIDW_KernelPKfS0_S0_iS0_S0_PfifS0__l47,A100,GPT 5.4,False,0.0294805
aidw-omp,_Z11AIDW_KernelPKfS0_S0_iS0_S0_PfifS0__l47,A100,GPT 5.4,True,0.1059025
aidw-omp,_Z11AIDW_KernelPKfS0_S0_iS0_S0_PfifS0__l47,A100,Opus 4.6,False,0.098535
aidw-omp,_Z11AIDW_KernelPKfS0_S0_iS0_S0_PfifS0__l47,A100,Opus 4.6,True,0.276015
aidw-omp,_Z11AIDW_KernelPKfS0_S0_iS0_S0_PfifS0__l47,H100,GPT 5.4,False,0.029028
aidw-omp,_Z11AIDW_KernelPKfS0_S0_iS0_S0_PfifS0__l47,H100,GPT 5.4,True,0.1006015
aidw-omp,_Z11AIDW_KernelPKfS0_S0_iS0_S0_PfifS0__l47,H100,GPT OSS,False,0.00266955
aidw-omp,_Z11AIDW_KernelPKfS0_S0_iS0_S0_PfifS0__l47,H100,GPT OSS,True,0.0070176
aidw-omp,_Z11AIDW_KernelPKfS0_S0_iS0_S0_PfifS0__l47,H100,Opus 4.6,False,0.080535
aidw-omp,_Z11AIDW_KernelPKfS0_S0_iS0_S0_PfifS0__l47,H100,Opus 4.6,True,0.293275
aligned-types-cuda,_Z10testKernelI13uint2_alignedEvPT_PKS1_i,3080,GPT 5.4,False,0.017478
aligned-types-cuda,_Z10testKernelI13uint2_alignedEvPT_PKS1_i,3080,GPT 5.4,True,0.021019
aligned-types-cuda,_Z10testKernelI13uint2_alignedEvPT_PKS1_i,3080,GPT OSS,False,0.00183675
aligned-types-cuda,_Z10testKernelI13uint2_alignedEvPT_PKS1_i,3080,GPT OSS,True,0.000615531
aligned-types-cuda,_Z10testKernelI13uint2_alignedEvPT_PKS1_i,3080,Opus 4.6,False,0.057505
aligned-types-cuda,_Z10testKernelI13uint2_alignedEvPT_PKS1_i,3080,Opus 4.6,True,0.06343
aligned-types-cuda,_Z10testKernelI13uint2_alignedEvPT_PKS1_i,A10,GPT 5.4,False,0.016883
aligned-types-cuda,_Z10testKernelI13uint2_alignedEvPT_PKS1_i,A10,GPT 5.4,True,0.019929
aligned-types-cuda,_Z10testKernelI13uint2_alignedEvPT_PKS1_i,A10,GPT OSS,True,0.000605685
aligned-types-cuda,_Z10testKernelI13uint2_alignedEvPT_PKS1_i,A10,Opus 4.6,False,0.05765
aligned-types-cuda,_Z10testKernelI13uint2_alignedEvPT_PKS1_i,A10,Opus 4.6,True,0.064025
aligned-types-cuda,_Z10testKernelI13uint2_alignedEvPT_PKS1_i,A100,GPT 5.4,False,0.0178055
aligned-types-cuda,_Z10testKernelI13uint2_alignedEvPT_PKS1_i,A100,GPT 5.4,True,0.020754
aligned-types-cuda,_Z10testKernelI13uint2_alignedEvPT_PKS1_i,A100,GPT OSS,False,0.000544294
aligned-types-cuda,_Z10testKernelI13uint2_alignedEvPT_PKS1_i,A100,GPT OSS,True,0.000643101
aligned-types-cuda,_Z10testKernelI13uint2_alignedEvPT_PKS1_i,A100,Opus 4.6,False,0.05654
aligned-types-cuda,_Z10testKernelI13uint2_alignedEvPT_PKS1_i,A100,Opus 4.6,True,0.069005
aligned-types-cuda,_Z10testKernelI13uint2_alignedEvPT_PKS1_i,H100,GPT 5.4,False,0.018748
aligned-types-cuda,_Z10testKernelI13uint2_alignedEvPT_PKS1_i,H100,GPT 5.4,True,0.019534
aligned-types-cuda,_Z10testKernelI13uint2_alignedEvPT_PKS1_i,H100,GPT OSS,False,0.000568765
aligned-types-cuda,_Z10testKernelI13uint2_alignedEvPT_PKS1_i,H100,GPT OSS,True,0.000683685
aligned-types-cuda,_Z10testKernelI13uint2_alignedEvPT_PKS1_i,H100,Opus 4.6,False,0.06794
aligned-types-cuda,_Z10testKernelI13uint2_alignedEvPT_PKS1_i,H100,Opus 4.6,True,0.069445
aligned-types-cuda,_Z10testKernelI13uint3_alignedEvPT_PKS1_i,3080,GPT 5.4,False,0.017088
aligned-types-cuda,_Z10testKernelI13uint3_alignedEvPT_PKS1_i,3080,GPT 5.4,True,0.020224
aligned-types-cuda,_Z10testKernelI13uint3_alignedEvPT_PKS1_i,3080,GPT OSS,False,0.000604373
aligned-types-cuda,_Z10testKernelI13uint3_alignedEvPT_PKS1_i,3080,GPT OSS,True,0.000595961
aligned-types-cuda,_Z10testKernelI13uint3_alignedEvPT_PKS1_i,3080,Opus 4.6,False,0.05868
aligned-types-cuda,_Z10testKernelI13uint3_alignedEvPT_PKS1_i,3080,Opus 4.6,True,0.06263
aligned-types-cuda,_Z10testKernelI13uint3_alignedEvPT_PKS1_i,A10,GPT 5.4,False,0.017858
aligned-types-cuda,_Z10testKernelI13uint3_alignedEvPT_PKS1_i,A10,GPT 5.4,True,0.019989
aligned-types-cuda,_Z10testKernelI13uint3_alignedEvPT_PKS1_i,A10,GPT OSS,False,0.000583697
aligned-types-cuda,_Z10testKernelI13uint3_alignedEvPT_PKS1_i,A10,GPT OSS,True,0.000735455
aligned-types-cuda,_Z10testKernelI13uint3_alignedEvPT_PKS1_i,A10,Opus 4.6,False,0.057725
aligned-types-cuda,_Z10testKernelI13uint3_alignedEvPT_PKS1_i,A10,Opus 4.6,True,0.0657
aligned-types-cuda,_Z10testKernelI13uint3_alignedEvPT_PKS1_i,A100,GPT 5.4,False,0.0179855
aligned-types-cuda,_Z10testKernelI13uint3_alignedEvPT_PKS1_i,A100,GPT 5.4,True,0.019314
aligned-types-cuda,_Z10testKernelI13uint3_alignedEvPT_PKS1_i,A100,GPT OSS,False,0.0021696
aligned-types-cuda,_Z10testKernelI13uint3_alignedEvPT_PKS1_i,A100,GPT OSS,True,0.000691741
aligned-types-cuda,_Z10testKernelI13uint3_alignedEvPT_PKS1_i,A100,Opus 4.6,False,0.060615
aligned-types-cuda,_Z10testKernelI13uint3_alignedEvPT_PKS1_i,A100,Opus 4.6,True,0.06533
aligned-types-cuda,_Z10testKernelI13uint3_alignedEvPT_PKS1_i,H100,GPT 5.4,False,0.017578
aligned-types-cuda,_Z10testKernelI13uint3_alignedEvPT_PKS1_i,H100,GPT 5.4,True,0.019549
aligned-types-cuda,_Z10testKernelI13uint3_alignedEvPT_PKS1_i,H100,GPT OSS,False,0.000603915
aligned-types-cuda,_Z10testKernelI13uint3_alignedEvPT_PKS1_i,H100,GPT OSS,True,0.000638275
aligned-types-cuda,_Z10testKernelI13uint3_alignedEvPT_PKS1_i,H100,Opus 4.6,False,0.060015
aligned-types-cuda,_Z10testKernelI13uint3_alignedEvPT_PKS1_i,H100,Opus 4.6,True,0.065895
aligned-types-cuda,_Z10testKernelI14uchar4_alignedEvPT_PKS1_i,3080,GPT 5.4,False,0.0171805
aligned-types-cuda,_Z10testKernelI14uchar4_alignedEvPT_PKS1_i,3080,GPT 5.4,True,0.0189265
aligned-types-cuda,_Z10testKernelI14uchar4_alignedEvPT_PKS1_i,3080,GPT OSS,False,0.000543612
aligned-types-cuda,_Z10testKernelI14uchar4_alignedEvPT_PKS1_i,3080,GPT OSS,True,0.000526684
aligned-types-cuda,_Z10testKernelI14uchar4_alignedEvPT_PKS1_i,3080,Opus 4.6,False,0.057115
aligned-types-cuda,_Z10testKernelI14uchar4_alignedEvPT_PKS1_i,3080,Opus 4.6,True,0.06384
aligned-types-cuda,_Z10testKernelI14uchar4_alignedEvPT_PKS1_i,A10,GPT 5.4,False,0.0175305
aligned-types-cuda,_Z10testKernelI14uchar4_alignedEvPT_PKS1_i,A10,GPT 5.4,True,0.0196215
aligned-types-cuda,_Z10testKernelI14uchar4_alignedEvPT_PKS1_i,A10,GPT OSS,False,0.000560556
aligned-types-cuda,_Z10testKernelI14uchar4_alignedEvPT_PKS1_i,A10,GPT OSS,True,0.000711778
aligned-types-cuda,_Z10testKernelI14uchar4_alignedEvPT_PKS1_i,A10,Opus 4.6,False,0.059435
aligned-types-cuda,_Z10testKernelI14uchar4_alignedEvPT_PKS1_i,A10,Opus 4.6,True,0.06636
aligned-types-cuda,_Z10testKernelI14uchar4_alignedEvPT_PKS1_i,A100,GPT 5.4,False,0.017163
aligned-types-cuda,_Z10testKernelI14uchar4_alignedEvPT_PKS1_i,A100,GPT 5.4,True,0.0198015
aligned-types-cuda,_Z10testKernelI14uchar4_alignedEvPT_PKS1_i,A100,GPT OSS,False,0.000552123
aligned-types-cuda,_Z10testKernelI14uchar4_alignedEvPT_PKS1_i,A100,GPT OSS,True,0.000661224
aligned-types-cuda,_Z10testKernelI14uchar4_alignedEvPT_PKS1_i,A100,Opus 4.6,False,0.056725
aligned-types-cuda,_Z10testKernelI14uchar4_alignedEvPT_PKS1_i,A100,Opus 4.6,True,0.069415
aligned-types-cuda,_Z10testKernelI14uchar4_alignedEvPT_PKS1_i,H100,GPT 5.4,False,0.0173255
aligned-types-cuda,_Z10testKernelI14uchar4_alignedEvPT_PKS1_i,H100,GPT 5.4,True,0.0195565
aligned-types-cuda,_Z10testKernelI14uchar4_alignedEvPT_PKS1_i,H100,GPT OSS,False,0.000507814
aligned-types-cuda,_Z10testKernelI14uchar4_alignedEvPT_PKS1_i,H100,GPT OSS,True,0.000545248
aligned-types-cuda,_Z10testKernelI14uchar4_alignedEvPT_PKS1_i,H100,Opus 4.6,False,0.0602
aligned-types-cuda,_Z10testKernelI14uchar4_alignedEvPT_PKS1_i,H100,Opus 4.6,True,0.067705
aligned-types-cuda,_Z10testKernelI16uint2_misalignedEvPT_PKS1_i,3080,GPT 5.4,False,0.01694
aligned-types-cuda,_Z10testKernelI16uint2_misalignedEvPT_PKS1_i,3080,GPT 5.4,True,0.0179615
aligned-types-cuda,_Z10testKernelI16uint2_misalignedEvPT_PKS1_i,3080,GPT OSS,False,0.000590391
aligned-types-cuda,_Z10testKernelI16uint2_misalignedEvPT_PKS1_i,3080,GPT OSS,True,0.000575364
aligned-types-cuda,_Z10testKernelI16uint2_misalignedEvPT_PKS1_i,3080,Opus 4.6,False,0.056375
aligned-types-cuda,_Z10testKernelI16uint2_misalignedEvPT_PKS1_i,3080,Opus 4.6,True,0.06592
aligned-types-cuda,_Z10testKernelI16uint2_misalignedEvPT_PKS1_i,A10,GPT 5.4,False,0.016858
aligned-types-cuda,_Z10testKernelI16uint2_misalignedEvPT_PKS1_i,A10,GPT 5.4,True,0.0193015
aligned-types-cuda,_Z10testKernelI16uint2_misalignedEvPT_PKS1_i,A10,GPT OSS,False,0.000635645
aligned-types-cuda,_Z10testKernelI16uint2_misalignedEvPT_PKS1_i,A10,GPT OSS,True,0.000567228
aligned-types-cuda,_Z10testKernelI16uint2_misalignedEvPT_PKS1_i,A10,Opus 4.6,False,0.056745
aligned-types-cuda,_Z10testKernelI16uint2_misalignedEvPT_PKS1_i,A10,Opus 4.6,True,0.066365
aligned-types-cuda,_Z10testKernelI16uint2_misalignedEvPT_PKS1_i,A100,GPT 5.4,False,0.0176755
aligned-types-cuda,_Z10testKernelI16uint2_misalignedEvPT_PKS1_i,A100,GPT 5.4,True,0.0198265
aligned-types-cuda,_Z10testKernelI16uint2_misalignedEvPT_PKS1_i,A100,GPT OSS,False,0.000595672
aligned-types-cuda,_Z10testKernelI16uint2_misalignedEvPT_PKS1_i,A100,GPT OSS,True,0.000610724
aligned-types-cuda,_Z10testKernelI16uint2_misalignedEvPT_PKS1_i,A100,Opus 4.6,False,0.05631
aligned-types-cuda,_Z10testKernelI16uint2_misalignedEvPT_PKS1_i,A100,Opus 4.6,True,0.067895
aligned-types-cuda,_Z10testKernelI16uint2_misalignedEvPT_PKS1_i,H100,GPT 5.4,False,0.017658
aligned-types-cuda,_Z10testKernelI16uint2_misalignedEvPT_PKS1_i,H100,GPT 5.4,True,0.019839
aligned-types-cuda,_Z10testKernelI16uint2_misalignedEvPT_PKS1_i,H100,GPT OSS,False,0.000604563
aligned-types-cuda,_Z10testKernelI16uint2_misalignedEvPT_PKS1_i,H100,GPT OSS,True,0.001210751
aligned-types-cuda,_Z10testKernelI16uint2_misalignedEvPT_PKS1_i,H100,Opus 4.6,False,0.05986
aligned-types-cuda,_Z10testKernelI16uint2_misalignedEvPT_PKS1_i,H100,Opus 4.6,True,0.066435
aligned-types-cuda,_Z10testKernelI16uint3_misalignedEvPT_PKS1_i,3080,GPT 5.4,False,0.016928
aligned-types-cuda,_Z10testKernelI16uint3_misalignedEvPT_PKS1_i,3080,GPT 5.4,True,0.0204315
aligned-types-cuda,_Z10testKernelI16uint3_misalignedEvPT_PKS1_i,3080,GPT OSS,False,0.001010291
aligned-types-cuda,_Z10testKernelI16uint3_misalignedEvPT_PKS1_i,3080,GPT OSS,True,0.000694258
aligned-types-cuda,_Z10testKernelI16uint3_misalignedEvPT_PKS1_i,3080,Opus 4.6,False,0.060025
aligned-types-cuda,_Z10testKernelI16uint3_misalignedEvPT_PKS1_i,3080,Opus 4.6,True,0.06733
aligned-types-cuda,_Z10testKernelI16uint3_misalignedEvPT_PKS1_i,A10,GPT 5.4,False,0.016933
aligned-types-cuda,_Z10testKernelI16uint3_misalignedEvPT_PKS1_i,A10,GPT 5.4,True,0.0194165
aligned-types-cuda,_Z10testKernelI16uint3_misalignedEvPT_PKS1_i,A10,GPT OSS,False,0.00220485
aligned-types-cuda,_Z10testKernelI16uint3_misalignedEvPT_PKS1_i,A10,GPT OSS,True,0.000703032
aligned-types-cuda,_Z10testKernelI16uint3_misalignedEvPT_PKS1_i,A10,Opus 4.6,False,0.062995
aligned-types-cuda,_Z10testKernelI16uint3_misalignedEvPT_PKS1_i,A10,Opus 4.6,True,0.06785
aligned-types-cuda,_Z10testKernelI16uint3_misalignedEvPT_PKS1_i,A100,GPT 5.4,False,0.0179155
aligned-types-cuda,_Z10testKernelI16uint3_misalignedEvPT_PKS1_i,A100,GPT 5.4,True,0.020124
aligned-types-cuda,_Z10testKernelI16uint3_misalignedEvPT_PKS1_i,A100,GPT OSS,False,0.000698462
aligned-types-cuda,_Z10testKernelI16uint3_misalignedEvPT_PKS1_i,A100,Opus 4.6,False,0.060735
aligned-types-cuda,_Z10testKernelI16uint3_misalignedEvPT_PKS1_i,A100,Opus 4.6,True,0.071135
aligned-types-cuda,_Z10testKernelI16uint3_misalignedEvPT_PKS1_i,H100,GPT 5.4,False,0.01752
aligned-types-cuda,_Z10testKernelI16uint3_misalignedEvPT_PKS1_i,H100,GPT 5.4,True,0.0198965
aligned-types-cuda,_Z10testKernelI16uint3_misalignedEvPT_PKS1_i,H100,GPT OSS,False,0.000660993
aligned-types-cuda,_Z10testKernelI16uint3_misalignedEvPT_PKS1_i,H100,GPT OSS,True,0.000642876
aligned-types-cuda,_Z10testKernelI16uint3_misalignedEvPT_PKS1_i,H100,Opus 4.6,False,0.06486
aligned-types-cuda,_Z10testKernelI16uint3_misalignedEvPT_PKS1_i,H100,Opus 4.6,True,0.06763
aligned-types-cuda,_Z10testKernelI17uchar4_misalignedEvPT_PKS1_i,3080,GPT 5.4,False,0.0176205
aligned-types-cuda,_Z10testKernelI17uchar4_misalignedEvPT_PKS1_i,3080,GPT 5.4,True,0.019334
aligned-types-cuda,_Z10testKernelI17uchar4_misalignedEvPT_PKS1_i,3080,GPT OSS,False,0.0005131
aligned-types-cuda,_Z10testKernelI17uchar4_misalignedEvPT_PKS1_i,3080,GPT OSS,True,0.000646311
aligned-types-cuda,_Z10testKernelI17uchar4_misalignedEvPT_PKS1_i,3080,Opus 4.6,False,0.059835
aligned-types-cuda,_Z10testKernelI17uchar4_misalignedEvPT_PKS1_i,3080,Opus 4.6,True,0.068755
aligned-types-cuda,_Z10testKernelI17uchar4_misalignedEvPT_PKS1_i,A10,GPT 5.4,False,0.0168455
aligned-types-cuda,_Z10testKernelI17uchar4_misalignedEvPT_PKS1_i,A10,GPT 5.4,True,0.019894
aligned-types-cuda,_Z10testKernelI17uchar4_misalignedEvPT_PKS1_i,A10,GPT OSS,False,0.001750414
aligned-types-cuda,_Z10testKernelI17uchar4_misalignedEvPT_PKS1_i,A10,GPT OSS,True,0.000621265
aligned-types-cuda,_Z10testKernelI17uchar4_misalignedEvPT_PKS1_i,A10,Opus 4.6,False,0.056755
aligned-types-cuda,_Z10testKernelI17uchar4_misalignedEvPT_PKS1_i,A10,Opus 4.6,True,0.071425
aligned-types-cuda,_Z10testKernelI17uchar4_misalignedEvPT_PKS1_i,A100,GPT 5.4,False,0.017723
aligned-types-cuda,_Z10testKernelI17uchar4_misalignedEvPT_PKS1_i,A100,GPT 5.4,True,0.019834
aligned-types-cuda,_Z10testKernelI17uchar4_misalignedEvPT_PKS1_i,A100,GPT OSS,False,0.000570441
aligned-types-cuda,_Z10testKernelI17uchar4_misalignedEvPT_PKS1_i,A100,Opus 4.6,False,0.059845
aligned-types-cuda,_Z10testKernelI17uchar4_misalignedEvPT_PKS1_i,A100,Opus 4.6,True,0.07138
aligned-types-cuda,_Z10testKernelI17uchar4_misalignedEvPT_PKS1_i,H100,GPT 5.4,False,0.0176905
aligned-types-cuda,_Z10testKernelI17uchar4_misalignedEvPT_PKS1_i,H100,GPT 5.4,True,0.0197065
aligned-types-cuda,_Z10testKernelI17uchar4_misalignedEvPT_PKS1_i,H100,GPT OSS,False,0.000554822
aligned-types-cuda,_Z10testKernelI17uchar4_misalignedEvPT_PKS1_i,H100,GPT OSS,True,0.00054265
aligned-types-cuda,_Z10testKernelI17uchar4_misalignedEvPT_PKS1_i,H100,Opus 4.6,False,0.062045
aligned-types-cuda,_Z10testKernelI17uchar4_misalignedEvPT_PKS1_i,H100,Opus 4.6,True,0.06945
aligned-types-cuda,_Z10testKernelIhEvPT_PKS0_i,3080,GPT 5.4,False,0.016863
aligned-types-cuda,_Z10testKernelIhEvPT_PKS0_i,3080,GPT 5.4,True,0.018569
aligned-types-cuda,_Z10testKernelIhEvPT_PKS0_i,3080,GPT OSS,False,0.000515409
aligned-types-cuda,_Z10testKernelIhEvPT_PKS0_i,3080,GPT OSS,True,0.000684541
aligned-types-cuda,_Z10testKernelIhEvPT_PKS0_i,3080,Opus 4.6,False,0.059495
aligned-types-cuda,_Z10testKernelIhEvPT_PKS0_i,3080,Opus 4.6,True,0.067185
aligned-types-cuda,_Z10testKernelIhEvPT_PKS0_i,A10,GPT 5.4,False,0.017303
aligned-types-cuda,_Z10testKernelIhEvPT_PKS0_i,A10,GPT 5.4,True,0.018349
aligned-types-cuda,_Z10testKernelIhEvPT_PKS0_i,A10,GPT OSS,False,0.000582513
aligned-types-cuda,_Z10testKernelIhEvPT_PKS0_i,A10,GPT OSS,True,0.000572475
aligned-types-cuda,_Z10testKernelIhEvPT_PKS0_i,A10,Opus 4.6,False,0.059715
aligned-types-cuda,_Z10testKernelIhEvPT_PKS0_i,A10,Opus 4.6,True,0.068555
aligned-types-cuda,_Z10testKernelIhEvPT_PKS0_i,A100,GPT 5.4,False,0.0164375
aligned-types-cuda,_Z10testKernelIhEvPT_PKS0_i,A100,GPT 5.4,True,0.0188815
aligned-types-cuda,_Z10testKernelIhEvPT_PKS0_i,A100,GPT OSS,False,0.00053057
aligned-types-cuda,_Z10testKernelIhEvPT_PKS0_i,A100,Opus 4.6,False,0.058205
aligned-types-cuda,_Z10testKernelIhEvPT_PKS0_i,A100,Opus 4.6,True,0.067745
aligned-types-cuda,_Z10testKernelIhEvPT_PKS0_i,H100,GPT 5.4,False,0.017233
aligned-types-cuda,_Z10testKernelIhEvPT_PKS0_i,H100,GPT 5.4,True,0.0189465
aligned-types-cuda,_Z10testKernelIhEvPT_PKS0_i,H100,GPT OSS,True,0.000618184
aligned-types-cuda,_Z10testKernelIhEvPT_PKS0_i,H100,Opus 4.6,False,0.06038
aligned-types-cuda,_Z10testKernelIhEvPT_PKS0_i,H100,Opus 4.6,True,0.071245
aligned-types-cuda,_Z10testKernelIjEvPT_PKS0_i,3080,GPT 5.4,False,0.0169055
aligned-types-cuda,_Z10testKernelIjEvPT_PKS0_i,3080,GPT 5.4,True,0.0187665
aligned-types-cuda,_Z10testKernelIjEvPT_PKS0_i,3080,GPT OSS,False,0.00057427
aligned-types-cuda,_Z10testKernelIjEvPT_PKS0_i,3080,GPT OSS,True,0.000517392
aligned-types-cuda,_Z10testKernelIjEvPT_PKS0_i,3080,Opus 4.6,False,0.05737
aligned-types-cuda,_Z10testKernelIjEvPT_PKS0_i,3080,Opus 4.6,True,0.06667
aligned-types-cuda,_Z10testKernelIjEvPT_PKS0_i,A10,GPT 5.4,False,0.0171625
aligned-types-cuda,_Z10testKernelIjEvPT_PKS0_i,A10,GPT 5.4,True,0.0183365
aligned-types-cuda,_Z10testKernelIjEvPT_PKS0_i,A10,GPT OSS,False,0.000518254
aligned-types-cuda,_Z10testKernelIjEvPT_PKS0_i,A10,GPT OSS,True,0.000636176
aligned-types-cuda,_Z10testKernelIjEvPT_PKS0_i,A10,Opus 4.6,False,0.061315
aligned-types-cuda,_Z10testKernelIjEvPT_PKS0_i,A10,Opus 4.6,True,0.064765
aligned-types-cuda,_Z10testKernelIjEvPT_PKS0_i,A100,GPT 5.4,False,0.017878
aligned-types-cuda,_Z10testKernelIjEvPT_PKS0_i,A100,GPT 5.4,True,0.0197315
aligned-types-cuda,_Z10testKernelIjEvPT_PKS0_i,A100,GPT OSS,False,0.000624201
aligned-types-cuda,_Z10testKernelIjEvPT_PKS0_i,A100,GPT OSS,True,0.000670552
aligned-types-cuda,_Z10testKernelIjEvPT_PKS0_i,A100,Opus 4.6,False,0.05708
aligned-types-cuda,_Z10testKernelIjEvPT_PKS0_i,A100,Opus 4.6,True,0.069995
aligned-types-cuda,_Z10testKernelIjEvPT_PKS0_i,H100,GPT 5.4,False,0.0168705
aligned-types-cuda,_Z10testKernelIjEvPT_PKS0_i,H100,GPT 5.4,True,0.0190965
aligned-types-cuda,_Z10testKernelIjEvPT_PKS0_i,H100,GPT OSS,False,0.000566402
aligned-types-cuda,_Z10testKernelIjEvPT_PKS0_i,H100,GPT OSS,True,0.000604546
aligned-types-cuda,_Z10testKernelIjEvPT_PKS0_i,H100,Opus 4.6,False,0.06563
aligned-types-cuda,_Z10testKernelIjEvPT_PKS0_i,H100,Opus 4.6,True,0.07016
aligned-types-cuda,_Z10testKernelItEvPT_PKS0_i,3080,GPT 5.4,False,0.0173105
aligned-types-cuda,_Z10testKernelItEvPT_PKS0_i,3080,GPT 5.4,True,0.0185215
aligned-types-cuda,_Z10testKernelItEvPT_PKS0_i,3080,GPT OSS,False,0.00058795
aligned-types-cuda,_Z10testKernelItEvPT_PKS0_i,3080,GPT OSS,True,0.000568848
aligned-types-cuda,_Z10testKernelItEvPT_PKS0_i,3080,Opus 4.6,False,0.056165
aligned-types-cuda,_Z10testKernelItEvPT_PKS0_i,3080,Opus 4.6,True,0.062125
aligned-types-cuda,_Z10testKernelItEvPT_PKS0_i,A10,GPT 5.4,False,0.0163675
aligned-types-cuda,_Z10testKernelItEvPT_PKS0_i,A10,GPT 5.4,True,0.0188265
aligned-types-cuda,_Z10testKernelItEvPT_PKS0_i,A10,GPT OSS,False,0.000587224
aligned-types-cuda,_Z10testKernelItEvPT_PKS0_i,A10,GPT OSS,True,0.0020844
aligned-types-cuda,_Z10testKernelItEvPT_PKS0_i,A10,Opus 4.6,False,0.05806
aligned-types-cuda,_Z10testKernelItEvPT_PKS0_i,A10,Opus 4.6,True,0.06402
aligned-types-cuda,_Z10testKernelItEvPT_PKS0_i,A100,GPT 5.4,False,0.016783
aligned-types-cuda,_Z10testKernelItEvPT_PKS0_i,A100,GPT 5.4,True,0.020989
aligned-types-cuda,_Z10testKernelItEvPT_PKS0_i,A100,GPT OSS,False,0.001362921
aligned-types-cuda,_Z10testKernelItEvPT_PKS0_i,A100,GPT OSS,True,0.00232995
aligned-types-cuda,_Z10testKernelItEvPT_PKS0_i,A100,Opus 4.6,False,0.059625
aligned-types-cuda,_Z10testKernelItEvPT_PKS0_i,A100,Opus 4.6,True,0.06953
aligned-types-cuda,_Z10testKernelItEvPT_PKS0_i,H100,GPT 5.4,False,0.0224325
aligned-types-cuda,_Z10testKernelItEvPT_PKS0_i,H100,GPT 5.4,True,0.0184465
aligned-types-cuda,_Z10testKernelItEvPT_PKS0_i,H100,GPT OSS,False,0.000561082
aligned-types-cuda,_Z10testKernelItEvPT_PKS0_i,H100,GPT OSS,True,0.000575062
aligned-types-cuda,_Z10testKernelItEvPT_PKS0_i,H100,Opus 4.6,False,0.061875
aligned-types-cuda,_Z10testKernelItEvPT_PKS0_i,H100,Opus 4.6,True,0.069015
aligned-types-omp,_Z7runTestI14uchar4_alignedEiPhS1_ii_l196,3080,GPT 5.4,False,0.0177505
aligned-types-omp,_Z7runTestI14uchar4_alignedEiPhS1_ii_l196,3080,GPT 5.4,True,0.0219015
aligned-types-omp,_Z7runTestI14uchar4_alignedEiPhS1_ii_l196,3080,GPT OSS,False,0.00058899
aligned-types-omp,_Z7runTestI14uchar4_alignedEiPhS1_ii_l196,3080,GPT OSS,True,0.0044103
aligned-types-omp,_Z7runTestI14uchar4_alignedEiPhS1_ii_l196,3080,Opus 4.6,False,0.062085
aligned-types-omp,_Z7runTestI14uchar4_alignedEiPhS1_ii_l196,3080,Opus 4.6,True,0.078625
aligned-types-omp,_Z7runTestI14uchar4_alignedEiPhS1_ii_l196,A10,GPT 5.4,False,0.0171655
aligned-types-omp,_Z7runTestI14uchar4_alignedEiPhS1_ii_l196,A10,GPT 5.4,True,0.0232665
aligned-types-omp,_Z7runTestI14uchar4_alignedEiPhS1_ii_l196,A10,GPT OSS,False,0.000581536
aligned-types-omp,_Z7runTestI14uchar4_alignedEiPhS1_ii_l196,A10,GPT OSS,True,0.0023886
aligned-types-omp,_Z7runTestI14uchar4_alignedEiPhS1_ii_l196,A10,Opus 4.6,False,0.06456
aligned-types-omp,_Z7runTestI14uchar4_alignedEiPhS1_ii_l196,A10,Opus 4.6,True,0.077875
aligned-types-omp,_Z7runTestI14uchar4_alignedEiPhS1_ii_l196,A100,GPT 5.4,False,0.017623
aligned-types-omp,_Z7runTestI14uchar4_alignedEiPhS1_ii_l196,A100,GPT 5.4,True,0.023809
aligned-types-omp,_Z7runTestI14uchar4_alignedEiPhS1_ii_l196,A100,GPT OSS,False,0.000587543
aligned-types-omp,_Z7runTestI14uchar4_alignedEiPhS1_ii_l196,A100,GPT OSS,True,0.00258915
aligned-types-omp,_Z7runTestI14uchar4_alignedEiPhS1_ii_l196,A100,Opus 4.6,False,0.060725
aligned-types-omp,_Z7runTestI14uchar4_alignedEiPhS1_ii_l196,A100,Opus 4.6,True,0.092135
aligned-types-omp,_Z7runTestI14uchar4_alignedEiPhS1_ii_l196,H100,GPT 5.4,False,0.0186105
aligned-types-omp,_Z7runTestI14uchar4_alignedEiPhS1_ii_l196,H100,GPT 5.4,True,0.023244
aligned-types-omp,_Z7runTestI14uchar4_alignedEiPhS1_ii_l196,H100,Opus 4.6,False,0.0696
aligned-types-omp,_Z7runTestI14uchar4_alignedEiPhS1_ii_l196,H100,Opus 4.6,True,0.085925
aligned-types-omp,_Z7runTestI17uchar4_misalignedEiPhS1_ii_l196,3080,GPT 5.4,False,0.0175605
aligned-types-omp,_Z7runTestI17uchar4_misalignedEiPhS1_ii_l196,3080,GPT 5.4,True,0.024024
aligned-types-omp,_Z7runTestI17uchar4_misalignedEiPhS1_ii_l196,3080,GPT OSS,False,0.000546128
aligned-types-omp,_Z7runTestI17uchar4_misalignedEiPhS1_ii_l196,3080,GPT OSS,True,0.000602563
aligned-types-omp,_Z7runTestI17uchar4_misalignedEiPhS1_ii_l196,3080,Opus 4.6,False,0.06133
aligned-types-omp,_Z7runTestI17uchar4_misalignedEiPhS1_ii_l196,3080,Opus 4.6,True,0.08821
aligned-types-omp,_Z7runTestI17uchar4_misalignedEiPhS1_ii_l196,A10,GPT 5.4,False,0.0173775
aligned-types-omp,_Z7runTestI17uchar4_misalignedEiPhS1_ii_l196,A10,GPT 5.4,True,0.023064
aligned-types-omp,_Z7runTestI17uchar4_misalignedEiPhS1_ii_l196,A10,GPT OSS,False,0.000671864
aligned-types-omp,_Z7runTestI17uchar4_misalignedEiPhS1_ii_l196,A10,GPT OSS,True,0.000642419
aligned-types-omp,_Z7runTestI17uchar4_misalignedEiPhS1_ii_l196,A10,Opus 4.6,False,0.06203
aligned-types-omp,_Z7runTestI17uchar4_misalignedEiPhS1_ii_l196,A10,Opus 4.6,True,0.08421
aligned-types-omp,_Z7runTestI17uchar4_misalignedEiPhS1_ii_l196,A100,GPT 5.4,False,0.017073
aligned-types-omp,_Z7runTestI17uchar4_misalignedEiPhS1_ii_l196,A100,GPT 5.4,True,0.0234215
aligned-types-omp,_Z7runTestI17uchar4_misalignedEiPhS1_ii_l196,A100,GPT OSS,False,0.000582681
aligned-types-omp,_Z7runTestI17uchar4_misalignedEiPhS1_ii_l196,A100,GPT OSS,True,0.000797508
aligned-types-omp,_Z7runTestI17uchar4_misalignedEiPhS1_ii_l196,A100,Opus 4.6,False,0.05997
aligned-types-omp,_Z7runTestI17uchar4_misalignedEiPhS1_ii_l196,A100,Opus 4.6,True,0.09675
aligned-types-omp,_Z7runTestI17uchar4_misalignedEiPhS1_ii_l196,H100,GPT 5.4,False,0.0183155
aligned-types-omp,_Z7runTestI17uchar4_misalignedEiPhS1_ii_l196,H100,GPT 5.4,True,0.0239215
aligned-types-omp,_Z7runTestI17uchar4_misalignedEiPhS1_ii_l196,H100,GPT OSS,False,0.000552812
aligned-types-omp,_Z7runTestI17uchar4_misalignedEiPhS1_ii_l196,H100,GPT OSS,True,0.000672558
aligned-types-omp,_Z7runTestI17uchar4_misalignedEiPhS1_ii_l196,H100,Opus 4.6,False,0.071445
aligned-types-omp,_Z7runTestI17uchar4_misalignedEiPhS1_ii_l196,H100,Opus 4.6,True,0.090865
aligned-types-omp,_Z7runTestIhEiPhS0_ii_l187,3080,GPT 5.4,False,0.018198
aligned-types-omp,_Z7runTestIhEiPhS0_ii_l187,3080,GPT 5.4,True,0.0222165
aligned-types-omp,_Z7runTestIhEiPhS0_ii_l187,3080,GPT OSS,True,0.000609692
aligned-types-omp,_Z7runTestIhEiPhS0_ii_l187,3080,Opus 4.6,False,0.05949
aligned-types-omp,_Z7runTestIhEiPhS0_ii_l187,3080,Opus 4.6,True,0.08561
aligned-types-omp,_Z7runTestIhEiPhS0_ii_l187,A10,GPT 5.4,False,0.017868
aligned-types-omp,_Z7runTestIhEiPhS0_ii_l187,A10,GPT 5.4,True,0.0219915
aligned-types-omp,_Z7runTestIhEiPhS0_ii_l187,A10,GPT OSS,True,0.000710348
aligned-types-omp,_Z7runTestIhEiPhS0_ii_l187,A10,Opus 4.6,False,0.06064
aligned-types-omp,_Z7runTestIhEiPhS0_ii_l187,A10,Opus 4.6,True,0.08206
aligned-types-omp,_Z7runTestIhEiPhS0_ii_l187,A100,GPT 5.4,False,0.0179055
aligned-types-omp,_Z7runTestIhEiPhS0_ii_l187,A100,GPT 5.4,True,0.021714
aligned-types-omp,_Z7runTestIhEiPhS0_ii_l187,A100,GPT OSS,False,0.00066061
aligned-types-omp,_Z7runTestIhEiPhS0_ii_l187,A100,GPT OSS,True,0.000761005
aligned-types-omp,_Z7runTestIhEiPhS0_ii_l187,A100,Opus 4.6,False,0.056255
aligned-types-omp,_Z7runTestIhEiPhS0_ii_l187,A100,Opus 4.6,True,0.08125
aligned-types-omp,_Z7runTestIhEiPhS0_ii_l187,H100,GPT 5.4,False,0.017933
aligned-types-omp,_Z7runTestIhEiPhS0_ii_l187,H100,GPT 5.4,True,0.0222165
aligned-types-omp,_Z7runTestIhEiPhS0_ii_l187,H100,GPT OSS,False,0.001416961
aligned-types-omp,_Z7runTestIhEiPhS0_ii_l187,H100,GPT OSS,True,0.000839478
aligned-types-omp,_Z7runTestIhEiPhS0_ii_l187,H100,Opus 4.6,False,0.065255
aligned-types-omp,_Z7runTestIhEiPhS0_ii_l187,H100,Opus 4.6,True,0.08035
aligned-types-omp,_Z7runTestIhEiPhS0_ii_l196,3080,GPT 5.4,False,0.016863
aligned-types-omp,_Z7runTestIhEiPhS0_ii_l196,3080,GPT 5.4,True,0.0233165
aligned-types-omp,_Z7runTestIhEiPhS0_ii_l196,3080,GPT OSS,False,0.000575227
aligned-types-omp,_Z7runTestIhEiPhS0_ii_l196,3080,GPT OSS,True,0.000687702
aligned-types-omp,_Z7runTestIhEiPhS0_ii_l196,3080,Opus 4.6,False,0.061915
aligned-types-omp,_Z7runTestIhEiPhS0_ii_l196,3080,Opus 4.6,True,0.087645
aligned-types-omp,_Z7runTestIhEiPhS0_ii_l196,A10,GPT 5.4,False,0.015885
aligned-types-omp,_Z7runTestIhEiPhS0_ii_l196,A10,GPT 5.4,True,0.0217415
aligned-types-omp,_Z7runTestIhEiPhS0_ii_l196,A10,Opus 4.6,False,0.060265
aligned-types-omp,_Z7runTestIhEiPhS0_ii_l196,A10,Opus 4.6,True,0.08802
aligned-types-omp,_Z7runTestIhEiPhS0_ii_l196,A100,GPT 5.4,False,0.0177405
aligned-types-omp,_Z7runTestIhEiPhS0_ii_l196,A100,GPT 5.4,True,0.022019
aligned-types-omp,_Z7runTestIhEiPhS0_ii_l196,A100,GPT OSS,False,0.00053578
aligned-types-omp,_Z7runTestIhEiPhS0_ii_l196,A100,GPT OSS,True,0.000691165
aligned-types-omp,_Z7runTestIhEiPhS0_ii_l196,A100,Opus 4.6,False,0.066605
aligned-types-omp,_Z7runTestIhEiPhS0_ii_l196,A100,Opus 4.6,True,0.092385
aligned-types-omp,_Z7runTestIhEiPhS0_ii_l196,H100,GPT 5.4,False,0.018143
aligned-types-omp,_Z7runTestIhEiPhS0_ii_l196,H100,GPT 5.4,True,0.021769
aligned-types-omp,_Z7runTestIhEiPhS0_ii_l196,H100,GPT OSS,False,0.001537041
aligned-types-omp,_Z7runTestIhEiPhS0_ii_l196,H100,GPT OSS,True,0.000726221
aligned-types-omp,_Z7runTestIhEiPhS0_ii_l196,H100,Opus 4.6,False,0.06548
aligned-types-omp,_Z7runTestIhEiPhS0_ii_l196,H100,Opus 4.6,True,0.09142
aligned-types-omp,_Z7runTestIjEiPhS0_ii_l196,3080,GPT 5.4,False,0.0185375
aligned-types-omp,_Z7runTestIjEiPhS0_ii_l196,3080,GPT 5.4,True,0.0217565
aligned-types-omp,_Z7runTestIjEiPhS0_ii_l196,3080,GPT OSS,False,0.000619458
aligned-types-omp,_Z7runTestIjEiPhS0_ii_l196,3080,GPT OSS,True,0.000616022
aligned-types-omp,_Z7runTestIjEiPhS0_ii_l196,3080,Opus 4.6,False,0.05814
aligned-types-omp,_Z7runTestIjEiPhS0_ii_l196,3080,Opus 4.6,True,0.08498
aligned-types-omp,_Z7runTestIjEiPhS0_ii_l196,A10,GPT 5.4,False,0.0166475
aligned-types-omp,_Z7runTestIjEiPhS0_ii_l196,A10,GPT 5.4,True,0.0237365
aligned-types-omp,_Z7runTestIjEiPhS0_ii_l196,A10,GPT OSS,False,0.000673564
aligned-types-omp,_Z7runTestIjEiPhS0_ii_l196,A10,GPT OSS,True,0.000638208
aligned-types-omp,_Z7runTestIjEiPhS0_ii_l196,A10,Opus 4.6,False,0.058715
aligned-types-omp,_Z7runTestIjEiPhS0_ii_l196,A10,Opus 4.6,True,0.081805
aligned-types-omp,_Z7runTestIjEiPhS0_ii_l196,A100,GPT 5.4,False,0.017138
aligned-types-omp,_Z7runTestIjEiPhS0_ii_l196,A100,GPT 5.4,True,0.023199
aligned-types-omp,_Z7runTestIjEiPhS0_ii_l196,A100,GPT OSS,False,0.00208785
aligned-types-omp,_Z7runTestIjEiPhS0_ii_l196,A100,GPT OSS,True,0.000629113
aligned-types-omp,_Z7runTestIjEiPhS0_ii_l196,A100,Opus 4.6,False,0.060355
aligned-types-omp,_Z7runTestIjEiPhS0_ii_l196,A100,Opus 4.6,True,0.086415
aligned-types-omp,_Z7runTestIjEiPhS0_ii_l196,H100,GPT 5.4,False,0.0182305
aligned-types-omp,_Z7runTestIjEiPhS0_ii_l196,H100,GPT 5.4,True,0.022559
aligned-types-omp,_Z7runTestIjEiPhS0_ii_l196,H100,GPT OSS,False,0.000565912
aligned-types-omp,_Z7runTestIjEiPhS0_ii_l196,H100,GPT OSS,True,0.000694367
aligned-types-omp,_Z7runTestIjEiPhS0_ii_l196,H100,Opus 4.6,False,0.064955
aligned-types-omp,_Z7runTestIjEiPhS0_ii_l196,H100,Opus 4.6,True,0.08608
aligned-types-omp,_Z7runTestItEiPhS0_ii_l196,3080,GPT 5.4,False,0.0180725
aligned-types-omp,_Z7runTestItEiPhS0_ii_l196,3080,GPT 5.4,True,0.0226665
aligned-types-omp,_Z7runTestItEiPhS0_ii_l196,3080,GPT OSS,False,0.000576898
aligned-types-omp,_Z7runTestItEiPhS0_ii_l196,3080,GPT OSS,True,0.000621498
aligned-types-omp,_Z7runTestItEiPhS0_ii_l196,3080,Opus 4.6,False,0.059435
aligned-types-omp,_Z7runTestItEiPhS0_ii_l196,3080,Opus 4.6,True,0.08169
aligned-types-omp,_Z7runTestItEiPhS0_ii_l196,A10,GPT 5.4,False,0.0160205
aligned-types-omp,_Z7runTestItEiPhS0_ii_l196,A10,GPT 5.4,True,0.0222015
aligned-types-omp,_Z7runTestItEiPhS0_ii_l196,A10,GPT OSS,False,0.0021216
aligned-types-omp,_Z7runTestItEiPhS0_ii_l196,A10,GPT OSS,True,0.000679594
aligned-types-omp,_Z7runTestItEiPhS0_ii_l196,A10,Opus 4.6,False,0.05771
aligned-types-omp,_Z7runTestItEiPhS0_ii_l196,A10,Opus 4.6,True,0.08459
aligned-types-omp,_Z7runTestItEiPhS0_ii_l196,A100,GPT 5.4,False,0.019238
aligned-types-omp,_Z7runTestItEiPhS0_ii_l196,A100,GPT 5.4,True,0.024304
aligned-types-omp,_Z7runTestItEiPhS0_ii_l196,A100,GPT OSS,False,0.000643661
aligned-types-omp,_Z7runTestItEiPhS0_ii_l196,A100,GPT OSS,True,0.000788869
aligned-types-omp,_Z7runTestItEiPhS0_ii_l196,A100,Opus 4.6,False,0.057625
aligned-types-omp,_Z7runTestItEiPhS0_ii_l196,A100,Opus 4.6,True,0.08465
aligned-types-omp,_Z7runTestItEiPhS0_ii_l196,H100,GPT 5.4,False,0.0176755
aligned-types-omp,_Z7runTestItEiPhS0_ii_l196,H100,GPT 5.4,True,0.022464
aligned-types-omp,_Z7runTestItEiPhS0_ii_l196,H100,GPT OSS,False,0.0019461
aligned-types-omp,_Z7runTestItEiPhS0_ii_l196,H100,GPT OSS,True,0.000706113
aligned-types-omp,_Z7runTestItEiPhS0_ii_l196,H100,Opus 4.6,False,0.065725
aligned-types-omp,_Z7runTestItEiPhS0_ii_l196,H100,Opus 4.6,True,0.08539
all-pairs-distance-cuda,_Z2k1PKcPi,3080,GPT 5.4,False,0.0195205
all-pairs-distance-cuda,_Z2k1PKcPi,3080,GPT 5.4,True,0.0310815
all-pairs-distance-cuda,_Z2k1PKcPi,3080,GPT OSS,False,0.0019431
all-pairs-distance-cuda,_Z2k1PKcPi,3080,GPT OSS,True,0.000810446
all-pairs-distance-cuda,_Z2k1PKcPi,3080,Opus 4.6,False,0.061865
all-pairs-distance-cuda,_Z2k1PKcPi,3080,Opus 4.6,True,0.1019
all-pairs-distance-cuda,_Z2k1PKcPi,A10,GPT 5.4,False,0.0188205
all-pairs-distance-cuda,_Z2k1PKcPi,A10,GPT 5.4,True,0.0321215
all-pairs-distance-cuda,_Z2k1PKcPi,A10,GPT OSS,False,0.0012861
all-pairs-distance-cuda,_Z2k1PKcPi,A10,GPT OSS,True,0.00084107
all-pairs-distance-cuda,_Z2k1PKcPi,A10,Opus 4.6,False,0.06631
all-pairs-distance-cuda,_Z2k1PKcPi,A10,Opus 4.6,True,0.10082
all-pairs-distance-cuda,_Z2k1PKcPi,A100,GPT 5.4,False,0.018123
all-pairs-distance-cuda,_Z2k1PKcPi,A100,GPT 5.4,True,0.032544
all-pairs-distance-cuda,_Z2k1PKcPi,A100,GPT OSS,False,0.000578439
all-pairs-distance-cuda,_Z2k1PKcPi,A100,GPT OSS,True,0.000836959
all-pairs-distance-cuda,_Z2k1PKcPi,A100,Opus 4.6,False,0.066075
all-pairs-distance-cuda,_Z2k1PKcPi,A100,Opus 4.6,True,0.09847
all-pairs-distance-cuda,_Z2k1PKcPi,H100,GPT 5.4,False,0.0186755
all-pairs-distance-cuda,_Z2k1PKcPi,H100,GPT 5.4,True,0.031694
all-pairs-distance-cuda,_Z2k1PKcPi,H100,GPT OSS,True,0.000867671
all-pairs-distance-cuda,_Z2k1PKcPi,H100,Opus 4.6,False,0.06725
all-pairs-distance-cuda,_Z2k1PKcPi,H100,Opus 4.6,True,0.09809
all-pairs-distance-cuda,_Z2k2PKcPi,3080,GPT 5.4,False,0.0186055
all-pairs-distance-cuda,_Z2k2PKcPi,3080,GPT 5.4,True,0.033529
all-pairs-distance-cuda,_Z2k2PKcPi,3080,GPT OSS,False,0.0019323
all-pairs-distance-cuda,_Z2k2PKcPi,3080,GPT OSS,True,0.000955273
all-pairs-distance-cuda,_Z2k2PKcPi,3080,Opus 4.6,False,0.06554
all-pairs-distance-cuda,_Z2k2PKcPi,3080,Opus 4.6,True,0.10233
all-pairs-distance-cuda,_Z2k2PKcPi,A10,GPT 5.4,False,0.0186105
all-pairs-distance-cuda,_Z2k2PKcPi,A10,GPT 5.4,True,0.034224
all-pairs-distance-cuda,_Z2k2PKcPi,A10,GPT OSS,False,0.0018933
all-pairs-distance-cuda,_Z2k2PKcPi,A10,Opus 4.6,False,0.06456
all-pairs-distance-cuda,_Z2k2PKcPi,A10,Opus 4.6,True,0.10405
all-pairs-distance-cuda,_Z2k2PKcPi,A100,GPT 5.4,False,0.018168
all-pairs-distance-cuda,_Z2k2PKcPi,A100,GPT 5.4,True,0.0338815
all-pairs-distance-cuda,_Z2k2PKcPi,A100,GPT OSS,False,0.000659189
all-pairs-distance-cuda,_Z2k2PKcPi,A100,Opus 4.6,False,0.062125
all-pairs-distance-cuda,_Z2k2PKcPi,A100,Opus 4.6,True,0.103405
all-pairs-distance-cuda,_Z2k2PKcPi,H100,GPT 5.4,False,0.0178505
all-pairs-distance-cuda,_Z2k2PKcPi,H100,GPT 5.4,True,0.033179
all-pairs-distance-cuda,_Z2k2PKcPi,H100,GPT OSS,False,0.0020832
all-pairs-distance-cuda,_Z2k2PKcPi,H100,GPT OSS,True,0.00291345
all-pairs-distance-cuda,_Z2k2PKcPi,H100,Opus 4.6,False,0.0635
all-pairs-distance-cuda,_Z2k2PKcPi,H100,Opus 4.6,True,0.104045
all-pairs-distance-cuda,_Z2k3PKcPi,3080,GPT 5.4,False,0.0182905
all-pairs-distance-cuda,_Z2k3PKcPi,3080,GPT 5.4,True,0.030009
all-pairs-distance-cuda,_Z2k3PKcPi,3080,GPT OSS,False,0.0016233
all-pairs-distance-cuda,_Z2k3PKcPi,3080,Opus 4.6,False,0.065965
all-pairs-distance-cuda,_Z2k3PKcPi,3080,Opus 4.6,True,0.09718
all-pairs-distance-cuda,_Z2k3PKcPi,A10,GPT 5.4,False,0.0181155
all-pairs-distance-cuda,_Z2k3PKcPi,A10,GPT 5.4,True,0.030464
all-pairs-distance-cuda,_Z2k3PKcPi,A10,GPT OSS,False,0.000547542
all-pairs-distance-cuda,_Z2k3PKcPi,A10,Opus 4.6,False,0.065785
all-pairs-distance-cuda,_Z2k3PKcPi,A10,Opus 4.6,True,0.0971
all-pairs-distance-cuda,_Z2k3PKcPi,A100,GPT 5.4,False,0.019038
all-pairs-distance-cuda,_Z2k3PKcPi,A100,GPT 5.4,True,0.0327215
all-pairs-distance-cuda,_Z2k3PKcPi,A100,GPT OSS,False,0.00182655
all-pairs-distance-cuda,_Z2k3PKcPi,A100,Opus 4.6,False,0.067225
all-pairs-distance-cuda,_Z2k3PKcPi,A100,Opus 4.6,True,0.105405
all-pairs-distance-cuda,_Z2k3PKcPi,H100,GPT 5.4,False,0.0182105
all-pairs-distance-cuda,_Z2k3PKcPi,H100,GPT 5.4,True,0.0327615
all-pairs-distance-cuda,_Z2k3PKcPi,H100,GPT OSS,False,0.001839
all-pairs-distance-cuda,_Z2k3PKcPi,H100,GPT OSS,True,0.0020439
all-pairs-distance-cuda,_Z2k3PKcPi,H100,Opus 4.6,False,0.06375
all-pairs-distance-cuda,_Z2k3PKcPi,H100,Opus 4.6,True,0.11001
all-pairs-distance-omp,main_l150,3080,GPT 5.4,False,0.017358
all-pairs-distance-omp,main_l150,3080,GPT 5.4,True,0.0277065
all-pairs-distance-omp,main_l150,3080,GPT OSS,False,0.00184305
all-pairs-distance-omp,main_l150,3080,Opus 4.6,False,0.06313
all-pairs-distance-omp,main_l150,3080,Opus 4.6,True,0.094195
all-pairs-distance-omp,main_l150,A10,GPT 5.4,False,0.018333
all-pairs-distance-omp,main_l150,A10,GPT 5.4,True,0.0257415
all-pairs-distance-omp,main_l150,A10,GPT OSS,False,0.00124335
all-pairs-distance-omp,main_l150,A10,GPT OSS,True,0.002511
all-pairs-distance-omp,main_l150,A10,Opus 4.6,False,0.059355
all-pairs-distance-omp,main_l150,A10,Opus 4.6,True,0.09617
all-pairs-distance-omp,main_l150,A100,GPT 5.4,False,0.0170955
all-pairs-distance-omp,main_l150,A100,GPT 5.4,True,0.025134
all-pairs-distance-omp,main_l150,A100,GPT OSS,False,0.0019668
all-pairs-distance-omp,main_l150,A100,GPT OSS,True,0.000725427
all-pairs-distance-omp,main_l150,A100,Opus 4.6,False,0.06262
all-pairs-distance-omp,main_l150,A100,Opus 4.6,True,0.09311
all-pairs-distance-omp,main_l150,H100,GPT 5.4,False,0.018788
all-pairs-distance-omp,main_l150,H100,GPT 5.4,True,0.0305965
all-pairs-distance-omp,main_l150,H100,GPT OSS,True,0.0028944
all-pairs-distance-omp,main_l150,H100,Opus 4.6,False,0.06192
all-pairs-distance-omp,main_l150,H100,Opus 4.6,True,0.104005
all-pairs-distance-omp,main_l97,3080,GPT 5.4,False,0.017373
all-pairs-distance-omp,main_l97,3080,GPT 5.4,True,0.0290115
all-pairs-distance-omp,main_l97,3080,GPT OSS,False,0.00215745
all-pairs-distance-omp,main_l97,3080,Opus 4.6,False,0.060955
all-pairs-distance-omp,main_l97,3080,Opus 4.6,True,0.09204
all-pairs-distance-omp,main_l97,A10,GPT 5.4,False,0.017133
all-pairs-distance-omp,main_l97,A10,GPT 5.4,True,0.0288315
all-pairs-distance-omp,main_l97,A10,GPT OSS,False,0.00124875
all-pairs-distance-omp,main_l97,A10,Opus 4.6,False,0.057405
all-pairs-distance-omp,main_l97,A10,Opus 4.6,True,0.09504
all-pairs-distance-omp,main_l97,A100,GPT 5.4,False,0.0170805
all-pairs-distance-omp,main_l97,A100,GPT 5.4,True,0.0291965
all-pairs-distance-omp,main_l97,A100,GPT OSS,False,0.0026034
all-pairs-distance-omp,main_l97,A100,GPT OSS,True,0.000729518
all-pairs-distance-omp,main_l97,A100,Opus 4.6,False,0.06317
all-pairs-distance-omp,main_l97,A100,Opus 4.6,True,0.102415
all-pairs-distance-omp,main_l97,H100,GPT 5.4,False,0.018128
all-pairs-distance-omp,main_l97,H100,GPT 5.4,True,0.032394
all-pairs-distance-omp,main_l97,H100,GPT OSS,True,0.00305295
all-pairs-distance-omp,main_l97,H100,Opus 4.6,False,0.05867
all-pairs-distance-omp,main_l97,H100,Opus 4.6,True,0.104835
amgmk-cuda,_Z5relaxPKdPKiS2_PdS0_i,3080,GPT 5.4,False,0.0723255
amgmk-cuda,_Z5relaxPKdPKiS2_PdS0_i,3080,GPT 5.4,True,0.097489
amgmk-cuda,_Z5relaxPKdPKiS2_PdS0_i,3080,GPT OSS,True,0.002085641
amgmk-cuda,_Z5relaxPKdPKiS2_PdS0_i,3080,Opus 4.6,False,0.220845
amgmk-cuda,_Z5relaxPKdPKiS2_PdS0_i,3080,Opus 4.6,True,0.28835
amgmk-cuda,_Z5relaxPKdPKiS2_PdS0_i,A10,GPT 5.4,False,0.0736205
amgmk-cuda,_Z5relaxPKdPKiS2_PdS0_i,A10,GPT 5.4,True,0.096579
amgmk-cuda,_Z5relaxPKdPKiS2_PdS0_i,A10,GPT OSS,False,0.0060438
amgmk-cuda,_Z5relaxPKdPKiS2_PdS0_i,A10,Opus 4.6,False,0.22073
amgmk-cuda,_Z5relaxPKdPKiS2_PdS0_i,A10,Opus 4.6,True,0.28386
amgmk-cuda,_Z5relaxPKdPKiS2_PdS0_i,A100,GPT 5.4,False,0.071348
amgmk-cuda,_Z5relaxPKdPKiS2_PdS0_i,A100,GPT 5.4,True,0.096384
amgmk-cuda,_Z5relaxPKdPKiS2_PdS0_i,A100,GPT OSS,False,0.001779455
amgmk-cuda,_Z5relaxPKdPKiS2_PdS0_i,A100,GPT OSS,True,0.00713205
amgmk-cuda,_Z5relaxPKdPKiS2_PdS0_i,A100,Opus 4.6,False,0.22707
amgmk-cuda,_Z5relaxPKdPKiS2_PdS0_i,A100,Opus 4.6,True,0.296265
amgmk-cuda,_Z5relaxPKdPKiS2_PdS0_i,H100,GPT 5.4,False,0.0727405
amgmk-cuda,_Z5relaxPKdPKiS2_PdS0_i,H100,GPT 5.4,True,0.0966965
amgmk-cuda,_Z5relaxPKdPKiS2_PdS0_i,H100,GPT OSS,False,0.001570416
amgmk-cuda,_Z5relaxPKdPKiS2_PdS0_i,H100,GPT OSS,True,0.0075942
amgmk-cuda,_Z5relaxPKdPKiS2_PdS0_i,H100,Opus 4.6,False,0.22342
amgmk-cuda,_Z5relaxPKdPKiS2_PdS0_i,H100,Opus 4.6,True,0.29218
amgmk-omp,_Z10test_Relaxv_l258,3080,GPT 5.4,False,0.074078
amgmk-omp,_Z10test_Relaxv_l258,3080,GPT 5.4,True,0.102569
amgmk-omp,_Z10test_Relaxv_l258,3080,GPT OSS,False,0.001536055
amgmk-omp,_Z10test_Relaxv_l258,3080,GPT OSS,True,0.00753165
amgmk-omp,_Z10test_Relaxv_l258,3080,Opus 4.6,False,0.215535
amgmk-omp,_Z10test_Relaxv_l258,3080,Opus 4.6,True,0.29163
amgmk-omp,_Z10test_Relaxv_l258,A10,GPT 5.4,False,0.073763
amgmk-omp,_Z10test_Relaxv_l258,A10,GPT 5.4,True,0.103499
amgmk-omp,_Z10test_Relaxv_l258,A10,GPT OSS,False,0.00607095
amgmk-omp,_Z10test_Relaxv_l258,A10,GPT OSS,True,0.002167949
amgmk-omp,_Z10test_Relaxv_l258,A10,Opus 4.6,False,0.22088
amgmk-omp,_Z10test_Relaxv_l258,A10,Opus 4.6,True,0.298075
amgmk-omp,_Z10test_Relaxv_l258,A100,GPT 5.4,False,0.0718505
amgmk-omp,_Z10test_Relaxv_l258,A100,GPT 5.4,True,0.1034715
amgmk-omp,_Z10test_Relaxv_l258,A100,GPT OSS,False,0.001410406
amgmk-omp,_Z10test_Relaxv_l258,A100,GPT OSS,True,0.002052264
amgmk-omp,_Z10test_Relaxv_l258,A100,Opus 4.6,False,0.21317
amgmk-omp,_Z10test_Relaxv_l258,A100,Opus 4.6,True,0.30351
amgmk-omp,_Z10test_Relaxv_l258,H100,GPT 5.4,False,0.073738
amgmk-omp,_Z10test_Relaxv_l258,H100,GPT 5.4,True,0.104524
amgmk-omp,_Z10test_Relaxv_l258,H100,GPT OSS,False,0.001590487
amgmk-omp,_Z10test_Relaxv_l258,H100,GPT OSS,True,0.002226885
amgmk-omp,_Z10test_Relaxv_l258,H100,Opus 4.6,False,0.20782
amgmk-omp,_Z10test_Relaxv_l258,H100,Opus 4.6,True,0.30354
ans-cuda,_Z20phase1_decode_subseqjjjPjPKjP5uint4jjjj,3080,GPT 5.4,False,0.0150655
ans-cuda,_Z20phase1_decode_subseqjjjPjPKjP5uint4jjjj,3080,GPT 5.4,True,0.047119
ans-cuda,_Z20phase1_decode_subseqjjjPjPKjP5uint4jjjj,3080,GPT OSS,False,0.0012756
ans-cuda,_Z20phase1_decode_subseqjjjPjPKjP5uint4jjjj,3080,GPT OSS,True,0.00343725
ans-cuda,_Z20phase1_decode_subseqjjjPjPKjP5uint4jjjj,3080,Opus 4.6,False,0.06664
ans-cuda,_Z20phase1_decode_subseqjjjPjPKjP5uint4jjjj,3080,Opus 4.6,True,0.141215
ans-cuda,_Z20phase1_decode_subseqjjjPjPKjP5uint4jjjj,A10,GPT 5.4,False,0.0135005
ans-cuda,_Z20phase1_decode_subseqjjjPjPKjP5uint4jjjj,A10,GPT 5.4,True,0.047009
ans-cuda,_Z20phase1_decode_subseqjjjPjPKjP5uint4jjjj,A10,GPT OSS,False,0.000365528
ans-cuda,_Z20phase1_decode_subseqjjjPjPKjP5uint4jjjj,A10,GPT OSS,True,0.00367725
ans-cuda,_Z20phase1_decode_subseqjjjPjPKjP5uint4jjjj,A10,Opus 4.6,False,0.06448
ans-cuda,_Z20phase1_decode_subseqjjjPjPKjP5uint4jjjj,A10,Opus 4.6,True,0.140455
ans-cuda,_Z20phase1_decode_subseqjjjPjPKjP5uint4jjjj,A100,GPT 5.4,False,0.014258
ans-cuda,_Z20phase1_decode_subseqjjjPjPKjP5uint4jjjj,A100,GPT 5.4,True,0.047329
ans-cuda,_Z20phase1_decode_subseqjjjPjPKjP5uint4jjjj,A100,Opus 4.6,False,0.06587
ans-cuda,_Z20phase1_decode_subseqjjjPjPKjP5uint4jjjj,A100,Opus 4.6,True,0.14526
ans-cuda,_Z20phase1_decode_subseqjjjPjPKjP5uint4jjjj,H100,GPT 5.4,False,0.0141355
ans-cuda,_Z20phase1_decode_subseqjjjPjPKjP5uint4jjjj,H100,GPT 5.4,True,0.0465615
ans-cuda,_Z20phase1_decode_subseqjjjPjPKjP5uint4jjjj,H100,GPT OSS,True,0.0047757
ans-cuda,_Z20phase1_decode_subseqjjjPjPKjP5uint4jjjj,H100,Opus 4.6,False,0.062545
ans-cuda,_Z20phase1_decode_subseqjjjPjPKjP5uint4jjjj,H100,Opus 4.6,True,0.15387
ans-cuda,_Z25phase2_synchronise_blocksjjjjPjPKjP5uint4Phjjj,3080,GPT 5.4,False,0.0136855
ans-cuda,_Z25phase2_synchronise_blocksjjjjPjPKjP5uint4Phjjj,3080,GPT 5.4,True,0.0306365
ans-cuda,_Z25phase2_synchronise_blocksjjjjPjPKjP5uint4Phjjj,3080,GPT OSS,False,0.00032844
ans-cuda,_Z25phase2_synchronise_blocksjjjjPjPKjP5uint4Phjjj,3080,GPT OSS,True,0.000985548
ans-cuda,_Z25phase2_synchronise_blocksjjjjPjPKjP5uint4Phjjj,3080,Opus 4.6,False,0.06451
ans-cuda,_Z25phase2_synchronise_blocksjjjjPjPKjP5uint4Phjjj,3080,Opus 4.6,True,0.102205
ans-cuda,_Z25phase2_synchronise_blocksjjjjPjPKjP5uint4Phjjj,A10,GPT 5.4,False,0.0138455
ans-cuda,_Z25phase2_synchronise_blocksjjjjPjPKjP5uint4Phjjj,A10,GPT 5.4,True,0.0296715
ans-cuda,_Z25phase2_synchronise_blocksjjjjPjPKjP5uint4Phjjj,A10,GPT OSS,False,0.000314272
ans-cuda,_Z25phase2_synchronise_blocksjjjjPjPKjP5uint4Phjjj,A10,Opus 4.6,False,0.06105
ans-cuda,_Z25phase2_synchronise_blocksjjjjPjPKjP5uint4Phjjj,A10,Opus 4.6,True,0.099245
ans-cuda,_Z25phase2_synchronise_blocksjjjjPjPKjP5uint4Phjjj,A100,GPT 5.4,False,0.014435
ans-cuda,_Z25phase2_synchronise_blocksjjjjPjPKjP5uint4Phjjj,A100,GPT 5.4,True,0.0314815
ans-cuda,_Z25phase2_synchronise_blocksjjjjPjPKjP5uint4Phjjj,A100,Opus 4.6,False,0.057515
ans-cuda,_Z25phase2_synchronise_blocksjjjjPjPKjP5uint4Phjjj,A100,Opus 4.6,True,0.11353
ans-cuda,_Z25phase2_synchronise_blocksjjjjPjPKjP5uint4Phjjj,H100,GPT 5.4,False,0.0143755
ans-cuda,_Z25phase2_synchronise_blocksjjjjPjPKjP5uint4Phjjj,H100,GPT 5.4,True,0.031254
ans-cuda,_Z25phase2_synchronise_blocksjjjjPjPKjP5uint4Phjjj,H100,GPT OSS,False,0.00031967
ans-cuda,_Z25phase2_synchronise_blocksjjjjPjPKjP5uint4Phjjj,H100,Opus 4.6,False,0.059865
ans-cuda,_Z25phase2_synchronise_blocksjjjjPjPKjP5uint4Phjjj,H100,Opus 4.6,True,0.10974
ans-cuda,_Z26phase4_decode_write_outputjjjPjPhjPKjPK5uint4jjjj,3080,GPT 5.4,False,0.014188
ans-cuda,_Z26phase4_decode_write_outputjjjPjPhjPKjPK5uint4jjjj,3080,GPT 5.4,True,0.0316165
ans-cuda,_Z26phase4_decode_write_outputjjjPjPhjPKjPK5uint4jjjj,3080,GPT OSS,False,0.000380807
ans-cuda,_Z26phase4_decode_write_outputjjjPjPhjPKjPK5uint4jjjj,3080,GPT OSS,True,0.000909626
ans-cuda,_Z26phase4_decode_write_outputjjjPjPhjPKjPK5uint4jjjj,3080,Opus 4.6,False,0.067395
ans-cuda,_Z26phase4_decode_write_outputjjjPjPhjPKjPK5uint4jjjj,3080,Opus 4.6,True,0.101525
ans-cuda,_Z26phase4_decode_write_outputjjjPjPhjPKjPK5uint4jjjj,A10,GPT 5.4,False,0.014348
ans-cuda,_Z26phase4_decode_write_outputjjjPjPhjPKjPK5uint4jjjj,A10,GPT 5.4,True,0.0307415
ans-cuda,_Z26phase4_decode_write_outputjjjPjPhjPKjPK5uint4jjjj,A10,GPT OSS,False,0.000287219
ans-cuda,_Z26phase4_decode_write_outputjjjPjPhjPKjPK5uint4jjjj,A10,Opus 4.6,False,0.06511
ans-cuda,_Z26phase4_decode_write_outputjjjPjPhjPKjPK5uint4jjjj,A10,Opus 4.6,True,0.102165
ans-cuda,_Z26phase4_decode_write_outputjjjPjPhjPKjPK5uint4jjjj,A100,GPT 5.4,False,0.0141905
ans-cuda,_Z26phase4_decode_write_outputjjjPjPhjPKjPK5uint4jjjj,A100,GPT 5.4,True,0.0313815
ans-cuda,_Z26phase4_decode_write_outputjjjPjPhjPKjPK5uint4jjjj,A100,GPT OSS,True,0.000812234
ans-cuda,_Z26phase4_decode_write_outputjjjPjPhjPKjPK5uint4jjjj,A100,Opus 4.6,False,0.063275
ans-cuda,_Z26phase4_decode_write_outputjjjPjPhjPKjPK5uint4jjjj,A100,Opus 4.6,True,0.106605
ans-cuda,_Z26phase4_decode_write_outputjjjPjPhjPKjPK5uint4jjjj,H100,GPT 5.4,False,0.013813
ans-cuda,_Z26phase4_decode_write_outputjjjPjPhjPKjPK5uint4jjjj,H100,GPT 5.4,True,0.0315165
ans-cuda,_Z26phase4_decode_write_outputjjjPjPhjPKjPK5uint4jjjj,H100,GPT OSS,False,0.000331187
ans-cuda,_Z26phase4_decode_write_outputjjjPjPhjPKjPK5uint4jjjj,H100,Opus 4.6,False,0.065175
ans-cuda,_Z26phase4_decode_write_outputjjjPjPhjPKjPK5uint4jjjj,H100,Opus 4.6,True,0.10806
ans-cuda,_Z47phase3_copy_num_symbols_from_aux_to_sync_pointsjP5uint4PKj,3080,GPT 5.4,False,0.0141405
ans-cuda,_Z47phase3_copy_num_symbols_from_aux_to_sync_pointsjP5uint4PKj,3080,GPT 5.4,True,0.0184765
ans-cuda,_Z47phase3_copy_num_symbols_from_aux_to_sync_pointsjP5uint4PKj,3080,GPT OSS,False,0.000358552
ans-cuda,_Z47phase3_copy_num_symbols_from_aux_to_sync_pointsjP5uint4PKj,3080,GPT OSS,True,0.000481928
ans-cuda,_Z47phase3_copy_num_symbols_from_aux_to_sync_pointsjP5uint4PKj,3080,Opus 4.6,False,0.06428
ans-cuda,_Z47phase3_copy_num_symbols_from_aux_to_sync_pointsjP5uint4PKj,3080,Opus 4.6,True,0.07097
ans-cuda,_Z47phase3_copy_num_symbols_from_aux_to_sync_pointsjP5uint4PKj,A10,GPT 5.4,False,0.0147025
ans-cuda,_Z47phase3_copy_num_symbols_from_aux_to_sync_pointsjP5uint4PKj,A10,GPT 5.4,True,0.0192215
ans-cuda,_Z47phase3_copy_num_symbols_from_aux_to_sync_pointsjP5uint4PKj,A10,GPT OSS,False,0.000374404
ans-cuda,_Z47phase3_copy_num_symbols_from_aux_to_sync_pointsjP5uint4PKj,A10,GPT OSS,True,0.00050329
ans-cuda,_Z47phase3_copy_num_symbols_from_aux_to_sync_pointsjP5uint4PKj,A10,Opus 4.6,False,0.06247
ans-cuda,_Z47phase3_copy_num_symbols_from_aux_to_sync_pointsjP5uint4PKj,A10,Opus 4.6,True,0.068885
ans-cuda,_Z47phase3_copy_num_symbols_from_aux_to_sync_pointsjP5uint4PKj,A100,GPT 5.4,False,0.01393
ans-cuda,_Z47phase3_copy_num_symbols_from_aux_to_sync_pointsjP5uint4PKj,A100,GPT 5.4,True,0.020789
ans-cuda,_Z47phase3_copy_num_symbols_from_aux_to_sync_pointsjP5uint4PKj,A100,GPT OSS,False,0.000379461
ans-cuda,_Z47phase3_copy_num_symbols_from_aux_to_sync_pointsjP5uint4PKj,A100,GPT OSS,True,0.000568315
ans-cuda,_Z47phase3_copy_num_symbols_from_aux_to_sync_pointsjP5uint4PKj,A100,Opus 4.6,False,0.06376
ans-cuda,_Z47phase3_copy_num_symbols_from_aux_to_sync_pointsjP5uint4PKj,A100,Opus 4.6,True,0.08053
ans-cuda,_Z47phase3_copy_num_symbols_from_aux_to_sync_pointsjP5uint4PKj,H100,GPT 5.4,False,0.0155655
ans-cuda,_Z47phase3_copy_num_symbols_from_aux_to_sync_pointsjP5uint4PKj,H100,GPT 5.4,True,0.0187815
ans-cuda,_Z47phase3_copy_num_symbols_from_aux_to_sync_pointsjP5uint4PKj,H100,GPT OSS,False,0.000390632
ans-cuda,_Z47phase3_copy_num_symbols_from_aux_to_sync_pointsjP5uint4PKj,H100,GPT OSS,True,0.000525196
ans-cuda,_Z47phase3_copy_num_symbols_from_aux_to_sync_pointsjP5uint4PKj,H100,Opus 4.6,False,0.06281
ans-cuda,_Z47phase3_copy_num_symbols_from_aux_to_sync_pointsjP5uint4PKj,H100,Opus 4.6,True,0.069865
ans-cuda,_Z47phase3_copy_num_symbols_from_sync_points_to_auxjPK5uint4Pj,3080,GPT 5.4,False,0.0152205
ans-cuda,_Z47phase3_copy_num_symbols_from_sync_points_to_auxjPK5uint4Pj,3080,GPT 5.4,True,0.0189865
ans-cuda,_Z47phase3_copy_num_symbols_from_sync_points_to_auxjPK5uint4Pj,3080,GPT OSS,False,0.000368052
ans-cuda,_Z47phase3_copy_num_symbols_from_sync_points_to_auxjPK5uint4Pj,3080,GPT OSS,True,0.000516128
ans-cuda,_Z47phase3_copy_num_symbols_from_sync_points_to_auxjPK5uint4Pj,3080,Opus 4.6,False,0.05984
ans-cuda,_Z47phase3_copy_num_symbols_from_sync_points_to_auxjPK5uint4Pj,3080,Opus 4.6,True,0.06798
ans-cuda,_Z47phase3_copy_num_symbols_from_sync_points_to_auxjPK5uint4Pj,A10,GPT 5.4,False,0.0144205
ans-cuda,_Z47phase3_copy_num_symbols_from_sync_points_to_auxjPK5uint4Pj,A10,GPT 5.4,True,0.0189365
ans-cuda,_Z47phase3_copy_num_symbols_from_sync_points_to_auxjPK5uint4Pj,A10,GPT OSS,False,0.000361864
ans-cuda,_Z47phase3_copy_num_symbols_from_sync_points_to_auxjPK5uint4Pj,A10,GPT OSS,True,0.00046358
ans-cuda,_Z47phase3_copy_num_symbols_from_sync_points_to_auxjPK5uint4Pj,A10,Opus 4.6,False,0.06083
ans-cuda,_Z47phase3_copy_num_symbols_from_sync_points_to_auxjPK5uint4Pj,A10,Opus 4.6,True,0.07742
ans-cuda,_Z47phase3_copy_num_symbols_from_sync_points_to_auxjPK5uint4Pj,A100,GPT 5.4,False,0.015928
ans-cuda,_Z47phase3_copy_num_symbols_from_sync_points_to_auxjPK5uint4Pj,A100,GPT 5.4,True,0.020144
ans-cuda,_Z47phase3_copy_num_symbols_from_sync_points_to_auxjPK5uint4Pj,A100,GPT OSS,False,0.00135345
ans-cuda,_Z47phase3_copy_num_symbols_from_sync_points_to_auxjPK5uint4Pj,A100,GPT OSS,True,0.000673575
ans-cuda,_Z47phase3_copy_num_symbols_from_sync_points_to_auxjPK5uint4Pj,A100,Opus 4.6,False,0.06057
ans-cuda,_Z47phase3_copy_num_symbols_from_sync_points_to_auxjPK5uint4Pj,A100,Opus 4.6,True,0.074765
ans-cuda,_Z47phase3_copy_num_symbols_from_sync_points_to_auxjPK5uint4Pj,H100,GPT 5.4,False,0.0143805
ans-cuda,_Z47phase3_copy_num_symbols_from_sync_points_to_auxjPK5uint4Pj,H100,GPT 5.4,True,0.0188715
ans-cuda,_Z47phase3_copy_num_symbols_from_sync_points_to_auxjPK5uint4Pj,H100,GPT OSS,False,0.000396332
ans-cuda,_Z47phase3_copy_num_symbols_from_sync_points_to_auxjPK5uint4Pj,H100,GPT OSS,True,0.002235
ans-cuda,_Z47phase3_copy_num_symbols_from_sync_points_to_auxjPK5uint4Pj,H100,Opus 4.6,False,0.06177
ans-cuda,_Z47phase3_copy_num_symbols_from_sync_points_to_auxjPK5uint4Pj,H100,Opus 4.6,True,0.07085
aobench-cuda,_Z13render_kernelPhPK7_Sphere6_Planeiii,3080,GPT 5.4,False,0.0218155
aobench-cuda,_Z13render_kernelPhPK7_Sphere6_Planeiii,3080,GPT 5.4,True,0.051314
aobench-cuda,_Z13render_kernelPhPK7_Sphere6_Planeiii,3080,GPT OSS,False,0.001137362
aobench-cuda,_Z13render_kernelPhPK7_Sphere6_Planeiii,3080,GPT OSS,True,0.00446955
aobench-cuda,_Z13render_kernelPhPK7_Sphere6_Planeiii,3080,Opus 4.6,False,0.09604
aobench-cuda,_Z13render_kernelPhPK7_Sphere6_Planeiii,3080,Opus 4.6,True,0.18462
aobench-cuda,_Z13render_kernelPhPK7_Sphere6_Planeiii,A10,GPT 5.4,False,0.0230055
aobench-cuda,_Z13render_kernelPhPK7_Sphere6_Planeiii,A10,GPT 5.4,True,0.053269
aobench-cuda,_Z13render_kernelPhPK7_Sphere6_Planeiii,A10,GPT OSS,False,0.001214726
aobench-cuda,_Z13render_kernelPhPK7_Sphere6_Planeiii,A10,GPT OSS,True,0.001621491
aobench-cuda,_Z13render_kernelPhPK7_Sphere6_Planeiii,A10,Opus 4.6,False,0.08841
aobench-cuda,_Z13render_kernelPhPK7_Sphere6_Planeiii,A10,Opus 4.6,True,0.16604
aobench-cuda,_Z13render_kernelPhPK7_Sphere6_Planeiii,A100,GPT 5.4,False,0.02355
aobench-cuda,_Z13render_kernelPhPK7_Sphere6_Planeiii,A100,GPT 5.4,True,0.050574
aobench-cuda,_Z13render_kernelPhPK7_Sphere6_Planeiii,A100,GPT OSS,True,0.001298117
aobench-cuda,_Z13render_kernelPhPK7_Sphere6_Planeiii,A100,Opus 4.6,False,0.085625
aobench-cuda,_Z13render_kernelPhPK7_Sphere6_Planeiii,A100,Opus 4.6,True,0.191495
aobench-cuda,_Z13render_kernelPhPK7_Sphere6_Planeiii,H100,GPT 5.4,False,0.0237725
aobench-cuda,_Z13render_kernelPhPK7_Sphere6_Planeiii,H100,GPT 5.4,True,0.0513415
aobench-cuda,_Z13render_kernelPhPK7_Sphere6_Planeiii,H100,GPT OSS,False,0.001366424
aobench-cuda,_Z13render_kernelPhPK7_Sphere6_Planeiii,H100,GPT OSS,True,0.001301812
aobench-cuda,_Z13render_kernelPhPK7_Sphere6_Planeiii,H100,Opus 4.6,False,0.082875
aobench-cuda,_Z13render_kernelPhPK7_Sphere6_Planeiii,H100,Opus 4.6,True,0.17466
aobench-omp,_Z6renderPhiiiPK7_SphereRK6_Plane_l309,3080,GPT 5.4,False,0.0211055
aobench-omp,_Z6renderPhiiiPK7_SphereRK6_Plane_l309,3080,GPT 5.4,True,0.105619
aobench-omp,_Z6renderPhiiiPK7_SphereRK6_Plane_l309,3080,GPT OSS,False,0.001075468
aobench-omp,_Z6renderPhiiiPK7_SphereRK6_Plane_l309,3080,GPT OSS,True,0.002100811
aobench-omp,_Z6renderPhiiiPK7_SphereRK6_Plane_l309,3080,Opus 4.6,False,0.092325
aobench-omp,_Z6renderPhiiiPK7_SphereRK6_Plane_l309,3080,Opus 4.6,True,0.293155
aobench-omp,_Z6renderPhiiiPK7_SphereRK6_Plane_l309,A10,GPT 5.4,False,0.0207455
aobench-omp,_Z6renderPhiiiPK7_SphereRK6_Plane_l309,A10,GPT 5.4,True,0.105274
aobench-omp,_Z6renderPhiiiPK7_SphereRK6_Plane_l309,A10,GPT OSS,False,0.000972064
aobench-omp,_Z6renderPhiiiPK7_SphereRK6_Plane_l309,A10,GPT OSS,True,0.00905925
aobench-omp,_Z6renderPhiiiPK7_SphereRK6_Plane_l309,A10,Opus 4.6,False,0.084
aobench-omp,_Z6renderPhiiiPK7_SphereRK6_Plane_l309,A10,Opus 4.6,True,0.29408
aobench-omp,_Z6renderPhiiiPK7_SphereRK6_Plane_l309,A100,GPT 5.4,False,0.020765
aobench-omp,_Z6renderPhiiiPK7_SphereRK6_Plane_l309,A100,GPT 5.4,True,0.1067465
aobench-omp,_Z6renderPhiiiPK7_SphereRK6_Plane_l309,A100,GPT OSS,False,0.001179851
aobench-omp,_Z6renderPhiiiPK7_SphereRK6_Plane_l309,A100,GPT OSS,True,0.00855
aobench-omp,_Z6renderPhiiiPK7_SphereRK6_Plane_l309,A100,Opus 4.6,False,0.08104
aobench-omp,_Z6renderPhiiiPK7_SphereRK6_Plane_l309,A100,Opus 4.6,True,0.307775
aobench-omp,_Z6renderPhiiiPK7_SphereRK6_Plane_l309,H100,GPT 5.4,False,0.0216355
aobench-omp,_Z6renderPhiiiPK7_SphereRK6_Plane_l309,H100,GPT 5.4,True,0.1091215
aobench-omp,_Z6renderPhiiiPK7_SphereRK6_Plane_l309,H100,GPT OSS,False,0.000929772
aobench-omp,_Z6renderPhiiiPK7_SphereRK6_Plane_l309,H100,GPT OSS,True,0.0076206
aobench-omp,_Z6renderPhiiiPK7_SphereRK6_Plane_l309,H100,Opus 4.6,False,0.083015
aobench-omp,_Z6renderPhiiiPK7_SphereRK6_Plane_l309,H100,Opus 4.6,True,0.301255
aop-cuda,_Z18prepare_svd_kernelILi256E9PayoffPutEviiT0_PKdPiPd,3080,GPT 5.4,False,0.0494155
aop-cuda,_Z18prepare_svd_kernelILi256E9PayoffPutEviiT0_PKdPiPd,3080,GPT 5.4,True,0.213859
aop-cuda,_Z18prepare_svd_kernelILi256E9PayoffPutEviiT0_PKdPiPd,3080,GPT OSS,False,0.001132252
aop-cuda,_Z18prepare_svd_kernelILi256E9PayoffPutEviiT0_PKdPiPd,3080,Opus 4.6,False,0.164495
aop-cuda,_Z18prepare_svd_kernelILi256E9PayoffPutEviiT0_PKdPiPd,3080,Opus 4.6,True,0.58909
aop-cuda,_Z18prepare_svd_kernelILi256E9PayoffPutEviiT0_PKdPiPd,A10,GPT 5.4,False,0.0467805
aop-cuda,_Z18prepare_svd_kernelILi256E9PayoffPutEviiT0_PKdPiPd,A10,GPT 5.4,True,0.215409
aop-cuda,_Z18prepare_svd_kernelILi256E9PayoffPutEviiT0_PKdPiPd,A10,GPT OSS,False,0.001064646
aop-cuda,_Z18prepare_svd_kernelILi256E9PayoffPutEviiT0_PKdPiPd,A10,Opus 4.6,False,0.151315
aop-cuda,_Z18prepare_svd_kernelILi256E9PayoffPutEviiT0_PKdPiPd,A10,Opus 4.6,True,0.58671
aop-cuda,_Z18prepare_svd_kernelILi256E9PayoffPutEviiT0_PKdPiPd,A100,GPT 5.4,False,0.047553
aop-cuda,_Z18prepare_svd_kernelILi256E9PayoffPutEviiT0_PKdPiPd,A100,GPT 5.4,True,0.214354
aop-cuda,_Z18prepare_svd_kernelILi256E9PayoffPutEviiT0_PKdPiPd,A100,GPT OSS,False,0.001474023
aop-cuda,_Z18prepare_svd_kernelILi256E9PayoffPutEviiT0_PKdPiPd,A100,GPT OSS,True,0.01417605
aop-cuda,_Z18prepare_svd_kernelILi256E9PayoffPutEviiT0_PKdPiPd,A100,Opus 4.6,False,0.15638
aop-cuda,_Z18prepare_svd_kernelILi256E9PayoffPutEviiT0_PKdPiPd,A100,Opus 4.6,True,0.599295
aop-cuda,_Z18prepare_svd_kernelILi256E9PayoffPutEviiT0_PKdPiPd,H100,GPT 5.4,False,0.0443855
aop-cuda,_Z18prepare_svd_kernelILi256E9PayoffPutEviiT0_PKdPiPd,H100,GPT 5.4,True,0.143889
aop-cuda,_Z18prepare_svd_kernelILi256E9PayoffPutEviiT0_PKdPiPd,H100,GPT OSS,False,0.001145094
aop-cuda,_Z18prepare_svd_kernelILi256E9PayoffPutEviiT0_PKdPiPd,H100,GPT OSS,True,0.00963555
aop-cuda,_Z18prepare_svd_kernelILi256E9PayoffPutEviiT0_PKdPiPd,H100,Opus 4.6,False,0.161955
aop-cuda,_Z18prepare_svd_kernelILi256E9PayoffPutEviiT0_PKdPiPd,H100,Opus 4.6,True,0.403495
aop-cuda,_Z21generate_paths_kernelILi256E9PayoffPutEviiT0_ddddPKdPd,3080,GPT 5.4,False,0.042933
aop-cuda,_Z21generate_paths_kernelILi256E9PayoffPutEviiT0_ddddPKdPd,3080,GPT 5.4,True,0.057239
aop-cuda,_Z21generate_paths_kernelILi256E9PayoffPutEviiT0_ddddPKdPd,3080,GPT OSS,True,0.001358067
aop-cuda,_Z21generate_paths_kernelILi256E9PayoffPutEviiT0_ddddPKdPd,3080,Opus 4.6,False,0.14044
aop-cuda,_Z21generate_paths_kernelILi256E9PayoffPutEviiT0_ddddPKdPd,3080,Opus 4.6,True,0.21344
aop-cuda,_Z21generate_paths_kernelILi256E9PayoffPutEviiT0_ddddPKdPd,A10,GPT 5.4,False,0.043733
aop-cuda,_Z21generate_paths_kernelILi256E9PayoffPutEviiT0_ddddPKdPd,A10,GPT 5.4,True,0.055984
aop-cuda,_Z21generate_paths_kernelILi256E9PayoffPutEviiT0_ddddPKdPd,A10,GPT OSS,False,0.00332775
aop-cuda,_Z21generate_paths_kernelILi256E9PayoffPutEviiT0_ddddPKdPd,A10,GPT OSS,True,0.001464121
aop-cuda,_Z21generate_paths_kernelILi256E9PayoffPutEviiT0_ddddPKdPd,A10,Opus 4.6,False,0.14031
aop-cuda,_Z21generate_paths_kernelILi256E9PayoffPutEviiT0_ddddPKdPd,A10,Opus 4.6,True,0.181235
aop-cuda,_Z21generate_paths_kernelILi256E9PayoffPutEviiT0_ddddPKdPd,A100,GPT 5.4,False,0.0437555
aop-cuda,_Z21generate_paths_kernelILi256E9PayoffPutEviiT0_ddddPKdPd,A100,GPT 5.4,True,0.055059
aop-cuda,_Z21generate_paths_kernelILi256E9PayoffPutEviiT0_ddddPKdPd,A100,GPT OSS,False,0.0034518
aop-cuda,_Z21generate_paths_kernelILi256E9PayoffPutEviiT0_ddddPKdPd,A100,GPT OSS,True,0.001216497
aop-cuda,_Z21generate_paths_kernelILi256E9PayoffPutEviiT0_ddddPKdPd,A100,Opus 4.6,False,0.14105
aop-cuda,_Z21generate_paths_kernelILi256E9PayoffPutEviiT0_ddddPKdPd,A100,Opus 4.6,True,0.246305
aop-cuda,_Z21generate_paths_kernelILi256E9PayoffPutEviiT0_ddddPKdPd,H100,GPT 5.4,False,0.043828
aop-cuda,_Z21generate_paths_kernelILi256E9PayoffPutEviiT0_ddddPKdPd,H100,GPT 5.4,True,0.0552015
aop-cuda,_Z21generate_paths_kernelILi256E9PayoffPutEviiT0_ddddPKdPd,H100,GPT OSS,False,0.001008679
aop-cuda,_Z21generate_paths_kernelILi256E9PayoffPutEviiT0_ddddPKdPd,H100,GPT OSS,True,0.001131994
aop-cuda,_Z21generate_paths_kernelILi256E9PayoffPutEviiT0_ddddPKdPd,H100,Opus 4.6,False,0.146775
aop-cuda,_Z21generate_paths_kernelILi256E9PayoffPutEviiT0_ddddPKdPd,H100,Opus 4.6,True,0.178545
aop-cuda,_Z22update_cashflow_kernelILi128E9PayoffPutEviT0_dPKdS3_PKiPd,3080,GPT 5.4,False,0.0453855
aop-cuda,_Z22update_cashflow_kernelILi128E9PayoffPutEviT0_dPKdS3_PKiPd,3080,GPT 5.4,True,0.0584265
aop-cuda,_Z22update_cashflow_kernelILi128E9PayoffPutEviT0_dPKdS3_PKiPd,3080,GPT OSS,False,0.0039564
aop-cuda,_Z22update_cashflow_kernelILi128E9PayoffPutEviT0_dPKdS3_PKiPd,3080,GPT OSS,True,0.00504
aop-cuda,_Z22update_cashflow_kernelILi128E9PayoffPutEviT0_dPKdS3_PKiPd,3080,Opus 4.6,False,0.15582
aop-cuda,_Z22update_cashflow_kernelILi128E9PayoffPutEviT0_dPKdS3_PKiPd,3080,Opus 4.6,True,0.195325
aop-cuda,_Z22update_cashflow_kernelILi128E9PayoffPutEviT0_dPKdS3_PKiPd,A10,GPT 5.4,False,0.0447905
aop-cuda,_Z22update_cashflow_kernelILi128E9PayoffPutEviT0_dPKdS3_PKiPd,A10,GPT 5.4,True,0.0583865
aop-cuda,_Z22update_cashflow_kernelILi128E9PayoffPutEviT0_dPKdS3_PKiPd,A10,GPT OSS,True,0.0046458
aop-cuda,_Z22update_cashflow_kernelILi128E9PayoffPutEviT0_dPKdS3_PKiPd,A10,Opus 4.6,False,0.153615
aop-cuda,_Z22update_cashflow_kernelILi128E9PayoffPutEviT0_dPKdS3_PKiPd,A10,Opus 4.6,True,0.191245
aop-cuda,_Z22update_cashflow_kernelILi128E9PayoffPutEviT0_dPKdS3_PKiPd,A100,GPT 5.4,False,0.043373
aop-cuda,_Z22update_cashflow_kernelILi128E9PayoffPutEviT0_dPKdS3_PKiPd,A100,GPT 5.4,True,0.0604115
aop-cuda,_Z22update_cashflow_kernelILi128E9PayoffPutEviT0_dPKdS3_PKiPd,A100,GPT OSS,False,0.001278255
aop-cuda,_Z22update_cashflow_kernelILi128E9PayoffPutEviT0_dPKdS3_PKiPd,A100,GPT OSS,True,0.0046428
aop-cuda,_Z22update_cashflow_kernelILi128E9PayoffPutEviT0_dPKdS3_PKiPd,A100,Opus 4.6,False,0.163205
aop-cuda,_Z22update_cashflow_kernelILi128E9PayoffPutEviT0_dPKdS3_PKiPd,A100,Opus 4.6,True,0.19139
aop-cuda,_Z22update_cashflow_kernelILi128E9PayoffPutEviT0_dPKdS3_PKiPd,H100,GPT 5.4,False,0.0437155
aop-cuda,_Z22update_cashflow_kernelILi128E9PayoffPutEviT0_dPKdS3_PKiPd,H100,GPT 5.4,True,0.0611065
aop-cuda,_Z22update_cashflow_kernelILi128E9PayoffPutEviT0_dPKdS3_PKiPd,H100,GPT OSS,False,0.0038061
aop-cuda,_Z22update_cashflow_kernelILi128E9PayoffPutEviT0_dPKdS3_PKiPd,H100,GPT OSS,True,0.005091
aop-cuda,_Z22update_cashflow_kernelILi128E9PayoffPutEviT0_dPKdS3_PKiPd,H100,Opus 4.6,False,0.15873
aop-cuda,_Z22update_cashflow_kernelILi128E9PayoffPutEviT0_dPKdS3_PKiPd,H100,Opus 4.6,True,0.19597
aop-cuda,_Z24compute_final_sum_kernelILi128EEviidPd,3080,GPT 5.4,False,0.042573
aop-cuda,_Z24compute_final_sum_kernelILi128EEviidPd,3080,GPT 5.4,True,0.060764
aop-cuda,_Z24compute_final_sum_kernelILi128EEviidPd,3080,GPT OSS,False,0.000883561
aop-cuda,_Z24compute_final_sum_kernelILi128EEviidPd,3080,GPT OSS,True,0.00508455
aop-cuda,_Z24compute_final_sum_kernelILi128EEviidPd,3080,Opus 4.6,False,0.12976
aop-cuda,_Z24compute_final_sum_kernelILi128EEviidPd,3080,Opus 4.6,True,0.182335
aop-cuda,_Z24compute_final_sum_kernelILi128EEviidPd,A10,GPT 5.4,False,0.043523
aop-cuda,_Z24compute_final_sum_kernelILi128EEviidPd,A10,GPT 5.4,True,0.061024
aop-cuda,_Z24compute_final_sum_kernelILi128EEviidPd,A10,GPT OSS,False,0.000896705
aop-cuda,_Z24compute_final_sum_kernelILi128EEviidPd,A10,GPT OSS,True,0.00519075
aop-cuda,_Z24compute_final_sum_kernelILi128EEviidPd,A10,Opus 4.6,False,0.127205
aop-cuda,_Z24compute_final_sum_kernelILi128EEviidPd,A10,Opus 4.6,True,0.193555
aop-cuda,_Z24compute_final_sum_kernelILi128EEviidPd,A100,GPT 5.4,False,0.0424955
aop-cuda,_Z24compute_final_sum_kernelILi128EEviidPd,A100,GPT 5.4,True,0.059614
aop-cuda,_Z24compute_final_sum_kernelILi128EEviidPd,A100,GPT OSS,False,0.000969592
aop-cuda,_Z24compute_final_sum_kernelILi128EEviidPd,A100,GPT OSS,True,0.00438795
aop-cuda,_Z24compute_final_sum_kernelILi128EEviidPd,A100,Opus 4.6,False,0.132345
aop-cuda,_Z24compute_final_sum_kernelILi128EEviidPd,A100,Opus 4.6,True,0.190435
aop-cuda,_Z24compute_final_sum_kernelILi128EEviidPd,H100,GPT 5.4,False,0.042028
aop-cuda,_Z24compute_final_sum_kernelILi128EEviidPd,H100,GPT 5.4,True,0.0603365
aop-cuda,_Z24compute_final_sum_kernelILi128EEviidPd,H100,GPT OSS,False,0.00318705
aop-cuda,_Z24compute_final_sum_kernelILi128EEviidPd,H100,Opus 4.6,False,0.12787
aop-cuda,_Z24compute_final_sum_kernelILi128EEviidPd,H100,Opus 4.6,True,0.18924
aop-cuda,_Z25compute_final_beta_kernelILi128EEvPKiPd,3080,GPT 5.4,False,0.041713
aop-cuda,_Z25compute_final_beta_kernelILi128EEvPKiPd,3080,GPT 5.4,True,0.045709
aop-cuda,_Z25compute_final_beta_kernelILi128EEvPKiPd,3080,GPT OSS,False,0.00332025
aop-cuda,_Z25compute_final_beta_kernelILi128EEvPKiPd,3080,Opus 4.6,False,0.13793
aop-cuda,_Z25compute_final_beta_kernelILi128EEvPKiPd,3080,Opus 4.6,True,0.146755
aop-cuda,_Z25compute_final_beta_kernelILi128EEvPKiPd,A10,GPT 5.4,False,0.04794
aop-cuda,_Z25compute_final_beta_kernelILi128EEvPKiPd,A10,GPT 5.4,True,0.046539
aop-cuda,_Z25compute_final_beta_kernelILi128EEvPKiPd,A10,GPT OSS,False,0.00315225
aop-cuda,_Z25compute_final_beta_kernelILi128EEvPKiPd,A10,Opus 4.6,False,0.12885
aop-cuda,_Z25compute_final_beta_kernelILi128EEvPKiPd,A10,Opus 4.6,True,0.155075
aop-cuda,_Z25compute_final_beta_kernelILi128EEvPKiPd,A100,GPT 5.4,False,0.0465375
aop-cuda,_Z25compute_final_beta_kernelILi128EEvPKiPd,A100,GPT 5.4,True,0.045969
aop-cuda,_Z25compute_final_beta_kernelILi128EEvPKiPd,A100,Opus 4.6,False,0.12859
aop-cuda,_Z25compute_final_beta_kernelILi128EEvPKiPd,A100,Opus 4.6,True,0.15043
aop-cuda,_Z25compute_final_beta_kernelILi128EEvPKiPd,H100,GPT 5.4,False,0.042995
aop-cuda,_Z25compute_final_beta_kernelILi128EEvPKiPd,H100,GPT 5.4,True,0.045984
aop-cuda,_Z25compute_final_beta_kernelILi128EEvPKiPd,H100,GPT OSS,True,0.00357195
aop-cuda,_Z25compute_final_beta_kernelILi128EEvPKiPd,H100,Opus 4.6,False,0.13569
aop-cuda,_Z25compute_final_beta_kernelILi128EEvPKiPd,H100,Opus 4.6,True,0.145905
aop-cuda,_Z27compute_partial_beta_kernelILi128E9PayoffPutEviT0_PKdS3_S3_PKiPd,3080,GPT 5.4,False,0.0437705
aop-cuda,_Z27compute_partial_beta_kernelILi128E9PayoffPutEviT0_PKdS3_S3_PKiPd,3080,GPT 5.4,True,0.0689665
aop-cuda,_Z27compute_partial_beta_kernelILi128E9PayoffPutEviT0_PKdS3_S3_PKiPd,3080,GPT OSS,False,0.001217002
aop-cuda,_Z27compute_partial_beta_kernelILi128E9PayoffPutEviT0_PKdS3_S3_PKiPd,3080,GPT OSS,True,0.0061992
aop-cuda,_Z27compute_partial_beta_kernelILi128E9PayoffPutEviT0_PKdS3_S3_PKiPd,3080,Opus 4.6,False,0.147995
aop-cuda,_Z27compute_partial_beta_kernelILi128E9PayoffPutEviT0_PKdS3_S3_PKiPd,3080,Opus 4.6,True,0.23668
aop-cuda,_Z27compute_partial_beta_kernelILi128E9PayoffPutEviT0_PKdS3_S3_PKiPd,A10,GPT 5.4,False,0.0444805
aop-cuda,_Z27compute_partial_beta_kernelILi128E9PayoffPutEviT0_PKdS3_S3_PKiPd,A10,GPT 5.4,True,0.0701715
aop-cuda,_Z27compute_partial_beta_kernelILi128E9PayoffPutEviT0_PKdS3_S3_PKiPd,A10,GPT OSS,False,0.001069976
aop-cuda,_Z27compute_partial_beta_kernelILi128E9PayoffPutEviT0_PKdS3_S3_PKiPd,A10,GPT OSS,True,0.0054642
aop-cuda,_Z27compute_partial_beta_kernelILi128E9PayoffPutEviT0_PKdS3_S3_PKiPd,A10,Opus 4.6,False,0.14834
aop-cuda,_Z27compute_partial_beta_kernelILi128E9PayoffPutEviT0_PKdS3_S3_PKiPd,A10,Opus 4.6,True,0.218
aop-cuda,_Z27compute_partial_beta_kernelILi128E9PayoffPutEviT0_PKdS3_S3_PKiPd,A100,GPT 5.4,False,0.045673
aop-cuda,_Z27compute_partial_beta_kernelILi128E9PayoffPutEviT0_PKdS3_S3_PKiPd,A100,GPT 5.4,True,0.0712815
aop-cuda,_Z27compute_partial_beta_kernelILi128E9PayoffPutEviT0_PKdS3_S3_PKiPd,A100,GPT OSS,False,0.001265223
aop-cuda,_Z27compute_partial_beta_kernelILi128E9PayoffPutEviT0_PKdS3_S3_PKiPd,A100,GPT OSS,True,0.0065214
aop-cuda,_Z27compute_partial_beta_kernelILi128E9PayoffPutEviT0_PKdS3_S3_PKiPd,A100,Opus 4.6,False,0.15843
aop-cuda,_Z27compute_partial_beta_kernelILi128E9PayoffPutEviT0_PKdS3_S3_PKiPd,A100,Opus 4.6,True,0.27343
aop-cuda,_Z27compute_partial_beta_kernelILi128E9PayoffPutEviT0_PKdS3_S3_PKiPd,H100,GPT 5.4,False,0.0471855
aop-cuda,_Z27compute_partial_beta_kernelILi128E9PayoffPutEviT0_PKdS3_S3_PKiPd,H100,GPT 5.4,True,0.0693615
aop-cuda,_Z27compute_partial_beta_kernelILi128E9PayoffPutEviT0_PKdS3_S3_PKiPd,H100,GPT OSS,False,0.001233074
aop-cuda,_Z27compute_partial_beta_kernelILi128E9PayoffPutEviT0_PKdS3_S3_PKiPd,H100,GPT OSS,True,0.0051096
aop-cuda,_Z27compute_partial_beta_kernelILi128E9PayoffPutEviT0_PKdS3_S3_PKiPd,H100,Opus 4.6,False,0.152755
aop-cuda,_Z27compute_partial_beta_kernelILi128E9PayoffPutEviT0_PKdS3_S3_PKiPd,H100,Opus 4.6,True,0.22028
aop-cuda,_Z27compute_partial_sums_kernelILi128EEviPKdPd,3080,GPT 5.4,False,0.040313
aop-cuda,_Z27compute_partial_sums_kernelILi128EEviPKdPd,3080,GPT 5.4,True,0.0433715
aop-cuda,_Z27compute_partial_sums_kernelILi128EEviPKdPd,3080,GPT OSS,False,0.000796049
aop-cuda,_Z27compute_partial_sums_kernelILi128EEviPKdPd,3080,Opus 4.6,False,0.12553
aop-cuda,_Z27compute_partial_sums_kernelILi128EEviPKdPd,3080,Opus 4.6,True,0.149215
aop-cuda,_Z27compute_partial_sums_kernelILi128EEviPKdPd,A10,GPT 5.4,False,0.041338
aop-cuda,_Z27compute_partial_sums_kernelILi128EEviPKdPd,A10,GPT 5.4,True,0.0433465
aop-cuda,_Z27compute_partial_sums_kernelILi128EEviPKdPd,A10,GPT OSS,False,0.000935163
aop-cuda,_Z27compute_partial_sums_kernelILi128EEviPKdPd,A10,GPT OSS,True,0.0034359
aop-cuda,_Z27compute_partial_sums_kernelILi128EEviPKdPd,A10,Opus 4.6,False,0.129025
aop-cuda,_Z27compute_partial_sums_kernelILi128EEviPKdPd,A10,Opus 4.6,True,0.135935
aop-cuda,_Z27compute_partial_sums_kernelILi128EEviPKdPd,A100,GPT 5.4,False,0.0414955
aop-cuda,_Z27compute_partial_sums_kernelILi128EEviPKdPd,A100,GPT 5.4,True,0.0442165
aop-cuda,_Z27compute_partial_sums_kernelILi128EEviPKdPd,A100,GPT OSS,False,0.0032475
aop-cuda,_Z27compute_partial_sums_kernelILi128EEviPKdPd,A100,GPT OSS,True,0.0034221
aop-cuda,_Z27compute_partial_sums_kernelILi128EEviPKdPd,A100,Opus 4.6,False,0.12819
aop-cuda,_Z27compute_partial_sums_kernelILi128EEviPKdPd,A100,Opus 4.6,True,0.14744
aop-cuda,_Z27compute_partial_sums_kernelILi128EEviPKdPd,H100,GPT 5.4,False,0.041583
aop-cuda,_Z27compute_partial_sums_kernelILi128EEviPKdPd,H100,GPT 5.4,True,0.044409
aop-cuda,_Z27compute_partial_sums_kernelILi128EEviPKdPd,H100,GPT OSS,False,0.000853161
aop-cuda,_Z27compute_partial_sums_kernelILi128EEviPKdPd,H100,GPT OSS,True,0.00326865
aop-cuda,_Z27compute_partial_sums_kernelILi128EEviPKdPd,H100,Opus 4.6,False,0.12759
aop-cuda,_Z27compute_partial_sums_kernelILi128EEviPKdPd,H100,Opus 4.6,True,0.133865
aop-omp,_Z18prepare_svd_kernelILi256E9PayoffPutEviiiT0_PKdPiPd_l491,3080,GPT 5.4,False,0.041908
aop-omp,_Z18prepare_svd_kernelILi256E9PayoffPutEviiiT0_PKdPiPd_l491,3080,GPT 5.4,True,0.2619015
aop-omp,_Z18prepare_svd_kernelILi256E9PayoffPutEviiiT0_PKdPiPd_l491,3080,GPT OSS,False,0.00389955
aop-omp,_Z18prepare_svd_kernelILi256E9PayoffPutEviiiT0_PKdPiPd_l491,3080,Opus 4.6,False,0.151675
aop-omp,_Z18prepare_svd_kernelILi256E9PayoffPutEviiiT0_PKdPiPd_l491,3080,Opus 4.6,True,0.697045
aop-omp,_Z18prepare_svd_kernelILi256E9PayoffPutEviiiT0_PKdPiPd_l491,A10,GPT 5.4,False,0.042868
aop-omp,_Z18prepare_svd_kernelILi256E9PayoffPutEviiiT0_PKdPiPd_l491,A10,GPT 5.4,True,0.2602965
aop-omp,_Z18prepare_svd_kernelILi256E9PayoffPutEviiiT0_PKdPiPd_l491,A10,GPT OSS,False,0.00344865
aop-omp,_Z18prepare_svd_kernelILi256E9PayoffPutEviiiT0_PKdPiPd_l491,A10,Opus 4.6,False,0.143275
aop-omp,_Z18prepare_svd_kernelILi256E9PayoffPutEviiiT0_PKdPiPd_l491,A10,Opus 4.6,True,0.69217
aop-omp,_Z18prepare_svd_kernelILi256E9PayoffPutEviiiT0_PKdPiPd_l491,A100,GPT 5.4,False,0.0460405
aop-omp,_Z18prepare_svd_kernelILi256E9PayoffPutEviiiT0_PKdPiPd_l491,A100,GPT 5.4,True,0.262319
aop-omp,_Z18prepare_svd_kernelILi256E9PayoffPutEviiiT0_PKdPiPd_l491,A100,GPT OSS,False,0.0031245
aop-omp,_Z18prepare_svd_kernelILi256E9PayoffPutEviiiT0_PKdPiPd_l491,A100,Opus 4.6,False,0.14049
aop-omp,_Z18prepare_svd_kernelILi256E9PayoffPutEviiiT0_PKdPiPd_l491,A100,Opus 4.6,True,0.699165
aop-omp,_Z18prepare_svd_kernelILi256E9PayoffPutEviiiT0_PKdPiPd_l491,H100,GPT 5.4,False,0.044718
aop-omp,_Z18prepare_svd_kernelILi256E9PayoffPutEviiiT0_PKdPiPd_l491,H100,GPT 5.4,True,0.29148
aop-omp,_Z18prepare_svd_kernelILi256E9PayoffPutEviiiT0_PKdPiPd_l491,H100,GPT OSS,False,0.001070243
aop-omp,_Z18prepare_svd_kernelILi256E9PayoffPutEviiiT0_PKdPiPd_l491,H100,Opus 4.6,False,0.163215
aop-omp,_Z18prepare_svd_kernelILi256E9PayoffPutEviiiT0_PKdPiPd_l491,H100,Opus 4.6,True,0.75235
aop-omp,_Z19compute_beta_kernelILi128E9PayoffPutEviT0_PKdS3_S3_PKiPd_l648,3080,GPT 5.4,False,0.040093
aop-omp,_Z19compute_beta_kernelILi128E9PayoffPutEviT0_PKdS3_S3_PKiPd_l648,3080,GPT 5.4,True,0.2679115
aop-omp,_Z19compute_beta_kernelILi128E9PayoffPutEviT0_PKdS3_S3_PKiPd_l648,3080,GPT OSS,False,0.001018003
aop-omp,_Z19compute_beta_kernelILi128E9PayoffPutEviT0_PKdS3_S3_PKiPd_l648,3080,Opus 4.6,False,0.146515
aop-omp,_Z19compute_beta_kernelILi128E9PayoffPutEviT0_PKdS3_S3_PKiPd_l648,3080,Opus 4.6,True,0.719805
aop-omp,_Z19compute_beta_kernelILi128E9PayoffPutEviT0_PKdS3_S3_PKiPd_l648,A10,GPT 5.4,False,0.047215
aop-omp,_Z19compute_beta_kernelILi128E9PayoffPutEviT0_PKdS3_S3_PKiPd_l648,A10,GPT 5.4,True,0.2661415
aop-omp,_Z19compute_beta_kernelILi128E9PayoffPutEviT0_PKdS3_S3_PKiPd_l648,A10,GPT OSS,False,0.00373635
aop-omp,_Z19compute_beta_kernelILi128E9PayoffPutEviT0_PKdS3_S3_PKiPd_l648,A10,Opus 4.6,False,0.149865
aop-omp,_Z19compute_beta_kernelILi128E9PayoffPutEviT0_PKdS3_S3_PKiPd_l648,A10,Opus 4.6,True,0.719955
aop-omp,_Z19compute_beta_kernelILi128E9PayoffPutEviT0_PKdS3_S3_PKiPd_l648,A100,GPT 5.4,False,0.0406255
aop-omp,_Z19compute_beta_kernelILi128E9PayoffPutEviT0_PKdS3_S3_PKiPd_l648,A100,GPT 5.4,True,0.267619
aop-omp,_Z19compute_beta_kernelILi128E9PayoffPutEviT0_PKdS3_S3_PKiPd_l648,A100,GPT OSS,False,0.001040686
aop-omp,_Z19compute_beta_kernelILi128E9PayoffPutEviT0_PKdS3_S3_PKiPd_l648,A100,GPT OSS,True,0.004506723
aop-omp,_Z19compute_beta_kernelILi128E9PayoffPutEviT0_PKdS3_S3_PKiPd_l648,A100,Opus 4.6,False,0.147005
aop-omp,_Z19compute_beta_kernelILi128E9PayoffPutEviT0_PKdS3_S3_PKiPd_l648,A100,Opus 4.6,True,0.73354
aop-omp,_Z19compute_beta_kernelILi128E9PayoffPutEviT0_PKdS3_S3_PKiPd_l648,H100,GPT 5.4,False,0.042933
aop-omp,_Z19compute_beta_kernelILi128E9PayoffPutEviT0_PKdS3_S3_PKiPd_l648,H100,GPT 5.4,True,0.2465515
aop-omp,_Z19compute_beta_kernelILi128E9PayoffPutEviT0_PKdS3_S3_PKiPd_l648,H100,GPT OSS,False,0.001005497
aop-omp,_Z19compute_beta_kernelILi128E9PayoffPutEviT0_PKdS3_S3_PKiPd_l648,H100,Opus 4.6,False,0.143655
aop-omp,_Z19compute_beta_kernelILi128E9PayoffPutEviT0_PKdS3_S3_PKiPd_l648,H100,Opus 4.6,True,0.67493
aop-omp,_Z21generate_paths_kernelILi256E9PayoffPutEviiT0_ddddPKdPd_l97,3080,GPT 5.4,False,0.0412555
aop-omp,_Z21generate_paths_kernelILi256E9PayoffPutEviiT0_ddddPKdPd_l97,3080,GPT 5.4,True,0.084135
aop-omp,_Z21generate_paths_kernelILi256E9PayoffPutEviiT0_ddddPKdPd_l97,3080,GPT OSS,False,0.001012756
aop-omp,_Z21generate_paths_kernelILi256E9PayoffPutEviiT0_ddddPKdPd_l97,3080,GPT OSS,True,0.001484111
aop-omp,_Z21generate_paths_kernelILi256E9PayoffPutEviiT0_ddddPKdPd_l97,3080,Opus 4.6,False,0.132905
aop-omp,_Z21generate_paths_kernelILi256E9PayoffPutEviiT0_ddddPKdPd_l97,3080,Opus 4.6,True,0.249235
aop-omp,_Z21generate_paths_kernelILi256E9PayoffPutEviiT0_ddddPKdPd_l97,A10,GPT 5.4,False,0.0404005
aop-omp,_Z21generate_paths_kernelILi256E9PayoffPutEviiT0_ddddPKdPd_l97,A10,GPT 5.4,True,0.078204
aop-omp,_Z21generate_paths_kernelILi256E9PayoffPutEviiT0_ddddPKdPd_l97,A10,GPT OSS,False,0.0030813
aop-omp,_Z21generate_paths_kernelILi256E9PayoffPutEviiT0_ddddPKdPd_l97,A10,GPT OSS,True,0.001495467
aop-omp,_Z21generate_paths_kernelILi256E9PayoffPutEviiT0_ddddPKdPd_l97,A10,Opus 4.6,False,0.13293
aop-omp,_Z21generate_paths_kernelILi256E9PayoffPutEviiT0_ddddPKdPd_l97,A10,Opus 4.6,True,0.27376
aop-omp,_Z21generate_paths_kernelILi256E9PayoffPutEviiT0_ddddPKdPd_l97,A100,GPT 5.4,False,0.040408
aop-omp,_Z21generate_paths_kernelILi256E9PayoffPutEviiT0_ddddPKdPd_l97,A100,GPT 5.4,True,0.0803415
aop-omp,_Z21generate_paths_kernelILi256E9PayoffPutEviiT0_ddddPKdPd_l97,A100,GPT OSS,False,0.00304995
aop-omp,_Z21generate_paths_kernelILi256E9PayoffPutEviiT0_ddddPKdPd_l97,A100,GPT OSS,True,0.001581176
aop-omp,_Z21generate_paths_kernelILi256E9PayoffPutEviiT0_ddddPKdPd_l97,A100,Opus 4.6,False,0.12962
aop-omp,_Z21generate_paths_kernelILi256E9PayoffPutEviiT0_ddddPKdPd_l97,A100,Opus 4.6,True,0.278205
aop-omp,_Z21generate_paths_kernelILi256E9PayoffPutEviiT0_ddddPKdPd_l97,H100,GPT 5.4,False,0.0421005
aop-omp,_Z21generate_paths_kernelILi256E9PayoffPutEviiT0_ddddPKdPd_l97,H100,GPT 5.4,True,0.093635
aop-omp,_Z21generate_paths_kernelILi256E9PayoffPutEviiT0_ddddPKdPd_l97,H100,GPT OSS,False,0.00085129
aop-omp,_Z21generate_paths_kernelILi256E9PayoffPutEviiT0_ddddPKdPd_l97,H100,GPT OSS,True,0.00601485
aop-omp,_Z21generate_paths_kernelILi256E9PayoffPutEviiT0_ddddPKdPd_l97,H100,Opus 4.6,False,0.130695
aop-omp,_Z21generate_paths_kernelILi256E9PayoffPutEviiT0_ddddPKdPd_l97,H100,Opus 4.6,True,0.28872
aop-omp,_Z22update_cashflow_kernelILi128E9PayoffPutEviiT0_dPKdS3_PKiPd_l744,3080,GPT 5.4,False,0.041943
aop-omp,_Z22update_cashflow_kernelILi128E9PayoffPutEviiT0_dPKdS3_PKiPd_l744,3080,GPT 5.4,True,0.0612065
aop-omp,_Z22update_cashflow_kernelILi128E9PayoffPutEviiT0_dPKdS3_PKiPd_l744,3080,GPT OSS,False,0.001100351
aop-omp,_Z22update_cashflow_kernelILi128E9PayoffPutEviiT0_dPKdS3_PKiPd_l744,3080,GPT OSS,True,0.00549727
aop-omp,_Z22update_cashflow_kernelILi128E9PayoffPutEviiT0_dPKdS3_PKiPd_l744,3080,Opus 4.6,False,0.15132
aop-omp,_Z22update_cashflow_kernelILi128E9PayoffPutEviiT0_dPKdS3_PKiPd_l744,3080,Opus 4.6,True,0.196335
aop-omp,_Z22update_cashflow_kernelILi128E9PayoffPutEviiT0_dPKdS3_PKiPd_l744,A10,GPT 5.4,False,0.040518
aop-omp,_Z22update_cashflow_kernelILi128E9PayoffPutEviiT0_dPKdS3_PKiPd_l744,A10,GPT 5.4,True,0.0663875
aop-omp,_Z22update_cashflow_kernelILi128E9PayoffPutEviiT0_dPKdS3_PKiPd_l744,A10,GPT OSS,False,0.001028677
aop-omp,_Z22update_cashflow_kernelILi128E9PayoffPutEviiT0_dPKdS3_PKiPd_l744,A10,GPT OSS,True,0.001433704
aop-omp,_Z22update_cashflow_kernelILi128E9PayoffPutEviiT0_dPKdS3_PKiPd_l744,A10,Opus 4.6,False,0.13687
aop-omp,_Z22update_cashflow_kernelILi128E9PayoffPutEviiT0_dPKdS3_PKiPd_l744,A10,Opus 4.6,True,0.186885
aop-omp,_Z22update_cashflow_kernelILi128E9PayoffPutEviiT0_dPKdS3_PKiPd_l744,A100,GPT 5.4,False,0.0431655
aop-omp,_Z22update_cashflow_kernelILi128E9PayoffPutEviiT0_dPKdS3_PKiPd_l744,A100,GPT 5.4,True,0.061759
aop-omp,_Z22update_cashflow_kernelILi128E9PayoffPutEviiT0_dPKdS3_PKiPd_l744,A100,GPT OSS,False,0.001094154
aop-omp,_Z22update_cashflow_kernelILi128E9PayoffPutEviiT0_dPKdS3_PKiPd_l744,A100,GPT OSS,True,0.001388081
aop-omp,_Z22update_cashflow_kernelILi128E9PayoffPutEviiT0_dPKdS3_PKiPd_l744,A100,Opus 4.6,False,0.134935
aop-omp,_Z22update_cashflow_kernelILi128E9PayoffPutEviiT0_dPKdS3_PKiPd_l744,A100,Opus 4.6,True,0.20234
aop-omp,_Z22update_cashflow_kernelILi128E9PayoffPutEviiT0_dPKdS3_PKiPd_l744,H100,GPT 5.4,False,0.041723
aop-omp,_Z22update_cashflow_kernelILi128E9PayoffPutEviiT0_dPKdS3_PKiPd_l744,H100,GPT 5.4,True,0.071265
aop-omp,_Z22update_cashflow_kernelILi128E9PayoffPutEviiT0_dPKdS3_PKiPd_l744,H100,GPT OSS,False,0.001104945
aop-omp,_Z22update_cashflow_kernelILi128E9PayoffPutEviiT0_dPKdS3_PKiPd_l744,H100,GPT OSS,True,0.001450127
aop-omp,_Z22update_cashflow_kernelILi128E9PayoffPutEviiT0_dPKdS3_PKiPd_l744,H100,Opus 4.6,False,0.15011
aop-omp,_Z22update_cashflow_kernelILi128E9PayoffPutEviiT0_dPKdS3_PKiPd_l744,H100,Opus 4.6,True,0.20734
asmooth-cuda,_Z15normalizeFilteriiPfPKf,3080,GPT 5.4,False,0.0191755
asmooth-cuda,_Z15normalizeFilteriiPfPKf,3080,GPT 5.4,True,0.0251065
asmooth-cuda,_Z15normalizeFilteriiPfPKf,3080,GPT OSS,False,0.0025851
asmooth-cuda,_Z15normalizeFilteriiPfPKf,3080,GPT OSS,True,0.000655658
asmooth-cuda,_Z15normalizeFilteriiPfPKf,3080,Opus 4.6,False,0.07522
asmooth-cuda,_Z15normalizeFilteriiPfPKf,3080,Opus 4.6,True,0.08002
asmooth-cuda,_Z15normalizeFilteriiPfPKf,A10,GPT 5.4,False,0.0196005
asmooth-cuda,_Z15normalizeFilteriiPfPKf,A10,GPT 5.4,True,0.0207015
asmooth-cuda,_Z15normalizeFilteriiPfPKf,A10,GPT OSS,False,0.0024783
asmooth-cuda,_Z15normalizeFilteriiPfPKf,A10,Opus 4.6,False,0.07324
asmooth-cuda,_Z15normalizeFilteriiPfPKf,A10,Opus 4.6,True,0.07614
asmooth-cuda,_Z15normalizeFilteriiPfPKf,A100,GPT 5.4,False,0.019068
asmooth-cuda,_Z15normalizeFilteriiPfPKf,A100,GPT 5.4,True,0.0241365
asmooth-cuda,_Z15normalizeFilteriiPfPKf,A100,GPT OSS,False,0.00192375
asmooth-cuda,_Z15normalizeFilteriiPfPKf,A100,GPT OSS,True,0.000670878
asmooth-cuda,_Z15normalizeFilteriiPfPKf,A100,Opus 4.6,False,0.067905
asmooth-cuda,_Z15normalizeFilteriiPfPKf,A100,Opus 4.6,True,0.081095
asmooth-cuda,_Z15normalizeFilteriiPfPKf,H100,GPT 5.4,False,0.0205655
asmooth-cuda,_Z15normalizeFilteriiPfPKf,H100,GPT 5.4,True,0.021584
asmooth-cuda,_Z15normalizeFilteriiPfPKf,H100,GPT OSS,False,0.0019008
asmooth-cuda,_Z15normalizeFilteriiPfPKf,H100,Opus 4.6,False,0.07208
asmooth-cuda,_Z15normalizeFilteriiPfPKf,H100,Opus 4.6,True,0.09105
asmooth-cuda,_Z15smoothingFilteriiiiPKfPiPf,3080,GPT 5.4,False,0.0229875
asmooth-cuda,_Z15smoothingFilteriiiiPKfPiPf,3080,GPT 5.4,True,0.0406515
asmooth-cuda,_Z15smoothingFilteriiiiPKfPiPf,3080,GPT OSS,False,0.0022977
asmooth-cuda,_Z15smoothingFilteriiiiPKfPiPf,3080,Opus 4.6,False,0.13327
asmooth-cuda,_Z15smoothingFilteriiiiPKfPiPf,3080,Opus 4.6,True,0.15882
asmooth-cuda,_Z15smoothingFilteriiiiPKfPiPf,A10,GPT 5.4,False,0.0200555
asmooth-cuda,_Z15smoothingFilteriiiiPKfPiPf,A10,GPT 5.4,True,0.0429965
asmooth-cuda,_Z15smoothingFilteriiiiPKfPiPf,A10,GPT OSS,False,0.0037287
asmooth-cuda,_Z15smoothingFilteriiiiPKfPiPf,A10,GPT OSS,True,0.001091034
asmooth-cuda,_Z15smoothingFilteriiiiPKfPiPf,A10,Opus 4.6,False,0.11539
asmooth-cuda,_Z15smoothingFilteriiiiPKfPiPf,A10,Opus 4.6,True,0.14464
asmooth-cuda,_Z15smoothingFilteriiiiPKfPiPf,A100,GPT 5.4,False,0.020513
asmooth-cuda,_Z15smoothingFilteriiiiPKfPiPf,A100,GPT 5.4,True,0.041724
asmooth-cuda,_Z15smoothingFilteriiiiPKfPiPf,A100,GPT OSS,False,0.00316575
asmooth-cuda,_Z15smoothingFilteriiiiPKfPiPf,A100,GPT OSS,True,0.00366375
asmooth-cuda,_Z15smoothingFilteriiiiPKfPiPf,A100,Opus 4.6,False,0.099505
asmooth-cuda,_Z15smoothingFilteriiiiPKfPiPf,A100,Opus 4.6,True,0.167285
asmooth-cuda,_Z15smoothingFilteriiiiPKfPiPf,H100,GPT 5.4,False,0.0223105
asmooth-cuda,_Z15smoothingFilteriiiiPKfPiPf,H100,GPT 5.4,True,0.040839
asmooth-cuda,_Z15smoothingFilteriiiiPKfPiPf,H100,GPT OSS,False,0.00081464
asmooth-cuda,_Z15smoothingFilteriiiiPKfPiPf,H100,GPT OSS,True,0.001420769
asmooth-cuda,_Z15smoothingFilteriiiiPKfPiPf,H100,Opus 4.6,False,0.102155
asmooth-cuda,_Z15smoothingFilteriiiiPKfPiPf,H100,Opus 4.6,True,0.154735
asmooth-cuda,_Z9outFilteriiPKfPKiPf,3080,GPT 5.4,False,0.0226805
asmooth-cuda,_Z9outFilteriiPKfPKiPf,3080,GPT 5.4,True,0.0308965
asmooth-cuda,_Z9outFilteriiPKfPKiPf,3080,GPT OSS,False,0.0023115
asmooth-cuda,_Z9outFilteriiPKfPKiPf,3080,GPT OSS,True,0.00571989
asmooth-cuda,_Z9outFilteriiPKfPKiPf,3080,Opus 4.6,False,0.08092
asmooth-cuda,_Z9outFilteriiPKfPKiPf,3080,Opus 4.6,True,0.1235
asmooth-cuda,_Z9outFilteriiPKfPKiPf,A10,GPT 5.4,False,0.0207355
asmooth-cuda,_Z9outFilteriiPKfPKiPf,A10,GPT 5.4,True,0.0332415
asmooth-cuda,_Z9outFilteriiPKfPKiPf,A10,GPT OSS,False,0.0030129
asmooth-cuda,_Z9outFilteriiPKfPKiPf,A10,GPT OSS,True,0.000965684
asmooth-cuda,_Z9outFilteriiPKfPKiPf,A10,Opus 4.6,False,0.08479
asmooth-cuda,_Z9outFilteriiPKfPKiPf,A10,Opus 4.6,True,0.126095
asmooth-cuda,_Z9outFilteriiPKfPKiPf,A100,GPT 5.4,False,0.021985
asmooth-cuda,_Z9outFilteriiPKfPKiPf,A100,GPT 5.4,True,0.0351215
asmooth-cuda,_Z9outFilteriiPKfPKiPf,A100,GPT OSS,True,0.000959172
asmooth-cuda,_Z9outFilteriiPKfPKiPf,A100,Opus 4.6,False,0.096555
asmooth-cuda,_Z9outFilteriiPKfPKiPf,A100,Opus 4.6,True,0.149965
asmooth-cuda,_Z9outFilteriiPKfPKiPf,H100,GPT 5.4,False,0.0234705
asmooth-cuda,_Z9outFilteriiPKfPKiPf,H100,GPT 5.4,True,0.032864
asmooth-cuda,_Z9outFilteriiPKfPKiPf,H100,GPT OSS,True,0.00440145
asmooth-cuda,_Z9outFilteriiPKfPKiPf,H100,Opus 4.6,False,0.09613
asmooth-cuda,_Z9outFilteriiPKfPKiPf,H100,Opus 4.6,True,0.13482
asmooth-omp,main_l101,3080,GPT 5.4,False,0.0232755
asmooth-omp,main_l101,3080,GPT 5.4,True,0.0617615
asmooth-omp,main_l101,3080,GPT OSS,False,0.0021975
asmooth-omp,main_l101,3080,GPT OSS,True,0.001452416
asmooth-omp,main_l101,3080,Opus 4.6,False,0.08021
asmooth-omp,main_l101,3080,Opus 4.6,True,0.211135
asmooth-omp,main_l101,A10,GPT 5.4,False,0.0220905
asmooth-omp,main_l101,A10,GPT 5.4,True,0.0624065
asmooth-omp,main_l101,A10,GPT OSS,False,0.0024288
asmooth-omp,main_l101,A10,GPT OSS,True,0.001283462
asmooth-omp,main_l101,A10,Opus 4.6,False,0.077085
asmooth-omp,main_l101,A10,Opus 4.6,True,0.221735
asmooth-omp,main_l101,A100,GPT 5.4,False,0.020913
asmooth-omp,main_l101,A100,GPT 5.4,True,0.063689
asmooth-omp,main_l101,A100,GPT OSS,False,0.00204705
asmooth-omp,main_l101,A100,GPT OSS,True,0.00784765
asmooth-omp,main_l101,A100,Opus 4.6,False,0.10625
asmooth-omp,main_l101,A100,Opus 4.6,True,0.27288
asmooth-omp,main_l101,H100,GPT 5.4,False,0.0217655
asmooth-omp,main_l101,H100,GPT 5.4,True,0.062804
asmooth-omp,main_l101,H100,GPT OSS,False,0.0021753
asmooth-omp,main_l101,H100,GPT OSS,True,0.00584738
asmooth-omp,main_l101,H100,Opus 4.6,False,0.083175
asmooth-omp,main_l101,H100,Opus 4.6,True,0.296525
asmooth-omp,main_l60,3080,GPT 5.4,False,0.0207255
asmooth-omp,main_l60,3080,GPT 5.4,True,0.0663315
asmooth-omp,main_l60,3080,GPT OSS,False,0.0026421
asmooth-omp,main_l60,3080,GPT OSS,True,0.001237038
asmooth-omp,main_l60,3080,Opus 4.6,False,0.106585
asmooth-omp,main_l60,3080,Opus 4.6,True,0.210605
asmooth-omp,main_l60,A10,GPT 5.4,False,0.0209055
asmooth-omp,main_l60,A10,GPT 5.4,True,0.0642015
asmooth-omp,main_l60,A10,GPT OSS,False,0.0022908
asmooth-omp,main_l60,A10,GPT OSS,True,0.001555434
asmooth-omp,main_l60,A10,Opus 4.6,False,0.097535
asmooth-omp,main_l60,A10,Opus 4.6,True,0.21073
asmooth-omp,main_l60,A100,GPT 5.4,False,0.021033
asmooth-omp,main_l60,A100,GPT 5.4,True,0.069934
asmooth-omp,main_l60,A100,GPT OSS,False,0.00240165
asmooth-omp,main_l60,A100,GPT OSS,True,0.006016
asmooth-omp,main_l60,A100,Opus 4.6,False,0.0942
asmooth-omp,main_l60,A100,Opus 4.6,True,0.320775
asmooth-omp,main_l60,H100,GPT 5.4,False,0.0224405
asmooth-omp,main_l60,H100,GPT 5.4,True,0.0747025
asmooth-omp,main_l60,H100,GPT OSS,False,0.0020829
asmooth-omp,main_l60,H100,GPT OSS,True,0.001398184
asmooth-omp,main_l60,H100,Opus 4.6,False,0.0836
asmooth-omp,main_l60,H100,Opus 4.6,True,0.20381
assert-cuda,_Z10perfKernelv,3080,GPT 5.4,False,0.013408
assert-cuda,_Z10perfKernelv,3080,GPT 5.4,True,0.011624
assert-cuda,_Z10perfKernelv,3080,GPT OSS,False,0.00100785
assert-cuda,_Z10perfKernelv,3080,Opus 4.6,False,0.04853
assert-cuda,_Z10perfKernelv,3080,Opus 4.6,True,0.048685
assert-cuda,_Z10perfKernelv,A10,GPT 5.4,False,0.013278
assert-cuda,_Z10perfKernelv,A10,GPT 5.4,True,0.012529
assert-cuda,_Z10perfKernelv,A10,GPT OSS,True,0.000312683
assert-cuda,_Z10perfKernelv,A10,Opus 4.6,False,0.0468
assert-cuda,_Z10perfKernelv,A10,Opus 4.6,True,0.04593
assert-cuda,_Z10perfKernelv,A100,GPT 5.4,False,0.0114405
assert-cuda,_Z10perfKernelv,A100,GPT 5.4,True,0.0119065
assert-cuda,_Z10perfKernelv,A100,Opus 4.6,False,0.045665
assert-cuda,_Z10perfKernelv,A100,Opus 4.6,True,0.047945
assert-cuda,_Z10perfKernelv,H100,GPT 5.4,False,0.012938
assert-cuda,_Z10perfKernelv,H100,GPT 5.4,True,0.013059
assert-cuda,_Z10perfKernelv,H100,GPT OSS,False,0.00109335
assert-cuda,_Z10perfKernelv,H100,GPT OSS,True,0.00137802
assert-cuda,_Z10perfKernelv,H100,Opus 4.6,False,0.04619
assert-cuda,_Z10perfKernelv,H100,Opus 4.6,True,0.04761
assert-cuda,_Z10testKerneli,3080,GPT 5.4,False,0.0133355
assert-cuda,_Z10testKerneli,3080,GPT 5.4,True,0.0129665
assert-cuda,_Z10testKerneli,3080,GPT OSS,False,0.0010842
assert-cuda,_Z10testKerneli,3080,GPT OSS,True,0.000296412
assert-cuda,_Z10testKerneli,3080,Opus 4.6,False,0.05141
assert-cuda,_Z10testKerneli,3080,Opus 4.6,True,0.049225
assert-cuda,_Z10testKerneli,A10,GPT 5.4,False,0.0128155
assert-cuda,_Z10testKerneli,A10,GPT 5.4,True,0.0122065
assert-cuda,_Z10testKerneli,A10,GPT OSS,False,0.0009972
assert-cuda,_Z10testKerneli,A10,Opus 4.6,False,0.048655
assert-cuda,_Z10testKerneli,A10,Opus 4.6,True,0.050345
assert-cuda,_Z10testKerneli,A100,GPT 5.4,False,0.012958
assert-cuda,_Z10testKerneli,A100,GPT 5.4,True,0.012769
assert-cuda,_Z10testKerneli,A100,GPT OSS,False,0.00120165
assert-cuda,_Z10testKerneli,A100,GPT OSS,True,0.000323353
assert-cuda,_Z10testKerneli,A100,Opus 4.6,False,0.04877
assert-cuda,_Z10testKerneli,A100,Opus 4.6,True,0.050385
assert-cuda,_Z10testKerneli,H100,GPT 5.4,False,0.0128505
assert-cuda,_Z10testKerneli,H100,GPT 5.4,True,0.0132215
assert-cuda,_Z10testKerneli,H100,Opus 4.6,False,0.04622
assert-cuda,_Z10testKerneli,H100,Opus 4.6,True,0.04749
assert-cuda,_Z11perfKernel2v,3080,GPT 5.4,False,0.012048
assert-cuda,_Z11perfKernel2v,3080,GPT 5.4,True,0.012269
assert-cuda,_Z11perfKernel2v,3080,GPT OSS,False,0.00111135
assert-cuda,_Z11perfKernel2v,3080,GPT OSS,True,0.000346177
assert-cuda,_Z11perfKernel2v,3080,Opus 4.6,False,0.045365
assert-cuda,_Z11perfKernel2v,3080,Opus 4.6,True,0.047945
assert-cuda,_Z11perfKernel2v,A10,GPT 5.4,False,0.011798
assert-cuda,_Z11perfKernel2v,A10,GPT 5.4,True,0.012259
assert-cuda,_Z11perfKernel2v,A10,GPT OSS,False,0.00104355
assert-cuda,_Z11perfKernel2v,A10,Opus 4.6,False,0.04516
assert-cuda,_Z11perfKernel2v,A10,Opus 4.6,True,0.047265
assert-cuda,_Z11perfKernel2v,A100,GPT 5.4,False,0.0125705
assert-cuda,_Z11perfKernel2v,A100,GPT 5.4,True,0.0122365
assert-cuda,_Z11perfKernel2v,A100,GPT OSS,True,0.00147652
assert-cuda,_Z11perfKernel2v,A100,Opus 4.6,False,0.0475
assert-cuda,_Z11perfKernel2v,A100,Opus 4.6,True,0.047205
assert-cuda,_Z11perfKernel2v,H100,GPT 5.4,False,0.011968
assert-cuda,_Z11perfKernel2v,H100,GPT 5.4,True,0.013119
assert-cuda,_Z11perfKernel2v,H100,GPT OSS,True,0.000381541
assert-cuda,_Z11perfKernel2v,H100,Opus 4.6,False,0.0458
assert-cuda,_Z11perfKernel2v,H100,Opus 4.6,True,0.04897
assert-omp,_Z10perfKernelii_l31,3080,GPT 5.4,False,0.0137605
assert-omp,_Z10perfKernelii_l31,3080,GPT 5.4,True,0.0145215
assert-omp,_Z10perfKernelii_l31,3080,Opus 4.6,False,0.050715
assert-omp,_Z10perfKernelii_l31,3080,Opus 4.6,True,0.05842
assert-omp,_Z10perfKernelii_l31,A10,GPT 5.4,False,0.0115105
assert-omp,_Z10perfKernelii_l31,A10,GPT 5.4,True,0.0141615
assert-omp,_Z10perfKernelii_l31,A10,GPT OSS,False,0.0011772
assert-omp,_Z10perfKernelii_l31,A10,GPT OSS,True,0.000401962
assert-omp,_Z10perfKernelii_l31,A10,Opus 4.6,False,0.05174
assert-omp,_Z10perfKernelii_l31,A10,Opus 4.6,True,0.058245
assert-omp,_Z10perfKernelii_l31,A100,GPT 5.4,False,0.013483
assert-omp,_Z10perfKernelii_l31,A100,GPT 5.4,True,0.014919
assert-omp,_Z10perfKernelii_l31,A100,GPT OSS,False,0.00104445
assert-omp,_Z10perfKernelii_l31,A100,GPT OSS,True,0.000402269
assert-omp,_Z10perfKernelii_l31,A100,Opus 4.6,False,0.048855
assert-omp,_Z10perfKernelii_l31,A100,Opus 4.6,True,0.057035
assert-omp,_Z10perfKernelii_l31,H100,GPT 5.4,False,0.0129555
assert-omp,_Z10perfKernelii_l31,H100,GPT 5.4,True,0.0165115
assert-omp,_Z10perfKernelii_l31,H100,GPT OSS,False,0.0010803
assert-omp,_Z10perfKernelii_l31,H100,GPT OSS,True,0.00214619
assert-omp,_Z10perfKernelii_l31,H100,Opus 4.6,False,0.04848
assert-omp,_Z10perfKernelii_l31,H100,Opus 4.6,True,0.06529
assert-omp,_Z10testKerneliii_l22,3080,GPT 5.4,False,0.012068
assert-omp,_Z10testKerneliii_l22,3080,GPT 5.4,True,0.016569
assert-omp,_Z10testKerneliii_l22,3080,GPT OSS,True,0.000402991
assert-omp,_Z10testKerneliii_l22,3080,Opus 4.6,False,0.052575
assert-omp,_Z10testKerneliii_l22,3080,Opus 4.6,True,0.061995
assert-omp,_Z10testKerneliii_l22,A10,GPT 5.4,False,0.012773
assert-omp,_Z10testKerneliii_l22,A10,GPT 5.4,True,0.015444
assert-omp,_Z10testKerneliii_l22,A10,GPT OSS,True,0.000467927
assert-omp,_Z10testKerneliii_l22,A10,Opus 4.6,False,0.0514
assert-omp,_Z10testKerneliii_l22,A10,Opus 4.6,True,0.060845
assert-omp,_Z10testKerneliii_l22,A100,GPT 5.4,False,0.0136655
assert-omp,_Z10testKerneliii_l22,A100,GPT 5.4,True,0.0158115
assert-omp,_Z10testKerneliii_l22,A100,GPT OSS,False,0.0011316
assert-omp,_Z10testKerneliii_l22,A100,GPT OSS,True,0.000476404
assert-omp,_Z10testKerneliii_l22,A100,Opus 4.6,False,0.049815
assert-omp,_Z10testKerneliii_l22,A100,Opus 4.6,True,0.068385
assert-omp,_Z10testKerneliii_l22,H100,GPT 5.4,False,0.012703
assert-omp,_Z10testKerneliii_l22,H100,GPT 5.4,True,0.018909
assert-omp,_Z10testKerneliii_l22,H100,GPT OSS,False,0.00116445
assert-omp,_Z10testKerneliii_l22,H100,GPT OSS,True,0.00180202
assert-omp,_Z10testKerneliii_l22,H100,Opus 4.6,False,0.05149
assert-omp,_Z10testKerneliii_l22,H100,Opus 4.6,True,0.072195
asta-cuda,_Z15PTTWAC_soa_astaiiiPfPiS0_,3080,GPT 5.4,False,0.0225355
asta-cuda,_Z15PTTWAC_soa_astaiiiPfPiS0_,3080,GPT 5.4,True,0.036664
asta-cuda,_Z15PTTWAC_soa_astaiiiPfPiS0_,3080,GPT OSS,False,0.0020952
asta-cuda,_Z15PTTWAC_soa_astaiiiPfPiS0_,3080,GPT OSS,True,0.00350115
asta-cuda,_Z15PTTWAC_soa_astaiiiPfPiS0_,3080,Opus 4.6,False,0.08219
asta-cuda,_Z15PTTWAC_soa_astaiiiPfPiS0_,3080,Opus 4.6,True,0.12643
asta-cuda,_Z15PTTWAC_soa_astaiiiPfPiS0_,A10,GPT 5.4,False,0.0242355
asta-cuda,_Z15PTTWAC_soa_astaiiiPfPiS0_,A10,GPT 5.4,True,0.034419
asta-cuda,_Z15PTTWAC_soa_astaiiiPfPiS0_,A10,GPT OSS,False,0.000757888
asta-cuda,_Z15PTTWAC_soa_astaiiiPfPiS0_,A10,GPT OSS,True,0.00346734
asta-cuda,_Z15PTTWAC_soa_astaiiiPfPiS0_,A10,Opus 4.6,False,0.07876
asta-cuda,_Z15PTTWAC_soa_astaiiiPfPiS0_,A10,Opus 4.6,True,0.1173
asta-cuda,_Z15PTTWAC_soa_astaiiiPfPiS0_,A100,GPT 5.4,False,0.024528
asta-cuda,_Z15PTTWAC_soa_astaiiiPfPiS0_,A100,GPT 5.4,True,0.038004
asta-cuda,_Z15PTTWAC_soa_astaiiiPfPiS0_,A100,GPT OSS,False,0.00301125
asta-cuda,_Z15PTTWAC_soa_astaiiiPfPiS0_,A100,GPT OSS,True,0.00477541
asta-cuda,_Z15PTTWAC_soa_astaiiiPfPiS0_,A100,Opus 4.6,False,0.0858
asta-cuda,_Z15PTTWAC_soa_astaiiiPfPiS0_,A100,Opus 4.6,True,0.13944
asta-cuda,_Z15PTTWAC_soa_astaiiiPfPiS0_,H100,GPT 5.4,False,0.0214505
asta-cuda,_Z15PTTWAC_soa_astaiiiPfPiS0_,H100,GPT 5.4,True,0.0370765
asta-cuda,_Z15PTTWAC_soa_astaiiiPfPiS0_,H100,GPT OSS,False,0.0026937
asta-cuda,_Z15PTTWAC_soa_astaiiiPfPiS0_,H100,GPT OSS,True,0.0035562
asta-cuda,_Z15PTTWAC_soa_astaiiiPfPiS0_,H100,Opus 4.6,False,0.08445
asta-cuda,_Z15PTTWAC_soa_astaiiiPfPiS0_,H100,Opus 4.6,True,0.138925
asta-omp,main_l170,3080,GPT 5.4,False,0.0228805
asta-omp,main_l170,3080,GPT 5.4,True,0.0422065
asta-omp,main_l170,3080,GPT OSS,False,0.0036144
asta-omp,main_l170,3080,GPT OSS,True,0.00501165
asta-omp,main_l170,3080,Opus 4.6,False,0.081125
asta-omp,main_l170,3080,Opus 4.6,True,0.13684
asta-omp,main_l170,A10,GPT 5.4,False,0.0215305
asta-omp,main_l170,A10,GPT 5.4,True,0.0425215
asta-omp,main_l170,A10,GPT OSS,False,0.0038589
asta-omp,main_l170,A10,GPT OSS,True,0.000970552
asta-omp,main_l170,A10,Opus 4.6,False,0.08185
asta-omp,main_l170,A10,Opus 4.6,True,0.149515
asta-omp,main_l170,A100,GPT 5.4,False,0.022453
asta-omp,main_l170,A100,GPT 5.4,True,0.042299
asta-omp,main_l170,A100,GPT OSS,False,0.00310155
asta-omp,main_l170,A100,GPT OSS,True,0.00303405
asta-omp,main_l170,A100,Opus 4.6,False,0.08369
asta-omp,main_l170,A100,Opus 4.6,True,0.157345
asta-omp,main_l170,H100,GPT 5.4,False,0.0236805
asta-omp,main_l170,H100,GPT 5.4,True,0.0456965
asta-omp,main_l170,H100,GPT OSS,False,0.000862458
asta-omp,main_l170,H100,GPT OSS,True,0.00426102
asta-omp,main_l170,H100,Opus 4.6,False,0.080565
asta-omp,main_l170,H100,Opus 4.6,True,0.168895
atan2-cuda,_Z9compute_fiPKfS0_Pf,3080,GPT 5.4,False,0.030493
atan2-cuda,_Z9compute_fiPKfS0_Pf,3080,GPT 5.4,True,0.042119
atan2-cuda,_Z9compute_fiPKfS0_Pf,3080,GPT OSS,False,0.00308985
atan2-cuda,_Z9compute_fiPKfS0_Pf,3080,GPT OSS,True,0.001182061
atan2-cuda,_Z9compute_fiPKfS0_Pf,3080,Opus 4.6,False,0.09668
atan2-cuda,_Z9compute_fiPKfS0_Pf,3080,Opus 4.6,True,0.126845
atan2-cuda,_Z9compute_fiPKfS0_Pf,A10,GPT 5.4,False,0.028608
atan2-cuda,_Z9compute_fiPKfS0_Pf,A10,GPT 5.4,True,0.040114
atan2-cuda,_Z9compute_fiPKfS0_Pf,A10,GPT OSS,False,0.00418845
atan2-cuda,_Z9compute_fiPKfS0_Pf,A10,GPT OSS,True,0.001118255
atan2-cuda,_Z9compute_fiPKfS0_Pf,A10,Opus 4.6,False,0.106475
atan2-cuda,_Z9compute_fiPKfS0_Pf,A10,Opus 4.6,True,0.13759
atan2-cuda,_Z9compute_fiPKfS0_Pf,A100,GPT 5.4,False,0.0300555
atan2-cuda,_Z9compute_fiPKfS0_Pf,A100,GPT 5.4,True,0.041849
atan2-cuda,_Z9compute_fiPKfS0_Pf,A100,GPT OSS,False,0.0048417
atan2-cuda,_Z9compute_fiPKfS0_Pf,A100,GPT OSS,True,0.00438465
atan2-cuda,_Z9compute_fiPKfS0_Pf,A100,Opus 4.6,False,0.13489
atan2-cuda,_Z9compute_fiPKfS0_Pf,A100,Opus 4.6,True,0.143245
atan2-cuda,_Z9compute_fiPKfS0_Pf,H100,GPT 5.4,False,0.030803
atan2-cuda,_Z9compute_fiPKfS0_Pf,H100,GPT 5.4,True,0.041834
atan2-cuda,_Z9compute_fiPKfS0_Pf,H100,GPT OSS,False,0.00441735
atan2-cuda,_Z9compute_fiPKfS0_Pf,H100,GPT OSS,True,0.00537783
atan2-cuda,_Z9compute_fiPKfS0_Pf,H100,Opus 4.6,False,0.11454
atan2-cuda,_Z9compute_fiPKfS0_Pf,H100,Opus 4.6,True,0.138115
atan2-cuda,_Z9compute_iiPKfS0_Pi,3080,GPT 5.4,False,0.028603
atan2-cuda,_Z9compute_iiPKfS0_Pi,3080,GPT 5.4,True,0.0393415
atan2-cuda,_Z9compute_iiPKfS0_Pi,3080,GPT OSS,False,0.001113613
atan2-cuda,_Z9compute_iiPKfS0_Pi,3080,GPT OSS,True,0.001086268
atan2-cuda,_Z9compute_iiPKfS0_Pi,3080,Opus 4.6,False,0.101875
atan2-cuda,_Z9compute_iiPKfS0_Pi,3080,Opus 4.6,True,0.141485
atan2-cuda,_Z9compute_iiPKfS0_Pi,A10,GPT 5.4,False,0.027168
atan2-cuda,_Z9compute_iiPKfS0_Pi,A10,GPT 5.4,True,0.0415065
atan2-cuda,_Z9compute_iiPKfS0_Pi,A10,GPT OSS,False,0.00422145
atan2-cuda,_Z9compute_iiPKfS0_Pi,A10,Opus 4.6,False,0.09907
atan2-cuda,_Z9compute_iiPKfS0_Pi,A10,Opus 4.6,True,0.14838
atan2-cuda,_Z9compute_iiPKfS0_Pi,A100,GPT 5.4,False,0.0302805
atan2-cuda,_Z9compute_iiPKfS0_Pi,A100,GPT 5.4,True,0.0425865
atan2-cuda,_Z9compute_iiPKfS0_Pi,A100,GPT OSS,False,0.000849094
atan2-cuda,_Z9compute_iiPKfS0_Pi,A100,GPT OSS,True,0.00532669
atan2-cuda,_Z9compute_iiPKfS0_Pi,A100,Opus 4.6,False,0.112885
atan2-cuda,_Z9compute_iiPKfS0_Pi,A100,Opus 4.6,True,0.145905
atan2-cuda,_Z9compute_iiPKfS0_Pi,H100,GPT 5.4,False,0.02663
atan2-cuda,_Z9compute_iiPKfS0_Pi,H100,GPT 5.4,True,0.0441215
atan2-cuda,_Z9compute_iiPKfS0_Pi,H100,GPT OSS,False,0.00308955
atan2-cuda,_Z9compute_iiPKfS0_Pi,H100,GPT OSS,True,0.0057328
atan2-cuda,_Z9compute_iiPKfS0_Pi,H100,Opus 4.6,False,0.11506
atan2-cuda,_Z9compute_iiPKfS0_Pi,H100,Opus 4.6,True,0.14036
atan2-cuda,_Z9compute_siPKfS0_Ps,3080,GPT 5.4,False,0.0272955
atan2-cuda,_Z9compute_siPKfS0_Ps,3080,GPT 5.4,True,0.038834
atan2-cuda,_Z9compute_siPKfS0_Ps,3080,GPT OSS,False,0.0031575
atan2-cuda,_Z9compute_siPKfS0_Ps,3080,GPT OSS,True,0.001285151
atan2-cuda,_Z9compute_siPKfS0_Ps,3080,Opus 4.6,False,0.10285
atan2-cuda,_Z9compute_siPKfS0_Ps,3080,Opus 4.6,True,0.134085
atan2-cuda,_Z9compute_siPKfS0_Ps,A10,GPT 5.4,False,0.0276905
atan2-cuda,_Z9compute_siPKfS0_Ps,A10,GPT 5.4,True,0.039604
atan2-cuda,_Z9compute_siPKfS0_Ps,A10,GPT OSS,False,0.0032865
atan2-cuda,_Z9compute_siPKfS0_Ps,A10,GPT OSS,True,0.001042365
atan2-cuda,_Z9compute_siPKfS0_Ps,A10,Opus 4.6,False,0.11197
atan2-cuda,_Z9compute_siPKfS0_Ps,A10,Opus 4.6,True,0.131055
atan2-cuda,_Z9compute_siPKfS0_Ps,A100,GPT 5.4,False,0.028493
atan2-cuda,_Z9compute_siPKfS0_Ps,A100,GPT 5.4,True,0.042464
atan2-cuda,_Z9compute_siPKfS0_Ps,A100,GPT OSS,True,0.00408915
atan2-cuda,_Z9compute_siPKfS0_Ps,A100,Opus 4.6,False,0.13626
atan2-cuda,_Z9compute_siPKfS0_Ps,A100,Opus 4.6,True,0.141075
atan2-cuda,_Z9compute_siPKfS0_Ps,H100,GPT 5.4,False,0.0285055
atan2-cuda,_Z9compute_siPKfS0_Ps,H100,GPT 5.4,True,0.040714
atan2-cuda,_Z9compute_siPKfS0_Ps,H100,GPT OSS,False,0.000793346
atan2-cuda,_Z9compute_siPKfS0_Ps,H100,GPT OSS,True,0.00420345
atan2-cuda,_Z9compute_siPKfS0_Ps,H100,Opus 4.6,False,0.11661
atan2-cuda,_Z9compute_siPKfS0_Ps,H100,Opus 4.6,True,0.143
atan2-omp,_Z9compute_fiPKfS0_Pf_l269,3080,GPT 5.4,False,0.029045
atan2-omp,_Z9compute_fiPKfS0_Pf_l269,3080,GPT 5.4,True,0.0444065
atan2-omp,_Z9compute_fiPKfS0_Pf_l269,3080,GPT OSS,False,0.000892337
atan2-omp,_Z9compute_fiPKfS0_Pf_l269,3080,GPT OSS,True,0.01024558
atan2-omp,_Z9compute_fiPKfS0_Pf_l269,3080,Opus 4.6,False,0.1004
atan2-omp,_Z9compute_fiPKfS0_Pf_l269,3080,Opus 4.6,True,0.156725
atan2-omp,_Z9compute_fiPKfS0_Pf_l269,A10,GPT 5.4,False,0.027023
atan2-omp,_Z9compute_fiPKfS0_Pf_l269,A10,GPT 5.4,True,0.0445265
atan2-omp,_Z9compute_fiPKfS0_Pf_l269,A10,GPT OSS,False,0.001103003
atan2-omp,_Z9compute_fiPKfS0_Pf_l269,A10,Opus 4.6,False,0.11105
atan2-omp,_Z9compute_fiPKfS0_Pf_l269,A10,Opus 4.6,True,0.1607
atan2-omp,_Z9compute_fiPKfS0_Pf_l269,A100,GPT 5.4,False,0.0313955
atan2-omp,_Z9compute_fiPKfS0_Pf_l269,A100,GPT 5.4,True,0.045759
atan2-omp,_Z9compute_fiPKfS0_Pf_l269,A100,GPT OSS,False,0.003555
atan2-omp,_Z9compute_fiPKfS0_Pf_l269,A100,GPT OSS,True,0.005168
atan2-omp,_Z9compute_fiPKfS0_Pf_l269,A100,Opus 4.6,False,0.11329
atan2-omp,_Z9compute_fiPKfS0_Pf_l269,A100,Opus 4.6,True,0.16015
atan2-omp,_Z9compute_fiPKfS0_Pf_l269,H100,GPT 5.4,False,0.030688
atan2-omp,_Z9compute_fiPKfS0_Pf_l269,H100,GPT 5.4,True,0.045724
atan2-omp,_Z9compute_fiPKfS0_Pf_l269,H100,GPT OSS,False,0.001338301
atan2-omp,_Z9compute_fiPKfS0_Pf_l269,H100,Opus 4.6,False,0.11234
atan2-omp,_Z9compute_fiPKfS0_Pf_l269,H100,Opus 4.6,True,0.16874
atan2-omp,_Z9compute_iiPKfS0_Pi_l306,3080,GPT 5.4,False,0.026993
atan2-omp,_Z9compute_iiPKfS0_Pi_l306,3080,GPT 5.4,True,0.044049
atan2-omp,_Z9compute_iiPKfS0_Pi_l306,3080,GPT OSS,False,0.000769977
atan2-omp,_Z9compute_iiPKfS0_Pi_l306,3080,GPT OSS,True,0.001124345
atan2-omp,_Z9compute_iiPKfS0_Pi_l306,3080,Opus 4.6,False,0.104095
atan2-omp,_Z9compute_iiPKfS0_Pi_l306,3080,Opus 4.6,True,0.13828
atan2-omp,_Z9compute_iiPKfS0_Pi_l306,A10,GPT 5.4,False,0.027578
atan2-omp,_Z9compute_iiPKfS0_Pi_l306,A10,GPT 5.4,True,0.045699
atan2-omp,_Z9compute_iiPKfS0_Pi_l306,A10,GPT OSS,False,0.000990143
atan2-omp,_Z9compute_iiPKfS0_Pi_l306,A10,GPT OSS,True,0.00410025
atan2-omp,_Z9compute_iiPKfS0_Pi_l306,A10,Opus 4.6,False,0.108195
atan2-omp,_Z9compute_iiPKfS0_Pi_l306,A10,Opus 4.6,True,0.14248
atan2-omp,_Z9compute_iiPKfS0_Pi_l306,A100,GPT 5.4,False,0.0280955
atan2-omp,_Z9compute_iiPKfS0_Pi_l306,A100,GPT 5.4,True,0.043479
atan2-omp,_Z9compute_iiPKfS0_Pi_l306,A100,GPT OSS,False,0.0010047
atan2-omp,_Z9compute_iiPKfS0_Pi_l306,A100,GPT OSS,True,0.00430365
atan2-omp,_Z9compute_iiPKfS0_Pi_l306,A100,Opus 4.6,False,0.12106
atan2-omp,_Z9compute_iiPKfS0_Pi_l306,A100,Opus 4.6,True,0.15005
atan2-omp,_Z9compute_iiPKfS0_Pi_l306,H100,GPT 5.4,False,0.027673
atan2-omp,_Z9compute_iiPKfS0_Pi_l306,H100,GPT 5.4,True,0.044989
atan2-omp,_Z9compute_iiPKfS0_Pi_l306,H100,GPT OSS,False,0.000769821
atan2-omp,_Z9compute_iiPKfS0_Pi_l306,H100,GPT OSS,True,0.00876618
atan2-omp,_Z9compute_iiPKfS0_Pi_l306,H100,Opus 4.6,False,0.096235
atan2-omp,_Z9compute_iiPKfS0_Pi_l306,H100,Opus 4.6,True,0.15352
atan2-omp,_Z9compute_siPKfS0_Ps_l289,3080,GPT 5.4,False,0.0285805
atan2-omp,_Z9compute_siPKfS0_Ps_l289,3080,GPT 5.4,True,0.041769
atan2-omp,_Z9compute_siPKfS0_Ps_l289,3080,GPT OSS,True,0.006433
atan2-omp,_Z9compute_siPKfS0_Ps_l289,3080,Opus 4.6,False,0.111295
atan2-omp,_Z9compute_siPKfS0_Ps_l289,3080,Opus 4.6,True,0.14356
atan2-omp,_Z9compute_siPKfS0_Ps_l289,A10,GPT 5.4,False,0.0285355
atan2-omp,_Z9compute_siPKfS0_Ps_l289,A10,GPT 5.4,True,0.043014
atan2-omp,_Z9compute_siPKfS0_Ps_l289,A10,GPT OSS,False,0.0028506
atan2-omp,_Z9compute_siPKfS0_Ps_l289,A10,GPT OSS,True,0.00364725
atan2-omp,_Z9compute_siPKfS0_Ps_l289,A10,Opus 4.6,False,0.10557
atan2-omp,_Z9compute_siPKfS0_Ps_l289,A10,Opus 4.6,True,0.143635
atan2-omp,_Z9compute_siPKfS0_Ps_l289,A100,GPT 5.4,False,0.028483
atan2-omp,_Z9compute_siPKfS0_Ps_l289,A100,GPT 5.4,True,0.0423565
atan2-omp,_Z9compute_siPKfS0_Ps_l289,A100,GPT OSS,False,0.00296685
atan2-omp,_Z9compute_siPKfS0_Ps_l289,A100,GPT OSS,True,0.0039591
atan2-omp,_Z9compute_siPKfS0_Ps_l289,A100,Opus 4.6,False,0.11416
atan2-omp,_Z9compute_siPKfS0_Ps_l289,A100,Opus 4.6,True,0.14974
atan2-omp,_Z9compute_siPKfS0_Ps_l289,H100,GPT 5.4,False,0.0263655
atan2-omp,_Z9compute_siPKfS0_Ps_l289,H100,GPT 5.4,True,0.045059
atan2-omp,_Z9compute_siPKfS0_Ps_l289,H100,GPT OSS,False,0.000835712
atan2-omp,_Z9compute_siPKfS0_Ps_l289,H100,Opus 4.6,False,0.12016
atan2-omp,_Z9compute_siPKfS0_Ps_l289,H100,Opus 4.6,True,0.140915
atomicAggregate-cuda,_Z1kPii,3080,GPT 5.4,False,0.012483
atomicAggregate-cuda,_Z1kPii,3080,GPT 5.4,True,0.0177815
atomicAggregate-cuda,_Z1kPii,3080,GPT OSS,False,0.00114975
atomicAggregate-cuda,_Z1kPii,3080,GPT OSS,True,0.000483866
atomicAggregate-cuda,_Z1kPii,3080,Opus 4.6,False,0.048235
atomicAggregate-cuda,_Z1kPii,3080,Opus 4.6,True,0.06927
atomicAggregate-cuda,_Z1kPii,A10,GPT 5.4,False,0.012998
atomicAggregate-cuda,_Z1kPii,A10,GPT 5.4,True,0.0181765
atomicAggregate-cuda,_Z1kPii,A10,GPT OSS,False,0.00154095
atomicAggregate-cuda,_Z1kPii,A10,GPT OSS,True,0.00062488
atomicAggregate-cuda,_Z1kPii,A10,Opus 4.6,False,0.051305
atomicAggregate-cuda,_Z1kPii,A10,Opus 4.6,True,0.06414
atomicAggregate-cuda,_Z1kPii,A100,GPT 5.4,False,0.0123155
atomicAggregate-cuda,_Z1kPii,A100,GPT 5.4,True,0.0187015
atomicAggregate-cuda,_Z1kPii,A100,GPT OSS,False,0.001239
atomicAggregate-cuda,_Z1kPii,A100,GPT OSS,True,0.000533286
atomicAggregate-cuda,_Z1kPii,A100,Opus 4.6,False,0.04862
atomicAggregate-cuda,_Z1kPii,A100,Opus 4.6,True,0.069845
atomicAggregate-cuda,_Z1kPii,H100,GPT 5.4,False,0.012133
atomicAggregate-cuda,_Z1kPii,H100,GPT 5.4,True,0.0167215
atomicAggregate-cuda,_Z1kPii,H100,GPT OSS,False,0.000531119
atomicAggregate-cuda,_Z1kPii,H100,GPT OSS,True,0.00059879
atomicAggregate-cuda,_Z1kPii,H100,Opus 4.6,False,0.050795
atomicAggregate-cuda,_Z1kPii,H100,Opus 4.6,True,0.070145
atomicCAS-cuda,_Z16atomicMaxDerivedIdEvPT_,3080,GPT 5.4,False,0.020278
atomicCAS-cuda,_Z16atomicMaxDerivedIdEvPT_,3080,GPT 5.4,True,0.020414
atomicCAS-cuda,_Z16atomicMaxDerivedIdEvPT_,3080,GPT OSS,False,0.000559957
atomicCAS-cuda,_Z16atomicMaxDerivedIdEvPT_,3080,GPT OSS,True,0.000613955
atomicCAS-cuda,_Z16atomicMaxDerivedIdEvPT_,3080,Opus 4.6,False,0.071365
atomicCAS-cuda,_Z16atomicMaxDerivedIdEvPT_,3080,Opus 4.6,True,0.08147
atomicCAS-cuda,_Z16atomicMaxDerivedIdEvPT_,A10,GPT 5.4,False,0.018258
atomicCAS-cuda,_Z16atomicMaxDerivedIdEvPT_,A10,GPT 5.4,True,0.020359
atomicCAS-cuda,_Z16atomicMaxDerivedIdEvPT_,A10,GPT OSS,False,0.000631811
atomicCAS-cuda,_Z16atomicMaxDerivedIdEvPT_,A10,GPT OSS,True,0.00252283
atomicCAS-cuda,_Z16atomicMaxDerivedIdEvPT_,A10,Opus 4.6,False,0.07111
atomicCAS-cuda,_Z16atomicMaxDerivedIdEvPT_,A10,Opus 4.6,True,0.080865
atomicCAS-cuda,_Z16atomicMaxDerivedIdEvPT_,A100,GPT 5.4,False,0.0187155
atomicCAS-cuda,_Z16atomicMaxDerivedIdEvPT_,A100,GPT 5.4,True,0.0210715
atomicCAS-cuda,_Z16atomicMaxDerivedIdEvPT_,A100,GPT OSS,False,0.000505008
atomicCAS-cuda,_Z16atomicMaxDerivedIdEvPT_,A100,GPT OSS,True,0.000534306
atomicCAS-cuda,_Z16atomicMaxDerivedIdEvPT_,A100,Opus 4.6,False,0.06495
atomicCAS-cuda,_Z16atomicMaxDerivedIdEvPT_,A100,Opus 4.6,True,0.075405
atomicCAS-cuda,_Z16atomicMaxDerivedIdEvPT_,H100,GPT 5.4,False,0.020408
atomicCAS-cuda,_Z16atomicMaxDerivedIdEvPT_,H100,GPT 5.4,True,0.0198265
atomicCAS-cuda,_Z16atomicMaxDerivedIdEvPT_,H100,GPT OSS,False,0.000481789
atomicCAS-cuda,_Z16atomicMaxDerivedIdEvPT_,H100,GPT OSS,True,0.000543718
atomicCAS-cuda,_Z16atomicMaxDerivedIdEvPT_,H100,Opus 4.6,False,0.06395
atomicCAS-cuda,_Z16atomicMaxDerivedIdEvPT_,H100,Opus 4.6,True,0.07467
atomicCAS-cuda,_Z16atomicMaxDerivedIxEvPT_,3080,GPT 5.4,False,0.0174455
atomicCAS-cuda,_Z16atomicMaxDerivedIxEvPT_,3080,GPT 5.4,True,0.0186715
atomicCAS-cuda,_Z16atomicMaxDerivedIxEvPT_,3080,GPT OSS,False,0.000451316
atomicCAS-cuda,_Z16atomicMaxDerivedIxEvPT_,3080,GPT OSS,True,0.00048349
atomicCAS-cuda,_Z16atomicMaxDerivedIxEvPT_,3080,Opus 4.6,False,0.0588
atomicCAS-cuda,_Z16atomicMaxDerivedIxEvPT_,3080,Opus 4.6,True,0.06726
atomicCAS-cuda,_Z16atomicMaxDerivedIxEvPT_,A10,GPT 5.4,False,0.0179455
atomicCAS-cuda,_Z16atomicMaxDerivedIxEvPT_,A10,GPT 5.4,True,0.0191865
atomicCAS-cuda,_Z16atomicMaxDerivedIxEvPT_,A10,GPT OSS,True,0.000516584
atomicCAS-cuda,_Z16atomicMaxDerivedIxEvPT_,A10,Opus 4.6,False,0.060295
atomicCAS-cuda,_Z16atomicMaxDerivedIxEvPT_,A10,Opus 4.6,True,0.06668
atomicCAS-cuda,_Z16atomicMaxDerivedIxEvPT_,A100,GPT 5.4,False,0.016903
atomicCAS-cuda,_Z16atomicMaxDerivedIxEvPT_,A100,GPT 5.4,True,0.020739
atomicCAS-cuda,_Z16atomicMaxDerivedIxEvPT_,A100,GPT OSS,False,0.00160635
atomicCAS-cuda,_Z16atomicMaxDerivedIxEvPT_,A100,GPT OSS,True,0.000580351
atomicCAS-cuda,_Z16atomicMaxDerivedIxEvPT_,A100,Opus 4.6,False,0.059285
atomicCAS-cuda,_Z16atomicMaxDerivedIxEvPT_,A100,Opus 4.6,True,0.067445
atomicCAS-cuda,_Z16atomicMaxDerivedIxEvPT_,H100,GPT 5.4,False,0.0173805
atomicCAS-cuda,_Z16atomicMaxDerivedIxEvPT_,H100,GPT 5.4,True,0.0193015
atomicCAS-cuda,_Z16atomicMaxDerivedIxEvPT_,H100,GPT OSS,False,0.000467958
atomicCAS-cuda,_Z16atomicMaxDerivedIxEvPT_,H100,GPT OSS,True,0.00352568
atomicCAS-cuda,_Z16atomicMaxDerivedIxEvPT_,H100,Opus 4.6,False,0.05821
atomicCAS-cuda,_Z16atomicMaxDerivedIxEvPT_,H100,Opus 4.6,True,0.06744
atomicCAS-cuda,_Z16atomicMaxDerivedIyEvPT_,3080,GPT 5.4,False,0.017658
atomicCAS-cuda,_Z16atomicMaxDerivedIyEvPT_,3080,GPT 5.4,True,0.019264
atomicCAS-cuda,_Z16atomicMaxDerivedIyEvPT_,3080,GPT OSS,False,0.000512725
atomicCAS-cuda,_Z16atomicMaxDerivedIyEvPT_,3080,GPT OSS,True,0.000487027
atomicCAS-cuda,_Z16atomicMaxDerivedIyEvPT_,3080,Opus 4.6,False,0.05908
atomicCAS-cuda,_Z16atomicMaxDerivedIyEvPT_,3080,Opus 4.6,True,0.067405
atomicCAS-cuda,_Z16atomicMaxDerivedIyEvPT_,A10,GPT 5.4,False,0.017183
atomicCAS-cuda,_Z16atomicMaxDerivedIyEvPT_,A10,GPT 5.4,True,0.018924
atomicCAS-cuda,_Z16atomicMaxDerivedIyEvPT_,A10,GPT OSS,False,0.000445689
atomicCAS-cuda,_Z16atomicMaxDerivedIyEvPT_,A10,GPT OSS,True,0.0022502
atomicCAS-cuda,_Z16atomicMaxDerivedIyEvPT_,A10,Opus 4.6,False,0.05845
atomicCAS-cuda,_Z16atomicMaxDerivedIyEvPT_,A10,Opus 4.6,True,0.06695
atomicCAS-cuda,_Z16atomicMaxDerivedIyEvPT_,A100,GPT 5.4,False,0.0174455
atomicCAS-cuda,_Z16atomicMaxDerivedIyEvPT_,A100,GPT 5.4,True,0.0187515
atomicCAS-cuda,_Z16atomicMaxDerivedIyEvPT_,A100,GPT OSS,False,0.000458156
atomicCAS-cuda,_Z16atomicMaxDerivedIyEvPT_,A100,GPT OSS,True,0.000562608
atomicCAS-cuda,_Z16atomicMaxDerivedIyEvPT_,A100,Opus 4.6,False,0.059465
atomicCAS-cuda,_Z16atomicMaxDerivedIyEvPT_,A100,Opus 4.6,True,0.066615
atomicCAS-cuda,_Z16atomicMaxDerivedIyEvPT_,H100,GPT 5.4,False,0.016948
atomicCAS-cuda,_Z16atomicMaxDerivedIyEvPT_,H100,GPT 5.4,True,0.018889
atomicCAS-cuda,_Z16atomicMaxDerivedIyEvPT_,H100,GPT OSS,False,0.000494977
atomicCAS-cuda,_Z16atomicMaxDerivedIyEvPT_,H100,GPT OSS,True,0.0024678
atomicCAS-cuda,_Z16atomicMaxDerivedIyEvPT_,H100,Opus 4.6,False,0.058865
atomicCAS-cuda,_Z16atomicMaxDerivedIyEvPT_,H100,Opus 4.6,True,0.06646
atomicCAS-cuda,_Z16atomicMinDerivedIdEvPT_,3080,GPT 5.4,False,0.017998
atomicCAS-cuda,_Z16atomicMinDerivedIdEvPT_,3080,GPT 5.4,True,0.0210165
atomicCAS-cuda,_Z16atomicMinDerivedIdEvPT_,3080,GPT OSS,False,0.000527087
atomicCAS-cuda,_Z16atomicMinDerivedIdEvPT_,3080,GPT OSS,True,0.000513674
atomicCAS-cuda,_Z16atomicMinDerivedIdEvPT_,3080,Opus 4.6,False,0.067315
atomicCAS-cuda,_Z16atomicMinDerivedIdEvPT_,3080,Opus 4.6,True,0.07574
atomicCAS-cuda,_Z16atomicMinDerivedIdEvPT_,A10,GPT 5.4,False,0.019173
atomicCAS-cuda,_Z16atomicMinDerivedIdEvPT_,A10,GPT 5.4,True,0.0194315
atomicCAS-cuda,_Z16atomicMinDerivedIdEvPT_,A10,GPT OSS,False,0.00175215
atomicCAS-cuda,_Z16atomicMinDerivedIdEvPT_,A10,GPT OSS,True,0.000508198
atomicCAS-cuda,_Z16atomicMinDerivedIdEvPT_,A10,Opus 4.6,False,0.066685
atomicCAS-cuda,_Z16atomicMinDerivedIdEvPT_,A10,Opus 4.6,True,0.07291
atomicCAS-cuda,_Z16atomicMinDerivedIdEvPT_,A100,GPT 5.4,False,0.0194055
atomicCAS-cuda,_Z16atomicMinDerivedIdEvPT_,A100,GPT 5.4,True,0.020939
atomicCAS-cuda,_Z16atomicMinDerivedIdEvPT_,A100,GPT OSS,False,0.000589178
atomicCAS-cuda,_Z16atomicMinDerivedIdEvPT_,A100,GPT OSS,True,0.000522755
atomicCAS-cuda,_Z16atomicMinDerivedIdEvPT_,A100,Opus 4.6,False,0.066275
atomicCAS-cuda,_Z16atomicMinDerivedIdEvPT_,A100,Opus 4.6,True,0.072325
atomicCAS-cuda,_Z16atomicMinDerivedIdEvPT_,H100,GPT 5.4,False,0.019058
atomicCAS-cuda,_Z16atomicMinDerivedIdEvPT_,H100,GPT 5.4,True,0.019409
atomicCAS-cuda,_Z16atomicMinDerivedIdEvPT_,H100,GPT OSS,False,0.000514469
atomicCAS-cuda,_Z16atomicMinDerivedIdEvPT_,H100,GPT OSS,True,0.000494357
atomicCAS-cuda,_Z16atomicMinDerivedIdEvPT_,H100,Opus 4.6,False,0.062125
atomicCAS-cuda,_Z16atomicMinDerivedIdEvPT_,H100,Opus 4.6,True,0.082115
atomicCAS-cuda,_Z16atomicMinDerivedIxEvPT_,3080,GPT 5.4,False,0.0171605
atomicCAS-cuda,_Z16atomicMinDerivedIxEvPT_,3080,GPT 5.4,True,0.019079
atomicCAS-cuda,_Z16atomicMinDerivedIxEvPT_,3080,GPT OSS,False,0.0016299
atomicCAS-cuda,_Z16atomicMinDerivedIxEvPT_,3080,GPT OSS,True,0.00243383
atomicCAS-cuda,_Z16atomicMinDerivedIxEvPT_,3080,Opus 4.6,False,0.057025
atomicCAS-cuda,_Z16atomicMinDerivedIxEvPT_,3080,Opus 4.6,True,0.067405
atomicCAS-cuda,_Z16atomicMinDerivedIxEvPT_,A10,GPT 5.4,False,0.0181255
atomicCAS-cuda,_Z16atomicMinDerivedIxEvPT_,A10,GPT 5.4,True,0.019429
atomicCAS-cuda,_Z16atomicMinDerivedIxEvPT_,A10,GPT OSS,True,0.00217012
atomicCAS-cuda,_Z16atomicMinDerivedIxEvPT_,A10,Opus 4.6,False,0.05847
atomicCAS-cuda,_Z16atomicMinDerivedIxEvPT_,A10,Opus 4.6,True,0.069175
atomicCAS-cuda,_Z16atomicMinDerivedIxEvPT_,A100,GPT 5.4,False,0.017053
atomicCAS-cuda,_Z16atomicMinDerivedIxEvPT_,A100,GPT 5.4,True,0.0194965
atomicCAS-cuda,_Z16atomicMinDerivedIxEvPT_,A100,GPT OSS,False,0.00178455
atomicCAS-cuda,_Z16atomicMinDerivedIxEvPT_,A100,GPT OSS,True,0.00056785
atomicCAS-cuda,_Z16atomicMinDerivedIxEvPT_,A100,Opus 4.6,False,0.05786
atomicCAS-cuda,_Z16atomicMinDerivedIxEvPT_,A100,Opus 4.6,True,0.06849
atomicCAS-cuda,_Z16atomicMinDerivedIxEvPT_,H100,GPT 5.4,False,0.0171705
atomicCAS-cuda,_Z16atomicMinDerivedIxEvPT_,H100,GPT 5.4,True,0.018869
atomicCAS-cuda,_Z16atomicMinDerivedIxEvPT_,H100,GPT OSS,False,0.0018744
atomicCAS-cuda,_Z16atomicMinDerivedIxEvPT_,H100,GPT OSS,True,0.00186675
atomicCAS-cuda,_Z16atomicMinDerivedIxEvPT_,H100,Opus 4.6,False,0.05846
atomicCAS-cuda,_Z16atomicMinDerivedIxEvPT_,H100,Opus 4.6,True,0.067535
atomicCAS-cuda,_Z16atomicMinDerivedIyEvPT_,3080,GPT 5.4,False,0.017193
atomicCAS-cuda,_Z16atomicMinDerivedIyEvPT_,3080,GPT 5.4,True,0.0182765
atomicCAS-cuda,_Z16atomicMinDerivedIyEvPT_,3080,GPT OSS,False,0.00167325
atomicCAS-cuda,_Z16atomicMinDerivedIyEvPT_,3080,GPT OSS,True,0.000516838
atomicCAS-cuda,_Z16atomicMinDerivedIyEvPT_,3080,Opus 4.6,False,0.06028
atomicCAS-cuda,_Z16atomicMinDerivedIyEvPT_,3080,Opus 4.6,True,0.067115
atomicCAS-cuda,_Z16atomicMinDerivedIyEvPT_,A10,GPT 5.4,False,0.016973
atomicCAS-cuda,_Z16atomicMinDerivedIyEvPT_,A10,GPT 5.4,True,0.0190615
atomicCAS-cuda,_Z16atomicMinDerivedIyEvPT_,A10,GPT OSS,False,0.00167325
atomicCAS-cuda,_Z16atomicMinDerivedIyEvPT_,A10,GPT OSS,True,0.000514402
atomicCAS-cuda,_Z16atomicMinDerivedIyEvPT_,A10,Opus 4.6,False,0.058875
atomicCAS-cuda,_Z16atomicMinDerivedIyEvPT_,A10,Opus 4.6,True,0.06681
atomicCAS-cuda,_Z16atomicMinDerivedIyEvPT_,A100,GPT 5.4,False,0.0173255
atomicCAS-cuda,_Z16atomicMinDerivedIyEvPT_,A100,GPT 5.4,True,0.019219
atomicCAS-cuda,_Z16atomicMinDerivedIyEvPT_,A100,GPT OSS,False,0.0016281
atomicCAS-cuda,_Z16atomicMinDerivedIyEvPT_,A100,GPT OSS,True,0.000490959
atomicCAS-cuda,_Z16atomicMinDerivedIyEvPT_,A100,Opus 4.6,False,0.05709
atomicCAS-cuda,_Z16atomicMinDerivedIyEvPT_,A100,Opus 4.6,True,0.06725
atomicCAS-cuda,_Z16atomicMinDerivedIyEvPT_,H100,GPT 5.4,False,0.016798
atomicCAS-cuda,_Z16atomicMinDerivedIyEvPT_,H100,GPT 5.4,True,0.0189815
atomicCAS-cuda,_Z16atomicMinDerivedIyEvPT_,H100,GPT OSS,True,0.00259144
atomicCAS-cuda,_Z16atomicMinDerivedIyEvPT_,H100,Opus 4.6,False,0.05899
atomicCAS-cuda,_Z16atomicMinDerivedIyEvPT_,H100,Opus 4.6,True,0.068105
atomicCost-cuda,_Z19wiAtomicOnGlobalMemIdEvPT_i,3080,GPT 5.4,False,0.0148725
atomicCost-cuda,_Z19wiAtomicOnGlobalMemIdEvPT_i,3080,GPT 5.4,True,0.017899
atomicCost-cuda,_Z19wiAtomicOnGlobalMemIdEvPT_i,3080,GPT OSS,False,0.002118
atomicCost-cuda,_Z19wiAtomicOnGlobalMemIdEvPT_i,3080,GPT OSS,True,0.000493641
atomicCost-cuda,_Z19wiAtomicOnGlobalMemIdEvPT_i,3080,Opus 4.6,False,0.0603
atomicCost-cuda,_Z19wiAtomicOnGlobalMemIdEvPT_i,3080,Opus 4.6,True,0.074395
atomicCost-cuda,_Z19wiAtomicOnGlobalMemIdEvPT_i,A10,GPT 5.4,False,0.0147605
atomicCost-cuda,_Z19wiAtomicOnGlobalMemIdEvPT_i,A10,GPT 5.4,True,0.019074
atomicCost-cuda,_Z19wiAtomicOnGlobalMemIdEvPT_i,A10,GPT OSS,False,0.0016866
atomicCost-cuda,_Z19wiAtomicOnGlobalMemIdEvPT_i,A10,GPT OSS,True,0.00155475
atomicCost-cuda,_Z19wiAtomicOnGlobalMemIdEvPT_i,A10,Opus 4.6,False,0.059695
atomicCost-cuda,_Z19wiAtomicOnGlobalMemIdEvPT_i,A10,Opus 4.6,True,0.069565
atomicCost-cuda,_Z19wiAtomicOnGlobalMemIdEvPT_i,A100,GPT 5.4,False,0.01508
atomicCost-cuda,_Z19wiAtomicOnGlobalMemIdEvPT_i,A100,GPT 5.4,True,0.0189915
atomicCost-cuda,_Z19wiAtomicOnGlobalMemIdEvPT_i,A100,GPT OSS,False,0.00186345
atomicCost-cuda,_Z19wiAtomicOnGlobalMemIdEvPT_i,A100,GPT OSS,True,0.000769102
atomicCost-cuda,_Z19wiAtomicOnGlobalMemIdEvPT_i,A100,Opus 4.6,False,0.05726
atomicCost-cuda,_Z19wiAtomicOnGlobalMemIdEvPT_i,A100,Opus 4.6,True,0.076005
atomicCost-cuda,_Z19wiAtomicOnGlobalMemIdEvPT_i,H100,GPT 5.4,False,0.0146605
atomicCost-cuda,_Z19wiAtomicOnGlobalMemIdEvPT_i,H100,GPT 5.4,True,0.020614
atomicCost-cuda,_Z19wiAtomicOnGlobalMemIdEvPT_i,H100,GPT OSS,False,0.0014871
atomicCost-cuda,_Z19wiAtomicOnGlobalMemIdEvPT_i,H100,GPT OSS,True,0.000291129
atomicCost-cuda,_Z19wiAtomicOnGlobalMemIdEvPT_i,H100,Opus 4.6,False,0.05651
atomicCost-cuda,_Z19wiAtomicOnGlobalMemIdEvPT_i,H100,Opus 4.6,True,0.08111
atomicCost-cuda,_Z19wiAtomicOnGlobalMemIfEvPT_i,3080,GPT 5.4,False,0.0150075
atomicCost-cuda,_Z19wiAtomicOnGlobalMemIfEvPT_i,3080,GPT 5.4,True,0.019404
atomicCost-cuda,_Z19wiAtomicOnGlobalMemIfEvPT_i,3080,Opus 4.6,False,0.059225
atomicCost-cuda,_Z19wiAtomicOnGlobalMemIfEvPT_i,3080,Opus 4.6,True,0.07788
atomicCost-cuda,_Z19wiAtomicOnGlobalMemIfEvPT_i,A10,GPT 5.4,False,0.0141305
atomicCost-cuda,_Z19wiAtomicOnGlobalMemIfEvPT_i,A10,GPT 5.4,True,0.018839
atomicCost-cuda,_Z19wiAtomicOnGlobalMemIfEvPT_i,A10,GPT OSS,False,0.001902
atomicCost-cuda,_Z19wiAtomicOnGlobalMemIfEvPT_i,A10,GPT OSS,True,0.000656653
atomicCost-cuda,_Z19wiAtomicOnGlobalMemIfEvPT_i,A10,Opus 4.6,False,0.05592
atomicCost-cuda,_Z19wiAtomicOnGlobalMemIfEvPT_i,A10,Opus 4.6,True,0.07335
atomicCost-cuda,_Z19wiAtomicOnGlobalMemIfEvPT_i,A100,GPT 5.4,False,0.015728
atomicCost-cuda,_Z19wiAtomicOnGlobalMemIfEvPT_i,A100,GPT 5.4,True,0.0186165
atomicCost-cuda,_Z19wiAtomicOnGlobalMemIfEvPT_i,A100,GPT OSS,False,0.000550635
atomicCost-cuda,_Z19wiAtomicOnGlobalMemIfEvPT_i,A100,GPT OSS,True,0.000649662
atomicCost-cuda,_Z19wiAtomicOnGlobalMemIfEvPT_i,A100,Opus 4.6,False,0.05776
atomicCost-cuda,_Z19wiAtomicOnGlobalMemIfEvPT_i,A100,Opus 4.6,True,0.07337
atomicCost-cuda,_Z19wiAtomicOnGlobalMemIfEvPT_i,H100,GPT 5.4,False,0.0148105
atomicCost-cuda,_Z19wiAtomicOnGlobalMemIfEvPT_i,H100,GPT 5.4,True,0.019659
atomicCost-cuda,_Z19wiAtomicOnGlobalMemIfEvPT_i,H100,GPT OSS,False,0.0017787
atomicCost-cuda,_Z19wiAtomicOnGlobalMemIfEvPT_i,H100,GPT OSS,True,0.000583249
atomicCost-cuda,_Z19wiAtomicOnGlobalMemIfEvPT_i,H100,Opus 4.6,False,0.057885
atomicCost-cuda,_Z19wiAtomicOnGlobalMemIfEvPT_i,H100,Opus 4.6,True,0.07016
atomicCost-cuda,_Z19wiAtomicOnGlobalMemIiEvPT_i,3080,GPT 5.4,False,0.0141405
atomicCost-cuda,_Z19wiAtomicOnGlobalMemIiEvPT_i,3080,GPT 5.4,True,0.0173065
atomicCost-cuda,_Z19wiAtomicOnGlobalMemIiEvPT_i,3080,GPT OSS,True,0.00055923
atomicCost-cuda,_Z19wiAtomicOnGlobalMemIiEvPT_i,3080,Opus 4.6,False,0.05468
atomicCost-cuda,_Z19wiAtomicOnGlobalMemIiEvPT_i,3080,Opus 4.6,True,0.064755
atomicCost-cuda,_Z19wiAtomicOnGlobalMemIiEvPT_i,A10,GPT 5.4,False,0.0152555
atomicCost-cuda,_Z19wiAtomicOnGlobalMemIiEvPT_i,A10,GPT 5.4,True,0.0169215
atomicCost-cuda,_Z19wiAtomicOnGlobalMemIiEvPT_i,A10,GPT OSS,False,0.000542918
atomicCost-cuda,_Z19wiAtomicOnGlobalMemIiEvPT_i,A10,GPT OSS,True,0.000511574
atomicCost-cuda,_Z19wiAtomicOnGlobalMemIiEvPT_i,A10,Opus 4.6,False,0.0543
atomicCost-cuda,_Z19wiAtomicOnGlobalMemIiEvPT_i,A10,Opus 4.6,True,0.069125
atomicCost-cuda,_Z19wiAtomicOnGlobalMemIiEvPT_i,A100,GPT 5.4,False,0.014753
atomicCost-cuda,_Z19wiAtomicOnGlobalMemIiEvPT_i,A100,GPT 5.4,True,0.017034
atomicCost-cuda,_Z19wiAtomicOnGlobalMemIiEvPT_i,A100,GPT OSS,False,0.000433595
atomicCost-cuda,_Z19wiAtomicOnGlobalMemIiEvPT_i,A100,GPT OSS,True,0.000517581
atomicCost-cuda,_Z19wiAtomicOnGlobalMemIiEvPT_i,A100,Opus 4.6,False,0.05279
atomicCost-cuda,_Z19wiAtomicOnGlobalMemIiEvPT_i,A100,Opus 4.6,True,0.06159
atomicCost-cuda,_Z19wiAtomicOnGlobalMemIiEvPT_i,H100,GPT 5.4,False,0.0156055
atomicCost-cuda,_Z19wiAtomicOnGlobalMemIiEvPT_i,H100,GPT 5.4,True,0.0170965
atomicCost-cuda,_Z19wiAtomicOnGlobalMemIiEvPT_i,H100,GPT OSS,True,0.00057839
atomicCost-cuda,_Z19wiAtomicOnGlobalMemIiEvPT_i,H100,Opus 4.6,False,0.053115
atomicCost-cuda,_Z19wiAtomicOnGlobalMemIiEvPT_i,H100,Opus 4.6,True,0.06241
atomicCost-cuda,_Z19woAtomicOnGlobalMemIdEvPT_i,3080,GPT 5.4,False,0.0149325
atomicCost-cuda,_Z19woAtomicOnGlobalMemIdEvPT_i,3080,GPT 5.4,True,0.0206615
atomicCost-cuda,_Z19woAtomicOnGlobalMemIdEvPT_i,3080,GPT OSS,False,0.002046
atomicCost-cuda,_Z19woAtomicOnGlobalMemIdEvPT_i,3080,GPT OSS,True,0.0019287
atomicCost-cuda,_Z19woAtomicOnGlobalMemIdEvPT_i,3080,Opus 4.6,False,0.0518
atomicCost-cuda,_Z19woAtomicOnGlobalMemIdEvPT_i,3080,Opus 4.6,True,0.095605
atomicCost-cuda,_Z19woAtomicOnGlobalMemIdEvPT_i,A10,GPT 5.4,False,0.0143975
atomicCost-cuda,_Z19woAtomicOnGlobalMemIdEvPT_i,A10,GPT 5.4,True,0.0212815
atomicCost-cuda,_Z19woAtomicOnGlobalMemIdEvPT_i,A10,GPT OSS,False,0.0018192
atomicCost-cuda,_Z19woAtomicOnGlobalMemIdEvPT_i,A10,GPT OSS,True,0.00124746
atomicCost-cuda,_Z19woAtomicOnGlobalMemIdEvPT_i,A10,Opus 4.6,False,0.05312
atomicCost-cuda,_Z19woAtomicOnGlobalMemIdEvPT_i,A10,Opus 4.6,True,0.09025
atomicCost-cuda,_Z19woAtomicOnGlobalMemIdEvPT_i,A100,GPT 5.4,False,0.015323
atomicCost-cuda,_Z19woAtomicOnGlobalMemIdEvPT_i,A100,GPT 5.4,True,0.021274
atomicCost-cuda,_Z19woAtomicOnGlobalMemIdEvPT_i,A100,GPT OSS,False,0.00089325
atomicCost-cuda,_Z19woAtomicOnGlobalMemIdEvPT_i,A100,GPT OSS,True,0.000577529
atomicCost-cuda,_Z19woAtomicOnGlobalMemIdEvPT_i,A100,Opus 4.6,False,0.056885
atomicCost-cuda,_Z19woAtomicOnGlobalMemIdEvPT_i,A100,Opus 4.6,True,0.09349
atomicCost-cuda,_Z19woAtomicOnGlobalMemIdEvPT_i,H100,GPT 5.4,False,0.0149605
atomicCost-cuda,_Z19woAtomicOnGlobalMemIdEvPT_i,H100,GPT 5.4,True,0.0205615
atomicCost-cuda,_Z19woAtomicOnGlobalMemIdEvPT_i,H100,Opus 4.6,False,0.05461
atomicCost-cuda,_Z19woAtomicOnGlobalMemIdEvPT_i,H100,Opus 4.6,True,0.08657
atomicCost-cuda,_Z19woAtomicOnGlobalMemIfEvPT_i,3080,GPT 5.4,False,0.0150105
atomicCost-cuda,_Z19woAtomicOnGlobalMemIfEvPT_i,3080,GPT 5.4,True,0.0205715
atomicCost-cuda,_Z19woAtomicOnGlobalMemIfEvPT_i,3080,GPT OSS,False,0.000525784
atomicCost-cuda,_Z19woAtomicOnGlobalMemIfEvPT_i,3080,GPT OSS,True,0.000628792
atomicCost-cuda,_Z19woAtomicOnGlobalMemIfEvPT_i,3080,Opus 4.6,False,0.055575
atomicCost-cuda,_Z19woAtomicOnGlobalMemIfEvPT_i,3080,Opus 4.6,True,0.096925
atomicCost-cuda,_Z19woAtomicOnGlobalMemIfEvPT_i,A10,GPT 5.4,False,0.0154655
atomicCost-cuda,_Z19woAtomicOnGlobalMemIfEvPT_i,A10,GPT 5.4,True,0.0209665
atomicCost-cuda,_Z19woAtomicOnGlobalMemIfEvPT_i,A10,GPT OSS,False,0.000563628
atomicCost-cuda,_Z19woAtomicOnGlobalMemIfEvPT_i,A10,GPT OSS,True,0.000548076
atomicCost-cuda,_Z19woAtomicOnGlobalMemIfEvPT_i,A10,Opus 4.6,False,0.05467
atomicCost-cuda,_Z19woAtomicOnGlobalMemIfEvPT_i,A10,Opus 4.6,True,0.08792
atomicCost-cuda,_Z19woAtomicOnGlobalMemIfEvPT_i,A100,GPT 5.4,False,0.016523
atomicCost-cuda,_Z19woAtomicOnGlobalMemIfEvPT_i,A100,GPT 5.4,True,0.019904
atomicCost-cuda,_Z19woAtomicOnGlobalMemIfEvPT_i,A100,GPT OSS,False,0.000563175
atomicCost-cuda,_Z19woAtomicOnGlobalMemIfEvPT_i,A100,GPT OSS,True,0.000703915
atomicCost-cuda,_Z19woAtomicOnGlobalMemIfEvPT_i,A100,Opus 4.6,False,0.058735
atomicCost-cuda,_Z19woAtomicOnGlobalMemIfEvPT_i,A100,Opus 4.6,True,0.084265
atomicCost-cuda,_Z19woAtomicOnGlobalMemIfEvPT_i,H100,GPT 5.4,False,0.0152425
atomicCost-cuda,_Z19woAtomicOnGlobalMemIfEvPT_i,H100,GPT 5.4,True,0.020604
atomicCost-cuda,_Z19woAtomicOnGlobalMemIfEvPT_i,H100,GPT OSS,False,0.0019737
atomicCost-cuda,_Z19woAtomicOnGlobalMemIfEvPT_i,H100,Opus 4.6,False,0.057035
atomicCost-cuda,_Z19woAtomicOnGlobalMemIfEvPT_i,H100,Opus 4.6,True,0.08972
atomicCost-cuda,_Z19woAtomicOnGlobalMemIiEvPT_i,3080,GPT 5.4,False,0.0141555
atomicCost-cuda,_Z19woAtomicOnGlobalMemIiEvPT_i,3080,GPT 5.4,True,0.0190015
atomicCost-cuda,_Z19woAtomicOnGlobalMemIiEvPT_i,3080,GPT OSS,False,0.000229194
atomicCost-cuda,_Z19woAtomicOnGlobalMemIiEvPT_i,3080,GPT OSS,True,0.000559104
atomicCost-cuda,_Z19woAtomicOnGlobalMemIiEvPT_i,3080,Opus 4.6,False,0.05383
atomicCost-cuda,_Z19woAtomicOnGlobalMemIiEvPT_i,3080,Opus 4.6,True,0.063005
atomicCost-cuda,_Z19woAtomicOnGlobalMemIiEvPT_i,A10,GPT 5.4,False,0.0150305
atomicCost-cuda,_Z19woAtomicOnGlobalMemIiEvPT_i,A10,GPT 5.4,True,0.0193665
atomicCost-cuda,_Z19woAtomicOnGlobalMemIiEvPT_i,A10,GPT OSS,True,0.000555148
atomicCost-cuda,_Z19woAtomicOnGlobalMemIiEvPT_i,A10,Opus 4.6,False,0.053975
atomicCost-cuda,_Z19woAtomicOnGlobalMemIiEvPT_i,A10,Opus 4.6,True,0.0719
atomicCost-cuda,_Z19woAtomicOnGlobalMemIiEvPT_i,A100,GPT 5.4,False,0.01352
atomicCost-cuda,_Z19woAtomicOnGlobalMemIiEvPT_i,A100,GPT 5.4,True,0.018624
atomicCost-cuda,_Z19woAtomicOnGlobalMemIiEvPT_i,A100,GPT OSS,False,0.000459625
atomicCost-cuda,_Z19woAtomicOnGlobalMemIiEvPT_i,A100,GPT OSS,True,0.000526385
atomicCost-cuda,_Z19woAtomicOnGlobalMemIiEvPT_i,A100,Opus 4.6,False,0.053465
atomicCost-cuda,_Z19woAtomicOnGlobalMemIiEvPT_i,A100,Opus 4.6,True,0.067565
atomicCost-cuda,_Z19woAtomicOnGlobalMemIiEvPT_i,H100,GPT 5.4,False,0.0143455
atomicCost-cuda,_Z19woAtomicOnGlobalMemIiEvPT_i,H100,GPT 5.4,True,0.018399
atomicCost-cuda,_Z19woAtomicOnGlobalMemIiEvPT_i,H100,GPT OSS,False,0.000542046
atomicCost-cuda,_Z19woAtomicOnGlobalMemIiEvPT_i,H100,GPT OSS,True,0.000559049
atomicCost-cuda,_Z19woAtomicOnGlobalMemIiEvPT_i,H100,Opus 4.6,False,0.05049
atomicCost-cuda,_Z19woAtomicOnGlobalMemIiEvPT_i,H100,Opus 4.6,True,0.068605
atomicCost-omp,_Z19wiAtomicOnGlobalMemIdEvPT_ii_l26,3080,GPT 5.4,False,0.0171605
atomicCost-omp,_Z19wiAtomicOnGlobalMemIdEvPT_ii_l26,3080,GPT 5.4,True,0.023019
atomicCost-omp,_Z19wiAtomicOnGlobalMemIdEvPT_ii_l26,3080,GPT OSS,True,0.000702371
atomicCost-omp,_Z19wiAtomicOnGlobalMemIdEvPT_ii_l26,3080,Opus 4.6,False,0.05749
atomicCost-omp,_Z19wiAtomicOnGlobalMemIdEvPT_ii_l26,3080,Opus 4.6,True,0.08232
atomicCost-omp,_Z19wiAtomicOnGlobalMemIdEvPT_ii_l26,A10,GPT 5.4,False,0.0151205
atomicCost-omp,_Z19wiAtomicOnGlobalMemIdEvPT_ii_l26,A10,GPT 5.4,True,0.022149
atomicCost-omp,_Z19wiAtomicOnGlobalMemIdEvPT_ii_l26,A10,GPT OSS,False,0.0017898
atomicCost-omp,_Z19wiAtomicOnGlobalMemIdEvPT_ii_l26,A10,GPT OSS,True,0.00375216
atomicCost-omp,_Z19wiAtomicOnGlobalMemIdEvPT_ii_l26,A10,Opus 4.6,False,0.056465
atomicCost-omp,_Z19wiAtomicOnGlobalMemIdEvPT_ii_l26,A10,Opus 4.6,True,0.088945
atomicCost-omp,_Z19wiAtomicOnGlobalMemIdEvPT_ii_l26,A100,GPT 5.4,False,0.015323
atomicCost-omp,_Z19wiAtomicOnGlobalMemIdEvPT_ii_l26,A100,GPT 5.4,True,0.022419
atomicCost-omp,_Z19wiAtomicOnGlobalMemIdEvPT_ii_l26,A100,GPT OSS,False,0.00198525
atomicCost-omp,_Z19wiAtomicOnGlobalMemIdEvPT_ii_l26,A100,Opus 4.6,False,0.055705
atomicCost-omp,_Z19wiAtomicOnGlobalMemIdEvPT_ii_l26,A100,Opus 4.6,True,0.09886
atomicCost-omp,_Z19wiAtomicOnGlobalMemIdEvPT_ii_l26,H100,GPT 5.4,False,0.0149755
atomicCost-omp,_Z19wiAtomicOnGlobalMemIdEvPT_ii_l26,H100,GPT 5.4,True,0.022864
atomicCost-omp,_Z19wiAtomicOnGlobalMemIdEvPT_ii_l26,H100,GPT OSS,False,0.0017751
atomicCost-omp,_Z19wiAtomicOnGlobalMemIdEvPT_ii_l26,H100,GPT OSS,True,0.00282547
atomicCost-omp,_Z19wiAtomicOnGlobalMemIdEvPT_ii_l26,H100,Opus 4.6,False,0.058455
atomicCost-omp,_Z19wiAtomicOnGlobalMemIdEvPT_ii_l26,H100,Opus 4.6,True,0.090915
atomicCost-omp,_Z19wiAtomicOnGlobalMemIfEvPT_ii_l26,3080,GPT 5.4,False,0.0165605
atomicCost-omp,_Z19wiAtomicOnGlobalMemIfEvPT_ii_l26,3080,GPT 5.4,True,0.022499
atomicCost-omp,_Z19wiAtomicOnGlobalMemIfEvPT_ii_l26,3080,GPT OSS,False,0.000242568
atomicCost-omp,_Z19wiAtomicOnGlobalMemIfEvPT_ii_l26,3080,GPT OSS,True,0.000668191
atomicCost-omp,_Z19wiAtomicOnGlobalMemIfEvPT_ii_l26,3080,Opus 4.6,False,0.060565
atomicCost-omp,_Z19wiAtomicOnGlobalMemIfEvPT_ii_l26,3080,Opus 4.6,True,0.08478
atomicCost-omp,_Z19wiAtomicOnGlobalMemIfEvPT_ii_l26,A10,GPT 5.4,False,0.0162725
atomicCost-omp,_Z19wiAtomicOnGlobalMemIfEvPT_ii_l26,A10,GPT 5.4,True,0.022484
atomicCost-omp,_Z19wiAtomicOnGlobalMemIfEvPT_ii_l26,A10,GPT OSS,False,0.0017958
atomicCost-omp,_Z19wiAtomicOnGlobalMemIfEvPT_ii_l26,A10,GPT OSS,True,0.00348326
atomicCost-omp,_Z19wiAtomicOnGlobalMemIfEvPT_ii_l26,A10,Opus 4.6,False,0.058765
atomicCost-omp,_Z19wiAtomicOnGlobalMemIfEvPT_ii_l26,A10,Opus 4.6,True,0.09543
atomicCost-omp,_Z19wiAtomicOnGlobalMemIfEvPT_ii_l26,A100,GPT 5.4,False,0.01529
atomicCost-omp,_Z19wiAtomicOnGlobalMemIfEvPT_ii_l26,A100,GPT 5.4,True,0.022954
atomicCost-omp,_Z19wiAtomicOnGlobalMemIfEvPT_ii_l26,A100,GPT OSS,True,0.000701549
atomicCost-omp,_Z19wiAtomicOnGlobalMemIfEvPT_ii_l26,A100,Opus 4.6,False,0.055005
atomicCost-omp,_Z19wiAtomicOnGlobalMemIfEvPT_ii_l26,A100,Opus 4.6,True,0.09388
atomicCost-omp,_Z19wiAtomicOnGlobalMemIfEvPT_ii_l26,H100,GPT 5.4,False,0.0158905
atomicCost-omp,_Z19wiAtomicOnGlobalMemIfEvPT_ii_l26,H100,GPT 5.4,True,0.023174
atomicCost-omp,_Z19wiAtomicOnGlobalMemIfEvPT_ii_l26,H100,GPT OSS,False,0.000272432
atomicCost-omp,_Z19wiAtomicOnGlobalMemIfEvPT_ii_l26,H100,Opus 4.6,False,0.05438
atomicCost-omp,_Z19wiAtomicOnGlobalMemIfEvPT_ii_l26,H100,Opus 4.6,True,0.09012
atomicCost-omp,_Z19wiAtomicOnGlobalMemIiEvPT_ii_l26,3080,GPT 5.4,False,0.0147575
atomicCost-omp,_Z19wiAtomicOnGlobalMemIiEvPT_ii_l26,3080,GPT 5.4,True,0.021329
atomicCost-omp,_Z19wiAtomicOnGlobalMemIiEvPT_ii_l26,3080,GPT OSS,False,0.0008247
atomicCost-omp,_Z19wiAtomicOnGlobalMemIiEvPT_ii_l26,3080,GPT OSS,True,0.000550343
atomicCost-omp,_Z19wiAtomicOnGlobalMemIiEvPT_ii_l26,3080,Opus 4.6,False,0.055495
atomicCost-omp,_Z19wiAtomicOnGlobalMemIiEvPT_ii_l26,3080,Opus 4.6,True,0.08208
atomicCost-omp,_Z19wiAtomicOnGlobalMemIiEvPT_ii_l26,A10,GPT 5.4,False,0.0152105
atomicCost-omp,_Z19wiAtomicOnGlobalMemIiEvPT_ii_l26,A10,GPT 5.4,True,0.021119
atomicCost-omp,_Z19wiAtomicOnGlobalMemIiEvPT_ii_l26,A10,GPT OSS,False,0.0018012
atomicCost-omp,_Z19wiAtomicOnGlobalMemIiEvPT_ii_l26,A10,GPT OSS,True,0.000569489
atomicCost-omp,_Z19wiAtomicOnGlobalMemIiEvPT_ii_l26,A10,Opus 4.6,False,0.060045
atomicCost-omp,_Z19wiAtomicOnGlobalMemIiEvPT_ii_l26,A10,Opus 4.6,True,0.07918
atomicCost-omp,_Z19wiAtomicOnGlobalMemIiEvPT_ii_l26,A100,GPT 5.4,False,0.014
atomicCost-omp,_Z19wiAtomicOnGlobalMemIiEvPT_ii_l26,A100,GPT 5.4,True,0.0221915
atomicCost-omp,_Z19wiAtomicOnGlobalMemIiEvPT_ii_l26,A100,GPT OSS,True,0.000540858
atomicCost-omp,_Z19wiAtomicOnGlobalMemIiEvPT_ii_l26,A100,Opus 4.6,False,0.054885
atomicCost-omp,_Z19wiAtomicOnGlobalMemIiEvPT_ii_l26,A100,Opus 4.6,True,0.08476
atomicCost-omp,_Z19wiAtomicOnGlobalMemIiEvPT_ii_l26,H100,GPT 5.4,False,0.0149005
atomicCost-omp,_Z19wiAtomicOnGlobalMemIiEvPT_ii_l26,H100,GPT 5.4,True,0.020879
atomicCost-omp,_Z19wiAtomicOnGlobalMemIiEvPT_ii_l26,H100,GPT OSS,False,0.0008307
atomicCost-omp,_Z19wiAtomicOnGlobalMemIiEvPT_ii_l26,H100,GPT OSS,True,0.000722651
atomicCost-omp,_Z19wiAtomicOnGlobalMemIiEvPT_ii_l26,H100,Opus 4.6,False,0.053935
atomicCost-omp,_Z19wiAtomicOnGlobalMemIiEvPT_ii_l26,H100,Opus 4.6,True,0.08379
atomicCost-omp,_Z19woAtomicOnGlobalMemIdEvPT_ii_l14,3080,GPT 5.4,False,0.0157475
atomicCost-omp,_Z19woAtomicOnGlobalMemIdEvPT_ii_l14,3080,GPT 5.4,True,0.0259265
atomicCost-omp,_Z19woAtomicOnGlobalMemIdEvPT_ii_l14,3080,GPT OSS,False,0.0020175
atomicCost-omp,_Z19woAtomicOnGlobalMemIdEvPT_ii_l14,3080,GPT OSS,True,0.000741216
atomicCost-omp,_Z19woAtomicOnGlobalMemIdEvPT_ii_l14,3080,Opus 4.6,False,0.05369
atomicCost-omp,_Z19woAtomicOnGlobalMemIdEvPT_ii_l14,3080,Opus 4.6,True,0.09503
atomicCost-omp,_Z19woAtomicOnGlobalMemIdEvPT_ii_l14,A10,GPT 5.4,False,0.0162905
atomicCost-omp,_Z19woAtomicOnGlobalMemIdEvPT_ii_l14,A10,GPT 5.4,True,0.0254465
atomicCost-omp,_Z19woAtomicOnGlobalMemIdEvPT_ii_l14,A10,GPT OSS,False,0.0019884
atomicCost-omp,_Z19woAtomicOnGlobalMemIdEvPT_ii_l14,A10,GPT OSS,True,0.000670302
atomicCost-omp,_Z19woAtomicOnGlobalMemIdEvPT_ii_l14,A10,Opus 4.6,False,0.055215
atomicCost-omp,_Z19woAtomicOnGlobalMemIdEvPT_ii_l14,A10,Opus 4.6,True,0.094655
atomicCost-omp,_Z19woAtomicOnGlobalMemIdEvPT_ii_l14,A100,GPT 5.4,False,0.015053
atomicCost-omp,_Z19woAtomicOnGlobalMemIdEvPT_ii_l14,A100,GPT 5.4,True,0.0272765
atomicCost-omp,_Z19woAtomicOnGlobalMemIdEvPT_ii_l14,A100,GPT OSS,False,0.00162105
atomicCost-omp,_Z19woAtomicOnGlobalMemIdEvPT_ii_l14,A100,GPT OSS,True,0.00072884
atomicCost-omp,_Z19woAtomicOnGlobalMemIdEvPT_ii_l14,A100,Opus 4.6,False,0.053705
atomicCost-omp,_Z19woAtomicOnGlobalMemIdEvPT_ii_l14,A100,Opus 4.6,True,0.10938
atomicCost-omp,_Z19woAtomicOnGlobalMemIdEvPT_ii_l14,H100,GPT 5.4,False,0.0153325
atomicCost-omp,_Z19woAtomicOnGlobalMemIdEvPT_ii_l14,H100,GPT 5.4,True,0.026644
atomicCost-omp,_Z19woAtomicOnGlobalMemIdEvPT_ii_l14,H100,GPT OSS,False,0.0017547
atomicCost-omp,_Z19woAtomicOnGlobalMemIdEvPT_ii_l14,H100,GPT OSS,True,0.000623679
atomicCost-omp,_Z19woAtomicOnGlobalMemIdEvPT_ii_l14,H100,Opus 4.6,False,0.05608
atomicCost-omp,_Z19woAtomicOnGlobalMemIdEvPT_ii_l14,H100,Opus 4.6,True,0.09514
atomicCost-omp,_Z19woAtomicOnGlobalMemIfEvPT_ii_l14,3080,GPT 5.4,False,0.0154775
atomicCost-omp,_Z19woAtomicOnGlobalMemIfEvPT_ii_l14,3080,GPT 5.4,True,0.0259115
atomicCost-omp,_Z19woAtomicOnGlobalMemIfEvPT_ii_l14,3080,GPT OSS,False,0.0017247
atomicCost-omp,_Z19woAtomicOnGlobalMemIfEvPT_ii_l14,3080,GPT OSS,True,0.00321865
atomicCost-omp,_Z19woAtomicOnGlobalMemIfEvPT_ii_l14,3080,Opus 4.6,False,0.05564
atomicCost-omp,_Z19woAtomicOnGlobalMemIfEvPT_ii_l14,3080,Opus 4.6,True,0.099845
atomicCost-omp,_Z19woAtomicOnGlobalMemIfEvPT_ii_l14,A10,GPT 5.4,False,0.0168605
atomicCost-omp,_Z19woAtomicOnGlobalMemIfEvPT_ii_l14,A10,GPT 5.4,True,0.0257315
atomicCost-omp,_Z19woAtomicOnGlobalMemIfEvPT_ii_l14,A10,GPT OSS,False,0.0018426
atomicCost-omp,_Z19woAtomicOnGlobalMemIfEvPT_ii_l14,A10,GPT OSS,True,0.0015048
atomicCost-omp,_Z19woAtomicOnGlobalMemIfEvPT_ii_l14,A10,Opus 4.6,False,0.056415
atomicCost-omp,_Z19woAtomicOnGlobalMemIfEvPT_ii_l14,A10,Opus 4.6,True,0.09577
atomicCost-omp,_Z19woAtomicOnGlobalMemIfEvPT_ii_l14,A100,GPT 5.4,False,0.01553
atomicCost-omp,_Z19woAtomicOnGlobalMemIfEvPT_ii_l14,A100,GPT 5.4,True,0.027069
atomicCost-omp,_Z19woAtomicOnGlobalMemIfEvPT_ii_l14,A100,GPT OSS,False,0.00114885
atomicCost-omp,_Z19woAtomicOnGlobalMemIfEvPT_ii_l14,A100,GPT OSS,True,0.00352827
atomicCost-omp,_Z19woAtomicOnGlobalMemIfEvPT_ii_l14,A100,Opus 4.6,False,0.055455
atomicCost-omp,_Z19woAtomicOnGlobalMemIfEvPT_ii_l14,A100,Opus 4.6,True,0.102795
atomicCost-omp,_Z19woAtomicOnGlobalMemIfEvPT_ii_l14,H100,GPT 5.4,False,0.0164305
atomicCost-omp,_Z19woAtomicOnGlobalMemIfEvPT_ii_l14,H100,GPT 5.4,True,0.026489
atomicCost-omp,_Z19woAtomicOnGlobalMemIfEvPT_ii_l14,H100,GPT OSS,False,0.000278512
atomicCost-omp,_Z19woAtomicOnGlobalMemIfEvPT_ii_l14,H100,GPT OSS,True,0.000696517
atomicCost-omp,_Z19woAtomicOnGlobalMemIfEvPT_ii_l14,H100,Opus 4.6,False,0.05453
atomicCost-omp,_Z19woAtomicOnGlobalMemIfEvPT_ii_l14,H100,Opus 4.6,True,0.10947
atomicCost-omp,_Z19woAtomicOnGlobalMemIiEvPT_ii_l14,3080,GPT 5.4,False,0.0140075
atomicCost-omp,_Z19woAtomicOnGlobalMemIiEvPT_ii_l14,3080,GPT 5.4,True,0.021134
atomicCost-omp,_Z19woAtomicOnGlobalMemIiEvPT_ii_l14,3080,GPT OSS,False,0.0022617
atomicCost-omp,_Z19woAtomicOnGlobalMemIiEvPT_ii_l14,3080,GPT OSS,True,0.000647125
atomicCost-omp,_Z19woAtomicOnGlobalMemIiEvPT_ii_l14,3080,Opus 4.6,False,0.054145
atomicCost-omp,_Z19woAtomicOnGlobalMemIiEvPT_ii_l14,3080,Opus 4.6,True,0.079695
atomicCost-omp,_Z19woAtomicOnGlobalMemIiEvPT_ii_l14,A10,GPT 5.4,False,0.0149405
atomicCost-omp,_Z19woAtomicOnGlobalMemIiEvPT_ii_l14,A10,GPT 5.4,True,0.020579
atomicCost-omp,_Z19woAtomicOnGlobalMemIiEvPT_ii_l14,A10,GPT OSS,False,0.0018546
atomicCost-omp,_Z19woAtomicOnGlobalMemIiEvPT_ii_l14,A10,GPT OSS,True,0.000608701
atomicCost-omp,_Z19woAtomicOnGlobalMemIiEvPT_ii_l14,A10,Opus 4.6,False,0.056345
atomicCost-omp,_Z19woAtomicOnGlobalMemIiEvPT_ii_l14,A10,Opus 4.6,True,0.07327
atomicCost-omp,_Z19woAtomicOnGlobalMemIiEvPT_ii_l14,A100,GPT 5.4,False,0.015263
atomicCost-omp,_Z19woAtomicOnGlobalMemIiEvPT_ii_l14,A100,GPT 5.4,True,0.0221515
atomicCost-omp,_Z19woAtomicOnGlobalMemIiEvPT_ii_l14,A100,GPT OSS,False,0.000516811
atomicCost-omp,_Z19woAtomicOnGlobalMemIiEvPT_ii_l14,A100,Opus 4.6,False,0.052985
atomicCost-omp,_Z19woAtomicOnGlobalMemIiEvPT_ii_l14,A100,Opus 4.6,True,0.082535
atomicCost-omp,_Z19woAtomicOnGlobalMemIiEvPT_ii_l14,H100,GPT 5.4,False,0.0151405
atomicCost-omp,_Z19woAtomicOnGlobalMemIiEvPT_ii_l14,H100,GPT 5.4,True,0.022619
atomicCost-omp,_Z19woAtomicOnGlobalMemIiEvPT_ii_l14,H100,GPT OSS,False,0.000449132
atomicCost-omp,_Z19woAtomicOnGlobalMemIiEvPT_ii_l14,H100,GPT OSS,True,0.000689151
atomicCost-omp,_Z19woAtomicOnGlobalMemIiEvPT_ii_l14,H100,Opus 4.6,False,0.054485
atomicCost-omp,_Z19woAtomicOnGlobalMemIiEvPT_ii_l14,H100,Opus 4.6,True,0.08497
atomicIntrinsics-cuda,_Z10testKernelIiEvPT_m,3080,GPT 5.4,False,0.0156675
atomicIntrinsics-cuda,_Z10testKernelIiEvPT_m,3080,GPT 5.4,True,0.0187715
atomicIntrinsics-cuda,_Z10testKernelIiEvPT_m,3080,GPT OSS,False,0.000402262
atomicIntrinsics-cuda,_Z10testKernelIiEvPT_m,3080,GPT OSS,True,0.00195136
atomicIntrinsics-cuda,_Z10testKernelIiEvPT_m,3080,Opus 4.6,False,0.05746
atomicIntrinsics-cuda,_Z10testKernelIiEvPT_m,3080,Opus 4.6,True,0.06763
atomicIntrinsics-cuda,_Z10testKernelIiEvPT_m,A10,GPT 5.4,False,0.0145055
atomicIntrinsics-cuda,_Z10testKernelIiEvPT_m,A10,GPT 5.4,True,0.0195115
atomicIntrinsics-cuda,_Z10testKernelIiEvPT_m,A10,GPT OSS,False,0.0015186
atomicIntrinsics-cuda,_Z10testKernelIiEvPT_m,A10,GPT OSS,True,0.000474296
atomicIntrinsics-cuda,_Z10testKernelIiEvPT_m,A10,Opus 4.6,False,0.05758
atomicIntrinsics-cuda,_Z10testKernelIiEvPT_m,A10,Opus 4.6,True,0.07055
atomicIntrinsics-cuda,_Z10testKernelIiEvPT_m,A100,GPT 5.4,False,0.015098
atomicIntrinsics-cuda,_Z10testKernelIiEvPT_m,A100,GPT 5.4,True,0.020084
atomicIntrinsics-cuda,_Z10testKernelIiEvPT_m,A100,GPT OSS,False,0.000415903
atomicIntrinsics-cuda,_Z10testKernelIiEvPT_m,A100,GPT OSS,True,0.000566281
atomicIntrinsics-cuda,_Z10testKernelIiEvPT_m,A100,Opus 4.6,False,0.057745
atomicIntrinsics-cuda,_Z10testKernelIiEvPT_m,A100,Opus 4.6,True,0.07016
atomicIntrinsics-cuda,_Z10testKernelIiEvPT_m,H100,GPT 5.4,False,0.0151855
atomicIntrinsics-cuda,_Z10testKernelIiEvPT_m,H100,GPT 5.4,True,0.0201415
atomicIntrinsics-cuda,_Z10testKernelIiEvPT_m,H100,GPT OSS,True,0.00233174
atomicIntrinsics-cuda,_Z10testKernelIiEvPT_m,H100,Opus 4.6,False,0.05727
atomicIntrinsics-cuda,_Z10testKernelIiEvPT_m,H100,Opus 4.6,True,0.072375
atomicIntrinsics-omp,_Z8testcaseIiEvii_l25,3080,GPT 5.4,False,0.0155855
atomicIntrinsics-omp,_Z8testcaseIiEvii_l25,3080,GPT 5.4,True,0.0257265
atomicIntrinsics-omp,_Z8testcaseIiEvii_l25,3080,GPT OSS,False,0.0016506
atomicIntrinsics-omp,_Z8testcaseIiEvii_l25,3080,GPT OSS,True,0.00299721
atomicIntrinsics-omp,_Z8testcaseIiEvii_l25,3080,Opus 4.6,False,0.056525
atomicIntrinsics-omp,_Z8testcaseIiEvii_l25,3080,Opus 4.6,True,0.085055
atomicIntrinsics-omp,_Z8testcaseIiEvii_l25,A10,GPT 5.4,False,0.0154775
atomicIntrinsics-omp,_Z8testcaseIiEvii_l25,A10,GPT 5.4,True,0.0241215
atomicIntrinsics-omp,_Z8testcaseIiEvii_l25,A10,GPT OSS,False,0.0015447
atomicIntrinsics-omp,_Z8testcaseIiEvii_l25,A10,GPT OSS,True,0.000666538
atomicIntrinsics-omp,_Z8testcaseIiEvii_l25,A10,Opus 4.6,False,0.05685
atomicIntrinsics-omp,_Z8testcaseIiEvii_l25,A10,Opus 4.6,True,0.087155
atomicIntrinsics-omp,_Z8testcaseIiEvii_l25,A100,GPT 5.4,False,0.016463
atomicIntrinsics-omp,_Z8testcaseIiEvii_l25,A100,GPT 5.4,True,0.024994
atomicIntrinsics-omp,_Z8testcaseIiEvii_l25,A100,GPT OSS,False,0.00161655
atomicIntrinsics-omp,_Z8testcaseIiEvii_l25,A100,GPT OSS,True,0.000638237
atomicIntrinsics-omp,_Z8testcaseIiEvii_l25,A100,Opus 4.6,False,0.060665
atomicIntrinsics-omp,_Z8testcaseIiEvii_l25,A100,Opus 4.6,True,0.087055
atomicIntrinsics-omp,_Z8testcaseIiEvii_l25,H100,GPT 5.4,False,0.0181105
atomicIntrinsics-omp,_Z8testcaseIiEvii_l25,H100,GPT 5.4,True,0.0251115
atomicIntrinsics-omp,_Z8testcaseIiEvii_l25,H100,GPT OSS,False,0.0018102
atomicIntrinsics-omp,_Z8testcaseIiEvii_l25,H100,GPT OSS,True,0.000731158
atomicIntrinsics-omp,_Z8testcaseIiEvii_l25,H100,Opus 4.6,False,0.06044
atomicIntrinsics-omp,_Z8testcaseIiEvii_l25,H100,Opus 4.6,True,0.089465
atomicIntrinsics-omp,_Z8testcaseIiEvii_l48,3080,GPT 5.4,False,0.0165005
atomicIntrinsics-omp,_Z8testcaseIiEvii_l48,3080,GPT 5.4,True,0.054754
atomicIntrinsics-omp,_Z8testcaseIiEvii_l48,3080,GPT OSS,False,0.000454722
atomicIntrinsics-omp,_Z8testcaseIiEvii_l48,3080,GPT OSS,True,0.001105893
atomicIntrinsics-omp,_Z8testcaseIiEvii_l48,3080,Opus 4.6,False,0.062425
atomicIntrinsics-omp,_Z8testcaseIiEvii_l48,3080,Opus 4.6,True,0.1728
atomicIntrinsics-omp,_Z8testcaseIiEvii_l48,A10,GPT 5.4,False,0.0166505
atomicIntrinsics-omp,_Z8testcaseIiEvii_l48,A10,GPT 5.4,True,0.057529
atomicIntrinsics-omp,_Z8testcaseIiEvii_l48,A10,Opus 4.6,False,0.06225
atomicIntrinsics-omp,_Z8testcaseIiEvii_l48,A10,Opus 4.6,True,0.16865
atomicIntrinsics-omp,_Z8testcaseIiEvii_l48,A100,GPT 5.4,False,0.016508
atomicIntrinsics-omp,_Z8testcaseIiEvii_l48,A100,GPT 5.4,True,0.0637525
atomicIntrinsics-omp,_Z8testcaseIiEvii_l48,A100,GPT OSS,False,0.000468095
atomicIntrinsics-omp,_Z8testcaseIiEvii_l48,A100,Opus 4.6,False,0.067015
atomicIntrinsics-omp,_Z8testcaseIiEvii_l48,A100,Opus 4.6,True,0.18623
atomicIntrinsics-omp,_Z8testcaseIiEvii_l48,H100,GPT 5.4,False,0.0164725
atomicIntrinsics-omp,_Z8testcaseIiEvii_l48,H100,GPT 5.4,True,0.0588865
atomicIntrinsics-omp,_Z8testcaseIiEvii_l48,H100,GPT OSS,False,0.000472046
atomicIntrinsics-omp,_Z8testcaseIiEvii_l48,H100,GPT OSS,True,0.001099864
atomicIntrinsics-omp,_Z8testcaseIiEvii_l48,H100,Opus 4.6,False,0.062765
atomicIntrinsics-omp,_Z8testcaseIiEvii_l48,H100,Opus 4.6,True,0.191435
atomicIntrinsics-omp,_Z8testcaseIiEvii_l60,3080,GPT 5.4,False,0.0183455
atomicIntrinsics-omp,_Z8testcaseIiEvii_l60,3080,GPT 5.4,True,0.0240615
atomicIntrinsics-omp,_Z8testcaseIiEvii_l60,3080,Opus 4.6,False,0.058025
atomicIntrinsics-omp,_Z8testcaseIiEvii_l60,3080,Opus 4.6,True,0.086055
atomicIntrinsics-omp,_Z8testcaseIiEvii_l60,A10,GPT 5.4,False,0.0168305
atomicIntrinsics-omp,_Z8testcaseIiEvii_l60,A10,GPT 5.4,True,0.0243165
atomicIntrinsics-omp,_Z8testcaseIiEvii_l60,A10,GPT OSS,True,0.000593008
atomicIntrinsics-omp,_Z8testcaseIiEvii_l60,A10,Opus 4.6,False,0.057675
atomicIntrinsics-omp,_Z8testcaseIiEvii_l60,A10,Opus 4.6,True,0.08858
atomicIntrinsics-omp,_Z8testcaseIiEvii_l60,A100,GPT 5.4,False,0.01625
atomicIntrinsics-omp,_Z8testcaseIiEvii_l60,A100,GPT 5.4,True,0.026194
atomicIntrinsics-omp,_Z8testcaseIiEvii_l60,A100,GPT OSS,False,0.000439215
atomicIntrinsics-omp,_Z8testcaseIiEvii_l60,A100,GPT OSS,True,0.00348346
atomicIntrinsics-omp,_Z8testcaseIiEvii_l60,A100,Opus 4.6,False,0.056915
atomicIntrinsics-omp,_Z8testcaseIiEvii_l60,A100,Opus 4.6,True,0.08268
atomicIntrinsics-omp,_Z8testcaseIiEvii_l60,H100,GPT 5.4,False,0.0165055
atomicIntrinsics-omp,_Z8testcaseIiEvii_l60,H100,GPT 5.4,True,0.0260415
atomicIntrinsics-omp,_Z8testcaseIiEvii_l60,H100,GPT OSS,False,0.000470716
atomicIntrinsics-omp,_Z8testcaseIiEvii_l60,H100,GPT OSS,True,0.0021693
atomicIntrinsics-omp,_Z8testcaseIiEvii_l60,H100,Opus 4.6,False,0.059065
atomicIntrinsics-omp,_Z8testcaseIiEvii_l60,H100,Opus 4.6,True,0.09269
atomicIntrinsics-omp,_Z8testcaseIiEvii_l79,3080,GPT 5.4,False,0.0168005
atomicIntrinsics-omp,_Z8testcaseIiEvii_l79,3080,GPT 5.4,True,0.054964
atomicIntrinsics-omp,_Z8testcaseIiEvii_l79,3080,GPT OSS,False,0.000447502
atomicIntrinsics-omp,_Z8testcaseIiEvii_l79,3080,GPT OSS,True,0.001070365
atomicIntrinsics-omp,_Z8testcaseIiEvii_l79,3080,Opus 4.6,False,0.06
atomicIntrinsics-omp,_Z8testcaseIiEvii_l79,3080,Opus 4.6,True,0.171975
atomicIntrinsics-omp,_Z8testcaseIiEvii_l79,A10,GPT 5.4,False,0.0166205
atomicIntrinsics-omp,_Z8testcaseIiEvii_l79,A10,GPT 5.4,True,0.055984
atomicIntrinsics-omp,_Z8testcaseIiEvii_l79,A10,GPT OSS,False,0.0018537
atomicIntrinsics-omp,_Z8testcaseIiEvii_l79,A10,Opus 4.6,False,0.062075
atomicIntrinsics-omp,_Z8testcaseIiEvii_l79,A10,Opus 4.6,True,0.1758
atomicIntrinsics-omp,_Z8testcaseIiEvii_l79,A100,GPT 5.4,False,0.016028
atomicIntrinsics-omp,_Z8testcaseIiEvii_l79,A100,GPT 5.4,True,0.0574765
atomicIntrinsics-omp,_Z8testcaseIiEvii_l79,A100,GPT OSS,False,0.000460495
atomicIntrinsics-omp,_Z8testcaseIiEvii_l79,A100,Opus 4.6,False,0.058265
atomicIntrinsics-omp,_Z8testcaseIiEvii_l79,A100,Opus 4.6,True,0.188255
atomicIntrinsics-omp,_Z8testcaseIiEvii_l79,H100,GPT 5.4,False,0.0171025
atomicIntrinsics-omp,_Z8testcaseIiEvii_l79,H100,GPT 5.4,True,0.0578165
atomicIntrinsics-omp,_Z8testcaseIiEvii_l79,H100,GPT OSS,False,0.0017706
atomicIntrinsics-omp,_Z8testcaseIiEvii_l79,H100,GPT OSS,True,0.001106598
atomicIntrinsics-omp,_Z8testcaseIiEvii_l79,H100,Opus 4.6,False,0.06274
atomicIntrinsics-omp,_Z8testcaseIiEvii_l79,H100,Opus 4.6,True,0.1916
atomicIntrinsics-omp,_Z8testcaseIiEvii_l83,3080,GPT 5.4,False,0.0159305
atomicIntrinsics-omp,_Z8testcaseIiEvii_l83,3080,GPT 5.4,True,0.058039
atomicIntrinsics-omp,_Z8testcaseIiEvii_l83,3080,GPT OSS,False,0.000499562
atomicIntrinsics-omp,_Z8testcaseIiEvii_l83,3080,GPT OSS,True,0.00407565
atomicIntrinsics-omp,_Z8testcaseIiEvii_l83,3080,Opus 4.6,False,0.063525
atomicIntrinsics-omp,_Z8testcaseIiEvii_l83,3080,Opus 4.6,True,0.173425
atomicIntrinsics-omp,_Z8testcaseIiEvii_l83,A10,GPT 5.4,False,0.0172205
atomicIntrinsics-omp,_Z8testcaseIiEvii_l83,A10,GPT 5.4,True,0.055969
atomicIntrinsics-omp,_Z8testcaseIiEvii_l83,A10,GPT OSS,False,0.000490398
atomicIntrinsics-omp,_Z8testcaseIiEvii_l83,A10,GPT OSS,True,0.001139669
atomicIntrinsics-omp,_Z8testcaseIiEvii_l83,A10,Opus 4.6,False,0.059975
atomicIntrinsics-omp,_Z8testcaseIiEvii_l83,A10,Opus 4.6,True,0.176725
atomicIntrinsics-omp,_Z8testcaseIiEvii_l83,A100,GPT 5.4,False,0.016913
atomicIntrinsics-omp,_Z8testcaseIiEvii_l83,A100,GPT 5.4,True,0.0577315
atomicIntrinsics-omp,_Z8testcaseIiEvii_l83,A100,GPT OSS,False,0.000483485
atomicIntrinsics-omp,_Z8testcaseIiEvii_l83,A100,GPT OSS,True,0.001070366
atomicIntrinsics-omp,_Z8testcaseIiEvii_l83,A100,Opus 4.6,False,0.06719
atomicIntrinsics-omp,_Z8testcaseIiEvii_l83,A100,Opus 4.6,True,0.19328
atomicIntrinsics-omp,_Z8testcaseIiEvii_l83,H100,GPT 5.4,False,0.0163255
atomicIntrinsics-omp,_Z8testcaseIiEvii_l83,H100,GPT 5.4,True,0.0555115
atomicIntrinsics-omp,_Z8testcaseIiEvii_l83,H100,GPT OSS,True,0.001063004
atomicIntrinsics-omp,_Z8testcaseIiEvii_l83,H100,Opus 4.6,False,0.06129
atomicIntrinsics-omp,_Z8testcaseIiEvii_l83,H100,Opus 4.6,True,0.204635
atomicPerf-cuda,_Z26WarpRangeAtomicOnGlobalMemIdEvPT_i,3080,GPT 5.4,False,0.018478
atomicPerf-cuda,_Z26WarpRangeAtomicOnGlobalMemIdEvPT_i,3080,GPT 5.4,True,0.0205315
atomicPerf-cuda,_Z26WarpRangeAtomicOnGlobalMemIdEvPT_i,3080,GPT OSS,False,0.000541371
atomicPerf-cuda,_Z26WarpRangeAtomicOnGlobalMemIdEvPT_i,3080,GPT OSS,True,0.000577618
atomicPerf-cuda,_Z26WarpRangeAtomicOnGlobalMemIdEvPT_i,3080,Opus 4.6,False,0.06587
atomicPerf-cuda,_Z26WarpRangeAtomicOnGlobalMemIdEvPT_i,3080,Opus 4.6,True,0.07297
atomicPerf-cuda,_Z26WarpRangeAtomicOnGlobalMemIdEvPT_i,A10,GPT 5.4,False,0.018
atomicPerf-cuda,_Z26WarpRangeAtomicOnGlobalMemIdEvPT_i,A10,GPT 5.4,True,0.0202665
atomicPerf-cuda,_Z26WarpRangeAtomicOnGlobalMemIdEvPT_i,A10,GPT OSS,False,0.000518035
atomicPerf-cuda,_Z26WarpRangeAtomicOnGlobalMemIdEvPT_i,A10,GPT OSS,True,0.0023898
atomicPerf-cuda,_Z26WarpRangeAtomicOnGlobalMemIdEvPT_i,A10,Opus 4.6,False,0.067865
atomicPerf-cuda,_Z26WarpRangeAtomicOnGlobalMemIdEvPT_i,A10,Opus 4.6,True,0.07049
atomicPerf-cuda,_Z26WarpRangeAtomicOnGlobalMemIdEvPT_i,A100,GPT 5.4,False,0.0180255
atomicPerf-cuda,_Z26WarpRangeAtomicOnGlobalMemIdEvPT_i,A100,GPT 5.4,True,0.021339
atomicPerf-cuda,_Z26WarpRangeAtomicOnGlobalMemIdEvPT_i,A100,GPT OSS,False,0.000578382
atomicPerf-cuda,_Z26WarpRangeAtomicOnGlobalMemIdEvPT_i,A100,GPT OSS,True,0.000549547
atomicPerf-cuda,_Z26WarpRangeAtomicOnGlobalMemIdEvPT_i,A100,Opus 4.6,False,0.06858
atomicPerf-cuda,_Z26WarpRangeAtomicOnGlobalMemIdEvPT_i,A100,Opus 4.6,True,0.073125
atomicPerf-cuda,_Z26WarpRangeAtomicOnGlobalMemIdEvPT_i,H100,GPT 5.4,False,0.018008
atomicPerf-cuda,_Z26WarpRangeAtomicOnGlobalMemIdEvPT_i,H100,GPT 5.4,True,0.021204
atomicPerf-cuda,_Z26WarpRangeAtomicOnGlobalMemIdEvPT_i,H100,GPT OSS,False,0.000525903
atomicPerf-cuda,_Z26WarpRangeAtomicOnGlobalMemIdEvPT_i,H100,GPT OSS,True,0.000583177
atomicPerf-cuda,_Z26WarpRangeAtomicOnGlobalMemIdEvPT_i,H100,Opus 4.6,False,0.06518
atomicPerf-cuda,_Z26WarpRangeAtomicOnGlobalMemIdEvPT_i,H100,Opus 4.6,True,0.076305
atomicPerf-cuda,_Z26WarpRangeAtomicOnGlobalMemIiEvPT_i,3080,GPT 5.4,False,0.017818
atomicPerf-cuda,_Z26WarpRangeAtomicOnGlobalMemIiEvPT_i,3080,GPT 5.4,True,0.0196615
atomicPerf-cuda,_Z26WarpRangeAtomicOnGlobalMemIiEvPT_i,3080,GPT OSS,True,0.00056993
atomicPerf-cuda,_Z26WarpRangeAtomicOnGlobalMemIiEvPT_i,3080,Opus 4.6,False,0.0646
atomicPerf-cuda,_Z26WarpRangeAtomicOnGlobalMemIiEvPT_i,3080,Opus 4.6,True,0.07334
atomicPerf-cuda,_Z26WarpRangeAtomicOnGlobalMemIiEvPT_i,A10,GPT 5.4,False,0.018093
atomicPerf-cuda,_Z26WarpRangeAtomicOnGlobalMemIiEvPT_i,A10,GPT 5.4,True,0.0202665
atomicPerf-cuda,_Z26WarpRangeAtomicOnGlobalMemIiEvPT_i,A10,GPT OSS,False,0.000516515
atomicPerf-cuda,_Z26WarpRangeAtomicOnGlobalMemIiEvPT_i,A10,GPT OSS,True,0.000509924
atomicPerf-cuda,_Z26WarpRangeAtomicOnGlobalMemIiEvPT_i,A10,Opus 4.6,False,0.06487
atomicPerf-cuda,_Z26WarpRangeAtomicOnGlobalMemIiEvPT_i,A10,Opus 4.6,True,0.072885
atomicPerf-cuda,_Z26WarpRangeAtomicOnGlobalMemIiEvPT_i,A100,GPT 5.4,False,0.0174105
atomicPerf-cuda,_Z26WarpRangeAtomicOnGlobalMemIiEvPT_i,A100,GPT 5.4,True,0.020869
atomicPerf-cuda,_Z26WarpRangeAtomicOnGlobalMemIiEvPT_i,A100,GPT OSS,False,0.00221071
atomicPerf-cuda,_Z26WarpRangeAtomicOnGlobalMemIiEvPT_i,A100,GPT OSS,True,0.000639529
atomicPerf-cuda,_Z26WarpRangeAtomicOnGlobalMemIiEvPT_i,A100,Opus 4.6,False,0.061685
atomicPerf-cuda,_Z26WarpRangeAtomicOnGlobalMemIiEvPT_i,A100,Opus 4.6,True,0.074145
atomicPerf-cuda,_Z26WarpRangeAtomicOnGlobalMemIiEvPT_i,H100,GPT 5.4,False,0.018428
atomicPerf-cuda,_Z26WarpRangeAtomicOnGlobalMemIiEvPT_i,H100,GPT 5.4,True,0.021469
atomicPerf-cuda,_Z26WarpRangeAtomicOnGlobalMemIiEvPT_i,H100,GPT OSS,True,0.000630409
atomicPerf-cuda,_Z26WarpRangeAtomicOnGlobalMemIiEvPT_i,H100,Opus 4.6,False,0.06186
atomicPerf-cuda,_Z26WarpRangeAtomicOnGlobalMemIiEvPT_i,H100,Opus 4.6,True,0.075375
atomicPerf-cuda,_Z26WarpRangeAtomicOnSharedMemIdEvPT_i,3080,GPT 5.4,False,0.018568
atomicPerf-cuda,_Z26WarpRangeAtomicOnSharedMemIdEvPT_i,3080,GPT 5.4,True,0.0210965
atomicPerf-cuda,_Z26WarpRangeAtomicOnSharedMemIdEvPT_i,3080,GPT OSS,True,0.0019512
atomicPerf-cuda,_Z26WarpRangeAtomicOnSharedMemIdEvPT_i,3080,Opus 4.6,False,0.06307
atomicPerf-cuda,_Z26WarpRangeAtomicOnSharedMemIdEvPT_i,3080,Opus 4.6,True,0.07649
atomicPerf-cuda,_Z26WarpRangeAtomicOnSharedMemIdEvPT_i,A10,GPT 5.4,False,0.018243
atomicPerf-cuda,_Z26WarpRangeAtomicOnSharedMemIdEvPT_i,A10,GPT 5.4,True,0.0212815
atomicPerf-cuda,_Z26WarpRangeAtomicOnSharedMemIdEvPT_i,A10,GPT OSS,False,0.000490485
atomicPerf-cuda,_Z26WarpRangeAtomicOnSharedMemIdEvPT_i,A10,GPT OSS,True,0.000499128
atomicPerf-cuda,_Z26WarpRangeAtomicOnSharedMemIdEvPT_i,A10,Opus 4.6,False,0.063415
atomicPerf-cuda,_Z26WarpRangeAtomicOnSharedMemIdEvPT_i,A10,Opus 4.6,True,0.07846
atomicPerf-cuda,_Z26WarpRangeAtomicOnSharedMemIdEvPT_i,A100,GPT 5.4,False,0.0182955
atomicPerf-cuda,_Z26WarpRangeAtomicOnSharedMemIdEvPT_i,A100,GPT 5.4,True,0.0224665
atomicPerf-cuda,_Z26WarpRangeAtomicOnSharedMemIdEvPT_i,A100,GPT OSS,False,0.0016125
atomicPerf-cuda,_Z26WarpRangeAtomicOnSharedMemIdEvPT_i,A100,GPT OSS,True,0.00246968
atomicPerf-cuda,_Z26WarpRangeAtomicOnSharedMemIdEvPT_i,A100,Opus 4.6,False,0.06278
atomicPerf-cuda,_Z26WarpRangeAtomicOnSharedMemIdEvPT_i,A100,Opus 4.6,True,0.07944
atomicPerf-cuda,_Z26WarpRangeAtomicOnSharedMemIdEvPT_i,H100,GPT 5.4,False,0.018293
atomicPerf-cuda,_Z26WarpRangeAtomicOnSharedMemIdEvPT_i,H100,GPT 5.4,True,0.021874
atomicPerf-cuda,_Z26WarpRangeAtomicOnSharedMemIdEvPT_i,H100,GPT OSS,True,0.000566585
atomicPerf-cuda,_Z26WarpRangeAtomicOnSharedMemIdEvPT_i,H100,Opus 4.6,False,0.06213
atomicPerf-cuda,_Z26WarpRangeAtomicOnSharedMemIdEvPT_i,H100,Opus 4.6,True,0.07983
atomicPerf-cuda,_Z27BlockRangeAtomicOnGlobalMemIdEvPT_i,3080,GPT 5.4,False,0.018253
atomicPerf-cuda,_Z27BlockRangeAtomicOnGlobalMemIdEvPT_i,3080,GPT 5.4,True,0.0202565
atomicPerf-cuda,_Z27BlockRangeAtomicOnGlobalMemIdEvPT_i,3080,GPT OSS,False,0.000553721
atomicPerf-cuda,_Z27BlockRangeAtomicOnGlobalMemIdEvPT_i,3080,GPT OSS,True,0.0020916
atomicPerf-cuda,_Z27BlockRangeAtomicOnGlobalMemIdEvPT_i,3080,Opus 4.6,False,0.063035
atomicPerf-cuda,_Z27BlockRangeAtomicOnGlobalMemIdEvPT_i,3080,Opus 4.6,True,0.073425
atomicPerf-cuda,_Z27BlockRangeAtomicOnGlobalMemIdEvPT_i,A10,GPT 5.4,False,0.017988
atomicPerf-cuda,_Z27BlockRangeAtomicOnGlobalMemIdEvPT_i,A10,GPT 5.4,True,0.0195865
atomicPerf-cuda,_Z27BlockRangeAtomicOnGlobalMemIdEvPT_i,A10,GPT OSS,False,0.000510435
atomicPerf-cuda,_Z27BlockRangeAtomicOnGlobalMemIdEvPT_i,A10,Opus 4.6,False,0.067005
atomicPerf-cuda,_Z27BlockRangeAtomicOnGlobalMemIdEvPT_i,A10,Opus 4.6,True,0.07022
atomicPerf-cuda,_Z27BlockRangeAtomicOnGlobalMemIdEvPT_i,A100,GPT 5.4,False,0.0184455
atomicPerf-cuda,_Z27BlockRangeAtomicOnGlobalMemIdEvPT_i,A100,GPT 5.4,True,0.0210265
atomicPerf-cuda,_Z27BlockRangeAtomicOnGlobalMemIdEvPT_i,A100,GPT OSS,False,0.000509602
atomicPerf-cuda,_Z27BlockRangeAtomicOnGlobalMemIdEvPT_i,A100,GPT OSS,True,0.00267951
atomicPerf-cuda,_Z27BlockRangeAtomicOnGlobalMemIdEvPT_i,A100,Opus 4.6,False,0.066795
atomicPerf-cuda,_Z27BlockRangeAtomicOnGlobalMemIdEvPT_i,A100,Opus 4.6,True,0.075095
atomicPerf-cuda,_Z27BlockRangeAtomicOnGlobalMemIdEvPT_i,H100,GPT 5.4,False,0.017405
atomicPerf-cuda,_Z27BlockRangeAtomicOnGlobalMemIdEvPT_i,H100,GPT 5.4,True,0.020834
atomicPerf-cuda,_Z27BlockRangeAtomicOnGlobalMemIdEvPT_i,H100,GPT OSS,False,0.00265992
atomicPerf-cuda,_Z27BlockRangeAtomicOnGlobalMemIdEvPT_i,H100,GPT OSS,True,0.00252608
atomicPerf-cuda,_Z27BlockRangeAtomicOnGlobalMemIdEvPT_i,H100,Opus 4.6,False,0.06472
atomicPerf-cuda,_Z27BlockRangeAtomicOnGlobalMemIdEvPT_i,H100,Opus 4.6,True,0.07287
atomicPerf-cuda,_Z27BlockRangeAtomicOnGlobalMemIiEvPT_i,3080,GPT 5.4,False,0.016645
atomicPerf-cuda,_Z27BlockRangeAtomicOnGlobalMemIiEvPT_i,3080,GPT 5.4,True,0.019759
atomicPerf-cuda,_Z27BlockRangeAtomicOnGlobalMemIiEvPT_i,3080,GPT OSS,False,0.000594191
atomicPerf-cuda,_Z27BlockRangeAtomicOnGlobalMemIiEvPT_i,3080,GPT OSS,True,0.000588037
atomicPerf-cuda,_Z27BlockRangeAtomicOnGlobalMemIiEvPT_i,3080,Opus 4.6,False,0.06314
atomicPerf-cuda,_Z27BlockRangeAtomicOnGlobalMemIiEvPT_i,3080,Opus 4.6,True,0.07262
atomicPerf-cuda,_Z27BlockRangeAtomicOnGlobalMemIiEvPT_i,A10,GPT 5.4,False,0.01812
atomicPerf-cuda,_Z27BlockRangeAtomicOnGlobalMemIiEvPT_i,A10,GPT 5.4,True,0.019494
atomicPerf-cuda,_Z27BlockRangeAtomicOnGlobalMemIiEvPT_i,A10,GPT OSS,True,0.000555201
atomicPerf-cuda,_Z27BlockRangeAtomicOnGlobalMemIiEvPT_i,A10,Opus 4.6,False,0.06471
atomicPerf-cuda,_Z27BlockRangeAtomicOnGlobalMemIiEvPT_i,A10,Opus 4.6,True,0.069665
atomicPerf-cuda,_Z27BlockRangeAtomicOnGlobalMemIiEvPT_i,A100,GPT 5.4,False,0.0175155
atomicPerf-cuda,_Z27BlockRangeAtomicOnGlobalMemIiEvPT_i,A100,GPT 5.4,True,0.020709
atomicPerf-cuda,_Z27BlockRangeAtomicOnGlobalMemIiEvPT_i,A100,GPT OSS,False,0.000575722
atomicPerf-cuda,_Z27BlockRangeAtomicOnGlobalMemIiEvPT_i,A100,GPT OSS,True,0.000661587
atomicPerf-cuda,_Z27BlockRangeAtomicOnGlobalMemIiEvPT_i,A100,Opus 4.6,False,0.065225
atomicPerf-cuda,_Z27BlockRangeAtomicOnGlobalMemIiEvPT_i,A100,Opus 4.6,True,0.076795
atomicPerf-cuda,_Z27BlockRangeAtomicOnGlobalMemIiEvPT_i,H100,GPT 5.4,False,0.018188
atomicPerf-cuda,_Z27BlockRangeAtomicOnGlobalMemIiEvPT_i,H100,GPT 5.4,True,0.0206015
atomicPerf-cuda,_Z27BlockRangeAtomicOnGlobalMemIiEvPT_i,H100,GPT OSS,False,0.000519253
atomicPerf-cuda,_Z27BlockRangeAtomicOnGlobalMemIiEvPT_i,H100,GPT OSS,True,0.000627772
atomicPerf-cuda,_Z27BlockRangeAtomicOnGlobalMemIiEvPT_i,H100,Opus 4.6,False,0.06375
atomicPerf-cuda,_Z27BlockRangeAtomicOnGlobalMemIiEvPT_i,H100,Opus 4.6,True,0.081065
atomicPerf-cuda,_Z27BlockRangeAtomicOnSharedMemIdEvPT_i,3080,GPT 5.4,False,0.017623
atomicPerf-cuda,_Z27BlockRangeAtomicOnSharedMemIdEvPT_i,3080,GPT 5.4,True,0.0205015
atomicPerf-cuda,_Z27BlockRangeAtomicOnSharedMemIdEvPT_i,3080,GPT OSS,False,0.0019439
atomicPerf-cuda,_Z27BlockRangeAtomicOnSharedMemIdEvPT_i,3080,GPT OSS,True,0.00053711
atomicPerf-cuda,_Z27BlockRangeAtomicOnSharedMemIdEvPT_i,3080,Opus 4.6,False,0.064635
atomicPerf-cuda,_Z27BlockRangeAtomicOnSharedMemIdEvPT_i,3080,Opus 4.6,True,0.080385
atomicPerf-cuda,_Z27BlockRangeAtomicOnSharedMemIdEvPT_i,A10,GPT 5.4,False,0.018048
atomicPerf-cuda,_Z27BlockRangeAtomicOnSharedMemIdEvPT_i,A10,GPT 5.4,True,0.0202665
atomicPerf-cuda,_Z27BlockRangeAtomicOnSharedMemIdEvPT_i,A10,GPT OSS,False,0.00169725
atomicPerf-cuda,_Z27BlockRangeAtomicOnSharedMemIdEvPT_i,A10,GPT OSS,True,0.000531254
atomicPerf-cuda,_Z27BlockRangeAtomicOnSharedMemIdEvPT_i,A10,Opus 4.6,False,0.062105
atomicPerf-cuda,_Z27BlockRangeAtomicOnSharedMemIdEvPT_i,A10,Opus 4.6,True,0.072205
atomicPerf-cuda,_Z27BlockRangeAtomicOnSharedMemIdEvPT_i,A100,GPT 5.4,False,0.0187605
atomicPerf-cuda,_Z27BlockRangeAtomicOnSharedMemIdEvPT_i,A100,GPT 5.4,True,0.0215115
atomicPerf-cuda,_Z27BlockRangeAtomicOnSharedMemIdEvPT_i,A100,GPT OSS,False,0.00194946
atomicPerf-cuda,_Z27BlockRangeAtomicOnSharedMemIdEvPT_i,A100,Opus 4.6,False,0.06322
atomicPerf-cuda,_Z27BlockRangeAtomicOnSharedMemIdEvPT_i,A100,Opus 4.6,True,0.07876
atomicPerf-cuda,_Z27BlockRangeAtomicOnSharedMemIdEvPT_i,H100,GPT 5.4,False,0.018113
atomicPerf-cuda,_Z27BlockRangeAtomicOnSharedMemIdEvPT_i,H100,GPT 5.4,True,0.0216415
atomicPerf-cuda,_Z27BlockRangeAtomicOnSharedMemIdEvPT_i,H100,GPT OSS,False,0.00176535
atomicPerf-cuda,_Z27BlockRangeAtomicOnSharedMemIdEvPT_i,H100,GPT OSS,True,0.00232023
atomicPerf-cuda,_Z27BlockRangeAtomicOnSharedMemIdEvPT_i,H100,Opus 4.6,False,0.061495
atomicPerf-cuda,_Z27BlockRangeAtomicOnSharedMemIdEvPT_i,H100,Opus 4.6,True,0.079095
atomicPerf-cuda,_Z27BlockRangeAtomicOnSharedMemIiEvPT_i,3080,GPT 5.4,False,0.017233
atomicPerf-cuda,_Z27BlockRangeAtomicOnSharedMemIiEvPT_i,3080,GPT 5.4,True,0.0200565
atomicPerf-cuda,_Z27BlockRangeAtomicOnSharedMemIiEvPT_i,3080,GPT OSS,False,0.000482471
atomicPerf-cuda,_Z27BlockRangeAtomicOnSharedMemIiEvPT_i,3080,GPT OSS,True,0.00050785
atomicPerf-cuda,_Z27BlockRangeAtomicOnSharedMemIiEvPT_i,3080,Opus 4.6,False,0.06254
atomicPerf-cuda,_Z27BlockRangeAtomicOnSharedMemIiEvPT_i,3080,Opus 4.6,True,0.070725
atomicPerf-cuda,_Z27BlockRangeAtomicOnSharedMemIiEvPT_i,A10,GPT 5.4,False,0.017463
atomicPerf-cuda,_Z27BlockRangeAtomicOnSharedMemIiEvPT_i,A10,GPT 5.4,True,0.0204365
atomicPerf-cuda,_Z27BlockRangeAtomicOnSharedMemIiEvPT_i,A10,GPT OSS,False,0.000429115
atomicPerf-cuda,_Z27BlockRangeAtomicOnSharedMemIiEvPT_i,A10,Opus 4.6,False,0.06656
atomicPerf-cuda,_Z27BlockRangeAtomicOnSharedMemIiEvPT_i,A10,Opus 4.6,True,0.070695
atomicPerf-cuda,_Z27BlockRangeAtomicOnSharedMemIiEvPT_i,A100,GPT 5.4,False,0.0173655
atomicPerf-cuda,_Z27BlockRangeAtomicOnSharedMemIiEvPT_i,A100,GPT 5.4,True,0.0213515
atomicPerf-cuda,_Z27BlockRangeAtomicOnSharedMemIiEvPT_i,A100,Opus 4.6,False,0.0623
atomicPerf-cuda,_Z27BlockRangeAtomicOnSharedMemIiEvPT_i,A100,Opus 4.6,True,0.072525
atomicPerf-cuda,_Z27BlockRangeAtomicOnSharedMemIiEvPT_i,H100,GPT 5.4,False,0.016865
atomicPerf-cuda,_Z27BlockRangeAtomicOnSharedMemIiEvPT_i,H100,GPT 5.4,True,0.0206515
atomicPerf-cuda,_Z27BlockRangeAtomicOnSharedMemIiEvPT_i,H100,GPT OSS,False,0.000513363
atomicPerf-cuda,_Z27BlockRangeAtomicOnSharedMemIiEvPT_i,H100,GPT OSS,True,0.000490416
atomicPerf-cuda,_Z27BlockRangeAtomicOnSharedMemIiEvPT_i,H100,Opus 4.6,False,0.06465
atomicPerf-cuda,_Z27BlockRangeAtomicOnSharedMemIiEvPT_i,H100,Opus 4.6,True,0.07327
atomicPerf-cuda,_Z28SingleRangeAtomicOnGlobalMemIdEvPT_ii,3080,GPT 5.4,False,0.0186955
atomicPerf-cuda,_Z28SingleRangeAtomicOnGlobalMemIdEvPT_ii,3080,GPT 5.4,True,0.019639
atomicPerf-cuda,_Z28SingleRangeAtomicOnGlobalMemIdEvPT_ii,3080,GPT OSS,False,0.00223502
atomicPerf-cuda,_Z28SingleRangeAtomicOnGlobalMemIdEvPT_ii,3080,GPT OSS,True,0.00194685
atomicPerf-cuda,_Z28SingleRangeAtomicOnGlobalMemIdEvPT_ii,3080,Opus 4.6,False,0.064545
atomicPerf-cuda,_Z28SingleRangeAtomicOnGlobalMemIdEvPT_ii,3080,Opus 4.6,True,0.06888
atomicPerf-cuda,_Z28SingleRangeAtomicOnGlobalMemIdEvPT_ii,A10,GPT 5.4,False,0.0188655
atomicPerf-cuda,_Z28SingleRangeAtomicOnGlobalMemIdEvPT_ii,A10,GPT 5.4,True,0.019539
atomicPerf-cuda,_Z28SingleRangeAtomicOnGlobalMemIdEvPT_ii,A10,GPT OSS,False,0.00241211
atomicPerf-cuda,_Z28SingleRangeAtomicOnGlobalMemIdEvPT_ii,A10,GPT OSS,True,0.00192645
atomicPerf-cuda,_Z28SingleRangeAtomicOnGlobalMemIdEvPT_ii,A10,Opus 4.6,False,0.06514
atomicPerf-cuda,_Z28SingleRangeAtomicOnGlobalMemIdEvPT_ii,A10,Opus 4.6,True,0.071325
atomicPerf-cuda,_Z28SingleRangeAtomicOnGlobalMemIdEvPT_ii,A100,GPT 5.4,False,0.018423
atomicPerf-cuda,_Z28SingleRangeAtomicOnGlobalMemIdEvPT_ii,A100,GPT 5.4,True,0.022029
atomicPerf-cuda,_Z28SingleRangeAtomicOnGlobalMemIdEvPT_ii,A100,GPT OSS,False,0.00219023
atomicPerf-cuda,_Z28SingleRangeAtomicOnGlobalMemIdEvPT_ii,A100,GPT OSS,True,0.000598947
atomicPerf-cuda,_Z28SingleRangeAtomicOnGlobalMemIdEvPT_ii,A100,Opus 4.6,False,0.06358
atomicPerf-cuda,_Z28SingleRangeAtomicOnGlobalMemIdEvPT_ii,A100,Opus 4.6,True,0.07363
atomicPerf-cuda,_Z28SingleRangeAtomicOnGlobalMemIdEvPT_ii,H100,GPT 5.4,False,0.0190805
atomicPerf-cuda,_Z28SingleRangeAtomicOnGlobalMemIdEvPT_ii,H100,GPT 5.4,True,0.0206865
atomicPerf-cuda,_Z28SingleRangeAtomicOnGlobalMemIdEvPT_ii,H100,GPT OSS,False,0.00221194
atomicPerf-cuda,_Z28SingleRangeAtomicOnGlobalMemIdEvPT_ii,H100,GPT OSS,True,0.000553434
atomicPerf-cuda,_Z28SingleRangeAtomicOnGlobalMemIdEvPT_ii,H100,Opus 4.6,False,0.061805
atomicPerf-cuda,_Z28SingleRangeAtomicOnGlobalMemIdEvPT_ii,H100,Opus 4.6,True,0.07141
atomicPerf-cuda,_Z28SingleRangeAtomicOnGlobalMemIiEvPT_ii,3080,GPT 5.4,False,0.0174025
atomicPerf-cuda,_Z28SingleRangeAtomicOnGlobalMemIiEvPT_ii,3080,GPT 5.4,True,0.0198615
atomicPerf-cuda,_Z28SingleRangeAtomicOnGlobalMemIiEvPT_ii,3080,GPT OSS,False,0.000504628
atomicPerf-cuda,_Z28SingleRangeAtomicOnGlobalMemIiEvPT_ii,3080,Opus 4.6,False,0.062675
atomicPerf-cuda,_Z28SingleRangeAtomicOnGlobalMemIiEvPT_ii,3080,Opus 4.6,True,0.067615
atomicPerf-cuda,_Z28SingleRangeAtomicOnGlobalMemIiEvPT_ii,A10,GPT 5.4,False,0.0190305
atomicPerf-cuda,_Z28SingleRangeAtomicOnGlobalMemIiEvPT_ii,A10,GPT 5.4,True,0.0199265
atomicPerf-cuda,_Z28SingleRangeAtomicOnGlobalMemIiEvPT_ii,A10,GPT OSS,False,0.000487942
atomicPerf-cuda,_Z28SingleRangeAtomicOnGlobalMemIiEvPT_ii,A10,GPT OSS,True,0.0018069
atomicPerf-cuda,_Z28SingleRangeAtomicOnGlobalMemIiEvPT_ii,A10,Opus 4.6,False,0.06367
atomicPerf-cuda,_Z28SingleRangeAtomicOnGlobalMemIiEvPT_ii,A10,Opus 4.6,True,0.072685
atomicPerf-cuda,_Z28SingleRangeAtomicOnGlobalMemIiEvPT_ii,A100,GPT 5.4,False,0.01704
atomicPerf-cuda,_Z28SingleRangeAtomicOnGlobalMemIiEvPT_ii,A100,GPT 5.4,True,0.0215615
atomicPerf-cuda,_Z28SingleRangeAtomicOnGlobalMemIiEvPT_ii,A100,GPT OSS,False,0.000506869
atomicPerf-cuda,_Z28SingleRangeAtomicOnGlobalMemIiEvPT_ii,A100,GPT OSS,True,0.000593676
atomicPerf-cuda,_Z28SingleRangeAtomicOnGlobalMemIiEvPT_ii,A100,Opus 4.6,False,0.06301
atomicPerf-cuda,_Z28SingleRangeAtomicOnGlobalMemIiEvPT_ii,A100,Opus 4.6,True,0.071365
atomicPerf-cuda,_Z28SingleRangeAtomicOnGlobalMemIiEvPT_ii,H100,GPT 5.4,False,0.0178205
atomicPerf-cuda,_Z28SingleRangeAtomicOnGlobalMemIiEvPT_ii,H100,GPT 5.4,True,0.0202215
atomicPerf-cuda,_Z28SingleRangeAtomicOnGlobalMemIiEvPT_ii,H100,GPT OSS,False,0.00245039
atomicPerf-cuda,_Z28SingleRangeAtomicOnGlobalMemIiEvPT_ii,H100,GPT OSS,True,0.000557368
atomicPerf-cuda,_Z28SingleRangeAtomicOnGlobalMemIiEvPT_ii,H100,Opus 4.6,False,0.06131
atomicPerf-cuda,_Z28SingleRangeAtomicOnGlobalMemIiEvPT_ii,H100,Opus 4.6,True,0.07218
atomicPerf-cuda,_Z28SingleRangeAtomicOnSharedMemIdEvPT_ii,3080,GPT 5.4,False,0.0176455
atomicPerf-cuda,_Z28SingleRangeAtomicOnSharedMemIdEvPT_ii,3080,GPT 5.4,True,0.0217915
atomicPerf-cuda,_Z28SingleRangeAtomicOnSharedMemIdEvPT_ii,3080,GPT OSS,False,0.000512798
atomicPerf-cuda,_Z28SingleRangeAtomicOnSharedMemIdEvPT_ii,3080,GPT OSS,True,0.000625724
atomicPerf-cuda,_Z28SingleRangeAtomicOnSharedMemIdEvPT_ii,3080,Opus 4.6,False,0.06292
atomicPerf-cuda,_Z28SingleRangeAtomicOnSharedMemIdEvPT_ii,3080,Opus 4.6,True,0.079235
atomicPerf-cuda,_Z28SingleRangeAtomicOnSharedMemIdEvPT_ii,A10,GPT 5.4,False,0.0185805
atomicPerf-cuda,_Z28SingleRangeAtomicOnSharedMemIdEvPT_ii,A10,GPT 5.4,True,0.0212415
atomicPerf-cuda,_Z28SingleRangeAtomicOnSharedMemIdEvPT_ii,A10,GPT OSS,False,0.000482622
atomicPerf-cuda,_Z28SingleRangeAtomicOnSharedMemIdEvPT_ii,A10,GPT OSS,True,0.000533418
atomicPerf-cuda,_Z28SingleRangeAtomicOnSharedMemIdEvPT_ii,A10,Opus 4.6,False,0.06239
atomicPerf-cuda,_Z28SingleRangeAtomicOnSharedMemIdEvPT_ii,A10,Opus 4.6,True,0.071455
atomicPerf-cuda,_Z28SingleRangeAtomicOnSharedMemIdEvPT_ii,A100,GPT 5.4,False,0.018198
atomicPerf-cuda,_Z28SingleRangeAtomicOnSharedMemIdEvPT_ii,A100,GPT 5.4,True,0.022704
atomicPerf-cuda,_Z28SingleRangeAtomicOnSharedMemIdEvPT_ii,A100,GPT OSS,False,0.000517509
atomicPerf-cuda,_Z28SingleRangeAtomicOnSharedMemIdEvPT_ii,A100,GPT OSS,True,0.000573055
atomicPerf-cuda,_Z28SingleRangeAtomicOnSharedMemIdEvPT_ii,A100,Opus 4.6,False,0.062805
atomicPerf-cuda,_Z28SingleRangeAtomicOnSharedMemIdEvPT_ii,A100,Opus 4.6,True,0.084545
atomicPerf-cuda,_Z28SingleRangeAtomicOnSharedMemIdEvPT_ii,H100,GPT 5.4,False,0.0189005
atomicPerf-cuda,_Z28SingleRangeAtomicOnSharedMemIdEvPT_ii,H100,GPT 5.4,True,0.022774
atomicPerf-cuda,_Z28SingleRangeAtomicOnSharedMemIdEvPT_ii,H100,GPT OSS,False,0.00045952
atomicPerf-cuda,_Z28SingleRangeAtomicOnSharedMemIdEvPT_ii,H100,GPT OSS,True,0.000609639
atomicPerf-cuda,_Z28SingleRangeAtomicOnSharedMemIdEvPT_ii,H100,Opus 4.6,False,0.06178
atomicPerf-cuda,_Z28SingleRangeAtomicOnSharedMemIdEvPT_ii,H100,Opus 4.6,True,0.080005
atomicPerf-omp,_Z26WarpRangeAtomicOnGlobalMemIdEvPT_i_l23,3080,GPT 5.4,False,0.018598
atomicPerf-omp,_Z26WarpRangeAtomicOnGlobalMemIdEvPT_i_l23,3080,GPT 5.4,True,0.030509
atomicPerf-omp,_Z26WarpRangeAtomicOnGlobalMemIdEvPT_i_l23,3080,GPT OSS,False,0.0025845
atomicPerf-omp,_Z26WarpRangeAtomicOnGlobalMemIdEvPT_i_l23,3080,Opus 4.6,False,0.06523
atomicPerf-omp,_Z26WarpRangeAtomicOnGlobalMemIdEvPT_i_l23,3080,Opus 4.6,True,0.10474
atomicPerf-omp,_Z26WarpRangeAtomicOnGlobalMemIdEvPT_i_l23,A10,GPT 5.4,False,0.018688
atomicPerf-omp,_Z26WarpRangeAtomicOnGlobalMemIdEvPT_i_l23,A10,GPT 5.4,True,0.030014
atomicPerf-omp,_Z26WarpRangeAtomicOnGlobalMemIdEvPT_i_l23,A10,GPT OSS,False,0.00267201
atomicPerf-omp,_Z26WarpRangeAtomicOnGlobalMemIdEvPT_i_l23,A10,GPT OSS,True,0.000733919
atomicPerf-omp,_Z26WarpRangeAtomicOnGlobalMemIdEvPT_i_l23,A10,Opus 4.6,False,0.066905
atomicPerf-omp,_Z26WarpRangeAtomicOnGlobalMemIdEvPT_i_l23,A10,Opus 4.6,True,0.10249
atomicPerf-omp,_Z26WarpRangeAtomicOnGlobalMemIdEvPT_i_l23,A100,GPT 5.4,False,0.0184855
atomicPerf-omp,_Z26WarpRangeAtomicOnGlobalMemIdEvPT_i_l23,A100,GPT 5.4,True,0.0323015
atomicPerf-omp,_Z26WarpRangeAtomicOnGlobalMemIdEvPT_i_l23,A100,GPT OSS,False,0.00252138
atomicPerf-omp,_Z26WarpRangeAtomicOnGlobalMemIdEvPT_i_l23,A100,Opus 4.6,False,0.06782
atomicPerf-omp,_Z26WarpRangeAtomicOnGlobalMemIdEvPT_i_l23,A100,Opus 4.6,True,0.112375
atomicPerf-omp,_Z26WarpRangeAtomicOnGlobalMemIdEvPT_i_l23,H100,GPT 5.4,False,0.019203
atomicPerf-omp,_Z26WarpRangeAtomicOnGlobalMemIdEvPT_i_l23,H100,GPT 5.4,True,0.034714
atomicPerf-omp,_Z26WarpRangeAtomicOnGlobalMemIdEvPT_i_l23,H100,GPT OSS,False,0.00182265
atomicPerf-omp,_Z26WarpRangeAtomicOnGlobalMemIdEvPT_i_l23,H100,GPT OSS,True,0.000749951
atomicPerf-omp,_Z26WarpRangeAtomicOnGlobalMemIdEvPT_i_l23,H100,Opus 4.6,False,0.066145
atomicPerf-omp,_Z26WarpRangeAtomicOnGlobalMemIdEvPT_i_l23,H100,Opus 4.6,True,0.11935
atomicPerf-omp,_Z26WarpRangeAtomicOnGlobalMemIiEvPT_i_l23,3080,GPT 5.4,False,0.017593
atomicPerf-omp,_Z26WarpRangeAtomicOnGlobalMemIiEvPT_i_l23,3080,GPT 5.4,True,0.029594
atomicPerf-omp,_Z26WarpRangeAtomicOnGlobalMemIiEvPT_i_l23,3080,GPT OSS,False,0.0021513
atomicPerf-omp,_Z26WarpRangeAtomicOnGlobalMemIiEvPT_i_l23,3080,GPT OSS,True,0.000714801
atomicPerf-omp,_Z26WarpRangeAtomicOnGlobalMemIiEvPT_i_l23,3080,Opus 4.6,False,0.06401
atomicPerf-omp,_Z26WarpRangeAtomicOnGlobalMemIiEvPT_i_l23,3080,Opus 4.6,True,0.100505
atomicPerf-omp,_Z26WarpRangeAtomicOnGlobalMemIiEvPT_i_l23,A10,GPT 5.4,False,0.017875
atomicPerf-omp,_Z26WarpRangeAtomicOnGlobalMemIiEvPT_i_l23,A10,GPT 5.4,True,0.030629
atomicPerf-omp,_Z26WarpRangeAtomicOnGlobalMemIiEvPT_i_l23,A10,GPT OSS,False,0.00250671
atomicPerf-omp,_Z26WarpRangeAtomicOnGlobalMemIiEvPT_i_l23,A10,GPT OSS,True,0.00257055
atomicPerf-omp,_Z26WarpRangeAtomicOnGlobalMemIiEvPT_i_l23,A10,Opus 4.6,False,0.069035
atomicPerf-omp,_Z26WarpRangeAtomicOnGlobalMemIiEvPT_i_l23,A10,Opus 4.6,True,0.102655
atomicPerf-omp,_Z26WarpRangeAtomicOnGlobalMemIiEvPT_i_l23,A100,GPT 5.4,False,0.0184705
atomicPerf-omp,_Z26WarpRangeAtomicOnGlobalMemIiEvPT_i_l23,A100,GPT 5.4,True,0.033224
atomicPerf-omp,_Z26WarpRangeAtomicOnGlobalMemIiEvPT_i_l23,A100,GPT OSS,False,0.000520234
atomicPerf-omp,_Z26WarpRangeAtomicOnGlobalMemIiEvPT_i_l23,A100,GPT OSS,True,0.000750347
atomicPerf-omp,_Z26WarpRangeAtomicOnGlobalMemIiEvPT_i_l23,A100,Opus 4.6,False,0.062525
atomicPerf-omp,_Z26WarpRangeAtomicOnGlobalMemIiEvPT_i_l23,A100,Opus 4.6,True,0.120515
atomicPerf-omp,_Z26WarpRangeAtomicOnGlobalMemIiEvPT_i_l23,H100,GPT 5.4,False,0.018558
atomicPerf-omp,_Z26WarpRangeAtomicOnGlobalMemIiEvPT_i_l23,H100,GPT 5.4,True,0.0341065
atomicPerf-omp,_Z26WarpRangeAtomicOnGlobalMemIiEvPT_i_l23,H100,GPT OSS,False,0.000545845
atomicPerf-omp,_Z26WarpRangeAtomicOnGlobalMemIiEvPT_i_l23,H100,GPT OSS,True,0.000910778
atomicPerf-omp,_Z26WarpRangeAtomicOnGlobalMemIiEvPT_i_l23,H100,Opus 4.6,False,0.069675
atomicPerf-omp,_Z26WarpRangeAtomicOnGlobalMemIiEvPT_i_l23,H100,Opus 4.6,True,0.11859
atomicPerf-omp,_Z26WarpRangeAtomicOnSharedMemIdEvPT_i_l66,3080,GPT 5.4,False,0.01867
atomicPerf-omp,_Z26WarpRangeAtomicOnSharedMemIdEvPT_i_l66,3080,GPT 5.4,True,0.034884
atomicPerf-omp,_Z26WarpRangeAtomicOnSharedMemIdEvPT_i_l66,3080,GPT OSS,False,0.0024306
atomicPerf-omp,_Z26WarpRangeAtomicOnSharedMemIdEvPT_i_l66,3080,GPT OSS,True,0.000809915
atomicPerf-omp,_Z26WarpRangeAtomicOnSharedMemIdEvPT_i_l66,3080,Opus 4.6,False,0.06308
atomicPerf-omp,_Z26WarpRangeAtomicOnSharedMemIdEvPT_i_l66,3080,Opus 4.6,True,0.116075
atomicPerf-omp,_Z26WarpRangeAtomicOnSharedMemIdEvPT_i_l66,A10,GPT 5.4,False,0.019618
atomicPerf-omp,_Z26WarpRangeAtomicOnSharedMemIdEvPT_i_l66,A10,GPT 5.4,True,0.035319
atomicPerf-omp,_Z26WarpRangeAtomicOnSharedMemIdEvPT_i_l66,A10,GPT OSS,False,0.000622907
atomicPerf-omp,_Z26WarpRangeAtomicOnSharedMemIdEvPT_i_l66,A10,GPT OSS,True,0.000795621
atomicPerf-omp,_Z26WarpRangeAtomicOnSharedMemIdEvPT_i_l66,A10,Opus 4.6,False,0.065955
atomicPerf-omp,_Z26WarpRangeAtomicOnSharedMemIdEvPT_i_l66,A10,Opus 4.6,True,0.119025
atomicPerf-omp,_Z26WarpRangeAtomicOnSharedMemIdEvPT_i_l66,A100,GPT 5.4,False,0.0191305
atomicPerf-omp,_Z26WarpRangeAtomicOnSharedMemIdEvPT_i_l66,A100,GPT 5.4,True,0.0371615
atomicPerf-omp,_Z26WarpRangeAtomicOnSharedMemIdEvPT_i_l66,A100,GPT OSS,False,0.00248433
atomicPerf-omp,_Z26WarpRangeAtomicOnSharedMemIdEvPT_i_l66,A100,GPT OSS,True,0.000788494
atomicPerf-omp,_Z26WarpRangeAtomicOnSharedMemIdEvPT_i_l66,A100,Opus 4.6,False,0.066645
atomicPerf-omp,_Z26WarpRangeAtomicOnSharedMemIdEvPT_i_l66,A100,Opus 4.6,True,0.12975
atomicPerf-omp,_Z26WarpRangeAtomicOnSharedMemIdEvPT_i_l66,H100,GPT 5.4,False,0.019308
atomicPerf-omp,_Z26WarpRangeAtomicOnSharedMemIdEvPT_i_l66,H100,GPT 5.4,True,0.0419765
atomicPerf-omp,_Z26WarpRangeAtomicOnSharedMemIdEvPT_i_l66,H100,GPT OSS,False,0.00282904
atomicPerf-omp,_Z26WarpRangeAtomicOnSharedMemIdEvPT_i_l66,H100,GPT OSS,True,0.0032085
atomicPerf-omp,_Z26WarpRangeAtomicOnSharedMemIdEvPT_i_l66,H100,Opus 4.6,False,0.063395
atomicPerf-omp,_Z26WarpRangeAtomicOnSharedMemIdEvPT_i_l66,H100,Opus 4.6,True,0.13948
atomicPerf-omp,_Z27BlockRangeAtomicOnGlobalMemIdEvPT_i_l13,3080,GPT 5.4,False,0.018523
atomicPerf-omp,_Z27BlockRangeAtomicOnGlobalMemIdEvPT_i_l13,3080,GPT 5.4,True,0.029794
atomicPerf-omp,_Z27BlockRangeAtomicOnGlobalMemIdEvPT_i_l13,3080,GPT OSS,False,0.000532701
atomicPerf-omp,_Z27BlockRangeAtomicOnGlobalMemIdEvPT_i_l13,3080,Opus 4.6,False,0.064295
atomicPerf-omp,_Z27BlockRangeAtomicOnGlobalMemIdEvPT_i_l13,3080,Opus 4.6,True,0.09929
atomicPerf-omp,_Z27BlockRangeAtomicOnGlobalMemIdEvPT_i_l13,A10,GPT 5.4,False,0.017848
atomicPerf-omp,_Z27BlockRangeAtomicOnGlobalMemIdEvPT_i_l13,A10,GPT 5.4,True,0.029599
atomicPerf-omp,_Z27BlockRangeAtomicOnGlobalMemIdEvPT_i_l13,A10,GPT OSS,False,0.000524677
atomicPerf-omp,_Z27BlockRangeAtomicOnGlobalMemIdEvPT_i_l13,A10,GPT OSS,True,0.00266955
atomicPerf-omp,_Z27BlockRangeAtomicOnGlobalMemIdEvPT_i_l13,A10,Opus 4.6,False,0.06502
atomicPerf-omp,_Z27BlockRangeAtomicOnGlobalMemIdEvPT_i_l13,A10,Opus 4.6,True,0.10119
atomicPerf-omp,_Z27BlockRangeAtomicOnGlobalMemIdEvPT_i_l13,A100,GPT 5.4,False,0.0182455
atomicPerf-omp,_Z27BlockRangeAtomicOnGlobalMemIdEvPT_i_l13,A100,GPT 5.4,True,0.0313465
atomicPerf-omp,_Z27BlockRangeAtomicOnGlobalMemIdEvPT_i_l13,A100,GPT OSS,False,0.000595094
atomicPerf-omp,_Z27BlockRangeAtomicOnGlobalMemIdEvPT_i_l13,A100,Opus 4.6,False,0.06691
atomicPerf-omp,_Z27BlockRangeAtomicOnGlobalMemIdEvPT_i_l13,A100,Opus 4.6,True,0.13025
atomicPerf-omp,_Z27BlockRangeAtomicOnGlobalMemIdEvPT_i_l13,H100,GPT 5.4,False,0.018843
atomicPerf-omp,_Z27BlockRangeAtomicOnGlobalMemIdEvPT_i_l13,H100,GPT 5.4,True,0.033174
atomicPerf-omp,_Z27BlockRangeAtomicOnGlobalMemIdEvPT_i_l13,H100,GPT OSS,False,0.000504995
atomicPerf-omp,_Z27BlockRangeAtomicOnGlobalMemIdEvPT_i_l13,H100,GPT OSS,True,0.000778105
atomicPerf-omp,_Z27BlockRangeAtomicOnGlobalMemIdEvPT_i_l13,H100,Opus 4.6,False,0.061685
atomicPerf-omp,_Z27BlockRangeAtomicOnGlobalMemIdEvPT_i_l13,H100,Opus 4.6,True,0.13572
atomicPerf-omp,_Z27BlockRangeAtomicOnGlobalMemIiEvPT_i_l13,3080,GPT 5.4,False,0.018025
atomicPerf-omp,_Z27BlockRangeAtomicOnGlobalMemIiEvPT_i_l13,3080,GPT 5.4,True,0.030334
atomicPerf-omp,_Z27BlockRangeAtomicOnGlobalMemIiEvPT_i_l13,3080,GPT OSS,False,0.000537261
atomicPerf-omp,_Z27BlockRangeAtomicOnGlobalMemIiEvPT_i_l13,3080,GPT OSS,True,0.000684245
atomicPerf-omp,_Z27BlockRangeAtomicOnGlobalMemIiEvPT_i_l13,3080,Opus 4.6,False,0.0648
atomicPerf-omp,_Z27BlockRangeAtomicOnGlobalMemIiEvPT_i_l13,3080,Opus 4.6,True,0.09753
atomicPerf-omp,_Z27BlockRangeAtomicOnGlobalMemIiEvPT_i_l13,A10,GPT 5.4,False,0.01705
atomicPerf-omp,_Z27BlockRangeAtomicOnGlobalMemIiEvPT_i_l13,A10,GPT 5.4,True,0.029224
atomicPerf-omp,_Z27BlockRangeAtomicOnGlobalMemIiEvPT_i_l13,A10,GPT OSS,False,0.000527717
atomicPerf-omp,_Z27BlockRangeAtomicOnGlobalMemIiEvPT_i_l13,A10,GPT OSS,True,0.000701871
atomicPerf-omp,_Z27BlockRangeAtomicOnGlobalMemIiEvPT_i_l13,A10,Opus 4.6,False,0.06595
atomicPerf-omp,_Z27BlockRangeAtomicOnGlobalMemIiEvPT_i_l13,A10,Opus 4.6,True,0.09988
atomicPerf-omp,_Z27BlockRangeAtomicOnGlobalMemIiEvPT_i_l13,A100,GPT 5.4,False,0.0177805
atomicPerf-omp,_Z27BlockRangeAtomicOnGlobalMemIiEvPT_i_l13,A100,GPT 5.4,True,0.031819
atomicPerf-omp,_Z27BlockRangeAtomicOnGlobalMemIiEvPT_i_l13,A100,GPT OSS,False,0.000585784
atomicPerf-omp,_Z27BlockRangeAtomicOnGlobalMemIiEvPT_i_l13,A100,GPT OSS,True,0.000726061
atomicPerf-omp,_Z27BlockRangeAtomicOnGlobalMemIiEvPT_i_l13,A100,Opus 4.6,False,0.06584
atomicPerf-omp,_Z27BlockRangeAtomicOnGlobalMemIiEvPT_i_l13,A100,Opus 4.6,True,0.11124
atomicPerf-omp,_Z27BlockRangeAtomicOnGlobalMemIiEvPT_i_l13,H100,GPT 5.4,False,0.017613
atomicPerf-omp,_Z27BlockRangeAtomicOnGlobalMemIiEvPT_i_l13,H100,GPT 5.4,True,0.0330915
atomicPerf-omp,_Z27BlockRangeAtomicOnGlobalMemIiEvPT_i_l13,H100,GPT OSS,False,0.000502715
atomicPerf-omp,_Z27BlockRangeAtomicOnGlobalMemIiEvPT_i_l13,H100,GPT OSS,True,0.000709222
atomicPerf-omp,_Z27BlockRangeAtomicOnGlobalMemIiEvPT_i_l13,H100,Opus 4.6,False,0.06729
atomicPerf-omp,_Z27BlockRangeAtomicOnGlobalMemIiEvPT_i_l13,H100,Opus 4.6,True,0.13041
atomicPerf-omp,_Z27BlockRangeAtomicOnSharedMemIdEvPT_i_l43,3080,GPT 5.4,False,0.018838
atomicPerf-omp,_Z27BlockRangeAtomicOnSharedMemIdEvPT_i_l43,3080,GPT 5.4,True,0.0349515
atomicPerf-omp,_Z27BlockRangeAtomicOnSharedMemIdEvPT_i_l43,3080,GPT OSS,False,0.0024211
atomicPerf-omp,_Z27BlockRangeAtomicOnSharedMemIdEvPT_i_l43,3080,GPT OSS,True,0.000744364
atomicPerf-omp,_Z27BlockRangeAtomicOnSharedMemIdEvPT_i_l43,3080,Opus 4.6,False,0.068195
atomicPerf-omp,_Z27BlockRangeAtomicOnSharedMemIdEvPT_i_l43,3080,Opus 4.6,True,0.119265
atomicPerf-omp,_Z27BlockRangeAtomicOnSharedMemIdEvPT_i_l43,A10,GPT 5.4,False,0.017803
atomicPerf-omp,_Z27BlockRangeAtomicOnSharedMemIdEvPT_i_l43,A10,GPT 5.4,True,0.0358965
atomicPerf-omp,_Z27BlockRangeAtomicOnSharedMemIdEvPT_i_l43,A10,GPT OSS,False,0.000519737
atomicPerf-omp,_Z27BlockRangeAtomicOnSharedMemIdEvPT_i_l43,A10,GPT OSS,True,0.00078574
atomicPerf-omp,_Z27BlockRangeAtomicOnSharedMemIdEvPT_i_l43,A10,Opus 4.6,False,0.065645
atomicPerf-omp,_Z27BlockRangeAtomicOnSharedMemIdEvPT_i_l43,A10,Opus 4.6,True,0.11189
atomicPerf-omp,_Z27BlockRangeAtomicOnSharedMemIdEvPT_i_l43,A100,GPT 5.4,False,0.0191125
atomicPerf-omp,_Z27BlockRangeAtomicOnSharedMemIdEvPT_i_l43,A100,GPT 5.4,True,0.035744
atomicPerf-omp,_Z27BlockRangeAtomicOnSharedMemIdEvPT_i_l43,A100,GPT OSS,False,0.000510164
atomicPerf-omp,_Z27BlockRangeAtomicOnSharedMemIdEvPT_i_l43,A100,GPT OSS,True,0.000764743
atomicPerf-omp,_Z27BlockRangeAtomicOnSharedMemIdEvPT_i_l43,A100,Opus 4.6,False,0.06536
atomicPerf-omp,_Z27BlockRangeAtomicOnSharedMemIdEvPT_i_l43,A100,Opus 4.6,True,0.11729
atomicPerf-omp,_Z27BlockRangeAtomicOnSharedMemIdEvPT_i_l43,H100,GPT 5.4,False,0.019743
atomicPerf-omp,_Z27BlockRangeAtomicOnSharedMemIdEvPT_i_l43,H100,GPT 5.4,True,0.0412265
atomicPerf-omp,_Z27BlockRangeAtomicOnSharedMemIdEvPT_i_l43,H100,GPT OSS,False,0.00182685
atomicPerf-omp,_Z27BlockRangeAtomicOnSharedMemIdEvPT_i_l43,H100,GPT OSS,True,0.000821588
atomicPerf-omp,_Z27BlockRangeAtomicOnSharedMemIdEvPT_i_l43,H100,Opus 4.6,False,0.06511
atomicPerf-omp,_Z27BlockRangeAtomicOnSharedMemIdEvPT_i_l43,H100,Opus 4.6,True,0.131085
atomicPerf-omp,_Z28SingleRangeAtomicOnGlobalMemIdEvPT_ii_l33,3080,GPT 5.4,False,0.0188305
atomicPerf-omp,_Z28SingleRangeAtomicOnGlobalMemIdEvPT_ii_l33,3080,GPT 5.4,True,0.031019
atomicPerf-omp,_Z28SingleRangeAtomicOnGlobalMemIdEvPT_ii_l33,3080,GPT OSS,False,0.000534908
atomicPerf-omp,_Z28SingleRangeAtomicOnGlobalMemIdEvPT_ii_l33,3080,GPT OSS,True,0.000698771
atomicPerf-omp,_Z28SingleRangeAtomicOnGlobalMemIdEvPT_ii_l33,3080,Opus 4.6,False,0.064605
atomicPerf-omp,_Z28SingleRangeAtomicOnGlobalMemIdEvPT_ii_l33,3080,Opus 4.6,True,0.102815
atomicPerf-omp,_Z28SingleRangeAtomicOnGlobalMemIdEvPT_ii_l33,A10,GPT 5.4,False,0.0184105
atomicPerf-omp,_Z28SingleRangeAtomicOnGlobalMemIdEvPT_ii_l33,A10,GPT 5.4,True,0.033284
atomicPerf-omp,_Z28SingleRangeAtomicOnGlobalMemIdEvPT_ii_l33,A10,GPT OSS,True,0.000774917
atomicPerf-omp,_Z28SingleRangeAtomicOnGlobalMemIdEvPT_ii_l33,A10,Opus 4.6,False,0.065755
atomicPerf-omp,_Z28SingleRangeAtomicOnGlobalMemIdEvPT_ii_l33,A10,Opus 4.6,True,0.099815
atomicPerf-omp,_Z28SingleRangeAtomicOnGlobalMemIdEvPT_ii_l33,A100,GPT 5.4,False,0.019513
atomicPerf-omp,_Z28SingleRangeAtomicOnGlobalMemIdEvPT_ii_l33,A100,GPT 5.4,True,0.0326165
atomicPerf-omp,_Z28SingleRangeAtomicOnGlobalMemIdEvPT_ii_l33,A100,GPT OSS,False,0.00230045
atomicPerf-omp,_Z28SingleRangeAtomicOnGlobalMemIdEvPT_ii_l33,A100,GPT OSS,True,0.000815096
atomicPerf-omp,_Z28SingleRangeAtomicOnGlobalMemIdEvPT_ii_l33,A100,Opus 4.6,False,0.06557
atomicPerf-omp,_Z28SingleRangeAtomicOnGlobalMemIdEvPT_ii_l33,A100,Opus 4.6,True,0.117255
atomicPerf-omp,_Z28SingleRangeAtomicOnGlobalMemIdEvPT_ii_l33,H100,GPT 5.4,False,0.0190875
atomicPerf-omp,_Z28SingleRangeAtomicOnGlobalMemIdEvPT_ii_l33,H100,GPT 5.4,True,0.0343615
atomicPerf-omp,_Z28SingleRangeAtomicOnGlobalMemIdEvPT_ii_l33,H100,GPT OSS,False,0.000544442
atomicPerf-omp,_Z28SingleRangeAtomicOnGlobalMemIdEvPT_ii_l33,H100,GPT OSS,True,0.000745478
atomicPerf-omp,_Z28SingleRangeAtomicOnGlobalMemIdEvPT_ii_l33,H100,Opus 4.6,False,0.06712
atomicPerf-omp,_Z28SingleRangeAtomicOnGlobalMemIdEvPT_ii_l33,H100,Opus 4.6,True,0.120465
atomicPerf-omp,_Z28SingleRangeAtomicOnGlobalMemIiEvPT_ii_l33,3080,GPT 5.4,False,0.0196405
atomicPerf-omp,_Z28SingleRangeAtomicOnGlobalMemIiEvPT_ii_l33,3080,GPT 5.4,True,0.030534
atomicPerf-omp,_Z28SingleRangeAtomicOnGlobalMemIiEvPT_ii_l33,3080,GPT OSS,False,0.00247662
atomicPerf-omp,_Z28SingleRangeAtomicOnGlobalMemIiEvPT_ii_l33,3080,GPT OSS,True,0.00247755
atomicPerf-omp,_Z28SingleRangeAtomicOnGlobalMemIiEvPT_ii_l33,3080,Opus 4.6,False,0.062885
atomicPerf-omp,_Z28SingleRangeAtomicOnGlobalMemIiEvPT_ii_l33,3080,Opus 4.6,True,0.10401
atomicPerf-omp,_Z28SingleRangeAtomicOnGlobalMemIiEvPT_ii_l33,A10,GPT 5.4,False,0.0187855
atomicPerf-omp,_Z28SingleRangeAtomicOnGlobalMemIiEvPT_ii_l33,A10,GPT 5.4,True,0.030009
atomicPerf-omp,_Z28SingleRangeAtomicOnGlobalMemIiEvPT_ii_l33,A10,GPT OSS,False,0.00225158
atomicPerf-omp,_Z28SingleRangeAtomicOnGlobalMemIiEvPT_ii_l33,A10,Opus 4.6,False,0.06201
atomicPerf-omp,_Z28SingleRangeAtomicOnGlobalMemIiEvPT_ii_l33,A10,Opus 4.6,True,0.105435
atomicPerf-omp,_Z28SingleRangeAtomicOnGlobalMemIiEvPT_ii_l33,A100,GPT 5.4,False,0.018538
atomicPerf-omp,_Z28SingleRangeAtomicOnGlobalMemIiEvPT_ii_l33,A100,GPT 5.4,True,0.0317265
atomicPerf-omp,_Z28SingleRangeAtomicOnGlobalMemIiEvPT_ii_l33,A100,GPT OSS,False,0.00173265
atomicPerf-omp,_Z28SingleRangeAtomicOnGlobalMemIiEvPT_ii_l33,A100,GPT OSS,True,0.0025485
atomicPerf-omp,_Z28SingleRangeAtomicOnGlobalMemIiEvPT_ii_l33,A100,Opus 4.6,False,0.0619
atomicPerf-omp,_Z28SingleRangeAtomicOnGlobalMemIiEvPT_ii_l33,A100,Opus 4.6,True,0.11208
atomicPerf-omp,_Z28SingleRangeAtomicOnGlobalMemIiEvPT_ii_l33,H100,GPT 5.4,False,0.0184575
atomicPerf-omp,_Z28SingleRangeAtomicOnGlobalMemIiEvPT_ii_l33,H100,GPT 5.4,True,0.0336715
atomicPerf-omp,_Z28SingleRangeAtomicOnGlobalMemIiEvPT_ii_l33,H100,GPT OSS,False,0.00271166
atomicPerf-omp,_Z28SingleRangeAtomicOnGlobalMemIiEvPT_ii_l33,H100,GPT OSS,True,0.0028974
atomicPerf-omp,_Z28SingleRangeAtomicOnGlobalMemIiEvPT_ii_l33,H100,Opus 4.6,False,0.061575
atomicPerf-omp,_Z28SingleRangeAtomicOnGlobalMemIiEvPT_ii_l33,H100,Opus 4.6,True,0.11279
atomicPerf-omp,_Z28SingleRangeAtomicOnSharedMemIdEvPT_ii_l89,3080,GPT 5.4,False,0.0186505
atomicPerf-omp,_Z28SingleRangeAtomicOnSharedMemIdEvPT_ii_l89,3080,GPT 5.4,True,0.0357815
atomicPerf-omp,_Z28SingleRangeAtomicOnSharedMemIdEvPT_ii_l89,3080,GPT OSS,False,0.000584498
atomicPerf-omp,_Z28SingleRangeAtomicOnSharedMemIdEvPT_ii_l89,3080,GPT OSS,True,0.000735074
atomicPerf-omp,_Z28SingleRangeAtomicOnSharedMemIdEvPT_ii_l89,3080,Opus 4.6,False,0.063755
atomicPerf-omp,_Z28SingleRangeAtomicOnSharedMemIdEvPT_ii_l89,3080,Opus 4.6,True,0.12074
atomicPerf-omp,_Z28SingleRangeAtomicOnSharedMemIdEvPT_ii_l89,A10,GPT 5.4,False,0.0191605
atomicPerf-omp,_Z28SingleRangeAtomicOnSharedMemIdEvPT_ii_l89,A10,GPT 5.4,True,0.0358265
atomicPerf-omp,_Z28SingleRangeAtomicOnSharedMemIdEvPT_ii_l89,A10,GPT OSS,False,0.000503134
atomicPerf-omp,_Z28SingleRangeAtomicOnSharedMemIdEvPT_ii_l89,A10,GPT OSS,True,0.00078025
atomicPerf-omp,_Z28SingleRangeAtomicOnSharedMemIdEvPT_ii_l89,A10,Opus 4.6,False,0.067255
atomicPerf-omp,_Z28SingleRangeAtomicOnSharedMemIdEvPT_ii_l89,A10,Opus 4.6,True,0.122065
atomicPerf-omp,_Z28SingleRangeAtomicOnSharedMemIdEvPT_ii_l89,A100,GPT 5.4,False,0.019183
atomicPerf-omp,_Z28SingleRangeAtomicOnSharedMemIdEvPT_ii_l89,A100,GPT 5.4,True,0.037204
atomicPerf-omp,_Z28SingleRangeAtomicOnSharedMemIdEvPT_ii_l89,A100,GPT OSS,False,0.000507431
atomicPerf-omp,_Z28SingleRangeAtomicOnSharedMemIdEvPT_ii_l89,A100,GPT OSS,True,0.000745003
atomicPerf-omp,_Z28SingleRangeAtomicOnSharedMemIdEvPT_ii_l89,A100,Opus 4.6,False,0.06607
atomicPerf-omp,_Z28SingleRangeAtomicOnSharedMemIdEvPT_ii_l89,A100,Opus 4.6,True,0.12919
atomicPerf-omp,_Z28SingleRangeAtomicOnSharedMemIdEvPT_ii_l89,H100,GPT 5.4,False,0.0188055
atomicPerf-omp,_Z28SingleRangeAtomicOnSharedMemIdEvPT_ii_l89,H100,GPT 5.4,True,0.042199
atomicPerf-omp,_Z28SingleRangeAtomicOnSharedMemIdEvPT_ii_l89,H100,GPT OSS,False,0.000540262
atomicPerf-omp,_Z28SingleRangeAtomicOnSharedMemIdEvPT_ii_l89,H100,GPT OSS,True,0.000869167
atomicPerf-omp,_Z28SingleRangeAtomicOnSharedMemIdEvPT_ii_l89,H100,Opus 4.6,False,0.063045
atomicPerf-omp,_Z28SingleRangeAtomicOnSharedMemIdEvPT_ii_l89,H100,Opus 4.6,True,0.13188
atomicReduction-cuda,_Z16atomic_reductionPiS_i,3080,GPT 5.4,False,0.014563
atomicReduction-cuda,_Z16atomic_reductionPiS_i,3080,GPT 5.4,True,0.0179365
atomicReduction-cuda,_Z16atomic_reductionPiS_i,3080,GPT OSS,False,0.000443421
atomicReduction-cuda,_Z16atomic_reductionPiS_i,3080,GPT OSS,True,0.0017559
atomicReduction-cuda,_Z16atomic_reductionPiS_i,3080,Opus 4.6,False,0.05652
atomicReduction-cuda,_Z16atomic_reductionPiS_i,3080,Opus 4.6,True,0.06036
atomicReduction-cuda,_Z16atomic_reductionPiS_i,A10,GPT 5.4,False,0.015168
atomicReduction-cuda,_Z16atomic_reductionPiS_i,A10,GPT 5.4,True,0.0171765
atomicReduction-cuda,_Z16atomic_reductionPiS_i,A10,GPT OSS,False,0.000419515
atomicReduction-cuda,_Z16atomic_reductionPiS_i,A10,GPT OSS,True,0.00049967
atomicReduction-cuda,_Z16atomic_reductionPiS_i,A10,Opus 4.6,False,0.053565
atomicReduction-cuda,_Z16atomic_reductionPiS_i,A10,Opus 4.6,True,0.058955
atomicReduction-cuda,_Z16atomic_reductionPiS_i,A100,GPT 5.4,False,0.0141255
atomicReduction-cuda,_Z16atomic_reductionPiS_i,A100,GPT 5.4,True,0.019844
atomicReduction-cuda,_Z16atomic_reductionPiS_i,A100,GPT OSS,False,0.000437302
atomicReduction-cuda,_Z16atomic_reductionPiS_i,A100,GPT OSS,True,0.00162465
atomicReduction-cuda,_Z16atomic_reductionPiS_i,A100,Opus 4.6,False,0.054505
atomicReduction-cuda,_Z16atomic_reductionPiS_i,A100,Opus 4.6,True,0.06653
atomicReduction-cuda,_Z16atomic_reductionPiS_i,H100,GPT 5.4,False,0.015323
atomicReduction-cuda,_Z16atomic_reductionPiS_i,H100,GPT 5.4,True,0.0181265
atomicReduction-cuda,_Z16atomic_reductionPiS_i,H100,GPT OSS,False,0.000428523
atomicReduction-cuda,_Z16atomic_reductionPiS_i,H100,Opus 4.6,False,0.05533
atomicReduction-cuda,_Z16atomic_reductionPiS_i,H100,Opus 4.6,True,0.06675
atomicReduction-cuda,_Z19atomic_reduction_v2PiS_i,3080,GPT 5.4,False,0.015845
atomicReduction-cuda,_Z19atomic_reduction_v2PiS_i,3080,GPT 5.4,True,0.0191665
atomicReduction-cuda,_Z19atomic_reduction_v2PiS_i,3080,GPT OSS,True,0.000537128
atomicReduction-cuda,_Z19atomic_reduction_v2PiS_i,3080,Opus 4.6,False,0.055615
atomicReduction-cuda,_Z19atomic_reduction_v2PiS_i,3080,Opus 4.6,True,0.065155
atomicReduction-cuda,_Z19atomic_reduction_v2PiS_i,A10,GPT 5.4,False,0.017098
atomicReduction-cuda,_Z19atomic_reduction_v2PiS_i,A10,GPT 5.4,True,0.0190815
atomicReduction-cuda,_Z19atomic_reduction_v2PiS_i,A10,GPT OSS,False,0.000627721
atomicReduction-cuda,_Z19atomic_reduction_v2PiS_i,A10,GPT OSS,True,0.000570032
atomicReduction-cuda,_Z19atomic_reduction_v2PiS_i,A10,Opus 4.6,False,0.05626
atomicReduction-cuda,_Z19atomic_reduction_v2PiS_i,A10,Opus 4.6,True,0.0636
atomicReduction-cuda,_Z19atomic_reduction_v2PiS_i,A100,GPT 5.4,False,0.0161875
atomicReduction-cuda,_Z19atomic_reduction_v2PiS_i,A100,GPT 5.4,True,0.018929
atomicReduction-cuda,_Z19atomic_reduction_v2PiS_i,A100,GPT OSS,False,0.000528658
atomicReduction-cuda,_Z19atomic_reduction_v2PiS_i,A100,Opus 4.6,False,0.0543
atomicReduction-cuda,_Z19atomic_reduction_v2PiS_i,A100,Opus 4.6,True,0.066075
atomicReduction-cuda,_Z19atomic_reduction_v2PiS_i,H100,GPT 5.4,False,0.015378
atomicReduction-cuda,_Z19atomic_reduction_v2PiS_i,H100,GPT 5.4,True,0.019234
atomicReduction-cuda,_Z19atomic_reduction_v2PiS_i,H100,GPT OSS,False,0.000522159
atomicReduction-cuda,_Z19atomic_reduction_v2PiS_i,H100,GPT OSS,True,0.00278554
atomicReduction-cuda,_Z19atomic_reduction_v2PiS_i,H100,Opus 4.6,False,0.05765
atomicReduction-cuda,_Z19atomic_reduction_v2PiS_i,H100,Opus 4.6,True,0.069825
atomicReduction-cuda,_Z19atomic_reduction_v4PiS_i,3080,GPT 5.4,False,0.015233
atomicReduction-cuda,_Z19atomic_reduction_v4PiS_i,3080,GPT 5.4,True,0.019504
atomicReduction-cuda,_Z19atomic_reduction_v4PiS_i,3080,GPT OSS,False,0.000457827
atomicReduction-cuda,_Z19atomic_reduction_v4PiS_i,3080,GPT OSS,True,0.000558219
atomicReduction-cuda,_Z19atomic_reduction_v4PiS_i,3080,Opus 4.6,False,0.056865
atomicReduction-cuda,_Z19atomic_reduction_v4PiS_i,3080,Opus 4.6,True,0.065545
atomicReduction-cuda,_Z19atomic_reduction_v4PiS_i,A10,GPT 5.4,False,0.016678
atomicReduction-cuda,_Z19atomic_reduction_v4PiS_i,A10,GPT 5.4,True,0.018279
atomicReduction-cuda,_Z19atomic_reduction_v4PiS_i,A10,GPT OSS,False,0.00198595
atomicReduction-cuda,_Z19atomic_reduction_v4PiS_i,A10,GPT OSS,True,0.000516643
atomicReduction-cuda,_Z19atomic_reduction_v4PiS_i,A10,Opus 4.6,False,0.05681
atomicReduction-cuda,_Z19atomic_reduction_v4PiS_i,A10,Opus 4.6,True,0.065065
atomicReduction-cuda,_Z19atomic_reduction_v4PiS_i,A100,GPT 5.4,False,0.0158725
atomicReduction-cuda,_Z19atomic_reduction_v4PiS_i,A100,GPT 5.4,True,0.0193115
atomicReduction-cuda,_Z19atomic_reduction_v4PiS_i,A100,GPT OSS,True,0.000565756
atomicReduction-cuda,_Z19atomic_reduction_v4PiS_i,A100,Opus 4.6,False,0.0555
atomicReduction-cuda,_Z19atomic_reduction_v4PiS_i,A100,Opus 4.6,True,0.067665
atomicReduction-cuda,_Z19atomic_reduction_v4PiS_i,H100,GPT 5.4,False,0.016188
atomicReduction-cuda,_Z19atomic_reduction_v4PiS_i,H100,GPT 5.4,True,0.0187065
atomicReduction-cuda,_Z19atomic_reduction_v4PiS_i,H100,GPT OSS,False,0.000461929
atomicReduction-cuda,_Z19atomic_reduction_v4PiS_i,H100,GPT OSS,True,0.000535438
atomicReduction-cuda,_Z19atomic_reduction_v4PiS_i,H100,Opus 4.6,False,0.0573
atomicReduction-cuda,_Z19atomic_reduction_v4PiS_i,H100,Opus 4.6,True,0.064715
atomicReduction-cuda,_Z19atomic_reduction_v8PiS_i,3080,GPT 5.4,False,0.016178
atomicReduction-cuda,_Z19atomic_reduction_v8PiS_i,3080,GPT 5.4,True,0.0194215
atomicReduction-cuda,_Z19atomic_reduction_v8PiS_i,3080,GPT OSS,False,0.000507037
atomicReduction-cuda,_Z19atomic_reduction_v8PiS_i,3080,Opus 4.6,False,0.05534
atomicReduction-cuda,_Z19atomic_reduction_v8PiS_i,3080,Opus 4.6,True,0.06671
atomicReduction-cuda,_Z19atomic_reduction_v8PiS_i,A10,GPT 5.4,False,0.01567
atomicReduction-cuda,_Z19atomic_reduction_v8PiS_i,A10,GPT 5.4,True,0.0198615
atomicReduction-cuda,_Z19atomic_reduction_v8PiS_i,A10,GPT OSS,False,0.000478191
atomicReduction-cuda,_Z19atomic_reduction_v8PiS_i,A10,GPT OSS,True,0.00055453
atomicReduction-cuda,_Z19atomic_reduction_v8PiS_i,A10,Opus 4.6,False,0.05586
atomicReduction-cuda,_Z19atomic_reduction_v8PiS_i,A10,Opus 4.6,True,0.065405
atomicReduction-cuda,_Z19atomic_reduction_v8PiS_i,A100,GPT 5.4,False,0.0155455
atomicReduction-cuda,_Z19atomic_reduction_v8PiS_i,A100,GPT 5.4,True,0.019949
atomicReduction-cuda,_Z19atomic_reduction_v8PiS_i,A100,GPT OSS,False,0.000581668
atomicReduction-cuda,_Z19atomic_reduction_v8PiS_i,A100,GPT OSS,True,0.000534483
atomicReduction-cuda,_Z19atomic_reduction_v8PiS_i,A100,Opus 4.6,False,0.057475
atomicReduction-cuda,_Z19atomic_reduction_v8PiS_i,A100,Opus 4.6,True,0.068855
atomicReduction-cuda,_Z19atomic_reduction_v8PiS_i,H100,GPT 5.4,False,0.015588
atomicReduction-cuda,_Z19atomic_reduction_v8PiS_i,H100,GPT 5.4,True,0.021094
atomicReduction-cuda,_Z19atomic_reduction_v8PiS_i,H100,GPT OSS,False,0.00174825
atomicReduction-cuda,_Z19atomic_reduction_v8PiS_i,H100,GPT OSS,True,0.000609669
atomicReduction-cuda,_Z19atomic_reduction_v8PiS_i,H100,Opus 4.6,False,0.0543
atomicReduction-cuda,_Z19atomic_reduction_v8PiS_i,H100,Opus 4.6,True,0.06758
atomicReduction-cuda,_Z20atomic_reduction_v16PiS_i,3080,GPT 5.4,False,0.016658
atomicReduction-cuda,_Z20atomic_reduction_v16PiS_i,3080,GPT 5.4,True,0.0201265
atomicReduction-cuda,_Z20atomic_reduction_v16PiS_i,3080,GPT OSS,True,0.000525286
atomicReduction-cuda,_Z20atomic_reduction_v16PiS_i,3080,Opus 4.6,False,0.05459
atomicReduction-cuda,_Z20atomic_reduction_v16PiS_i,3080,Opus 4.6,True,0.06873
atomicReduction-cuda,_Z20atomic_reduction_v16PiS_i,A10,GPT 5.4,False,0.015943
atomicReduction-cuda,_Z20atomic_reduction_v16PiS_i,A10,GPT 5.4,True,0.0196815
atomicReduction-cuda,_Z20atomic_reduction_v16PiS_i,A10,GPT OSS,False,0.000478571
atomicReduction-cuda,_Z20atomic_reduction_v16PiS_i,A10,Opus 4.6,False,0.05576
atomicReduction-cuda,_Z20atomic_reduction_v16PiS_i,A10,Opus 4.6,True,0.0693
atomicReduction-cuda,_Z20atomic_reduction_v16PiS_i,A100,GPT 5.4,False,0.0156025
atomicReduction-cuda,_Z20atomic_reduction_v16PiS_i,A100,GPT 5.4,True,0.020474
atomicReduction-cuda,_Z20atomic_reduction_v16PiS_i,A100,GPT OSS,False,0.000463678
atomicReduction-cuda,_Z20atomic_reduction_v16PiS_i,A100,GPT OSS,True,0.000544603
atomicReduction-cuda,_Z20atomic_reduction_v16PiS_i,A100,Opus 4.6,False,0.0556
atomicReduction-cuda,_Z20atomic_reduction_v16PiS_i,A100,Opus 4.6,True,0.070175
atomicReduction-cuda,_Z20atomic_reduction_v16PiS_i,H100,GPT 5.4,False,0.014775
atomicReduction-cuda,_Z20atomic_reduction_v16PiS_i,H100,GPT 5.4,True,0.021714
atomicReduction-cuda,_Z20atomic_reduction_v16PiS_i,H100,GPT OSS,False,0.000441219
atomicReduction-cuda,_Z20atomic_reduction_v16PiS_i,H100,GPT OSS,True,0.000544467
atomicReduction-cuda,_Z20atomic_reduction_v16PiS_i,H100,Opus 4.6,False,0.056575
atomicReduction-cuda,_Z20atomic_reduction_v16PiS_i,H100,Opus 4.6,True,0.069225
atomicReduction-omp,main_l101,3080,GPT 5.4,False,0.0167355
atomicReduction-omp,main_l101,3080,GPT 5.4,True,0.0556365
atomicReduction-omp,main_l101,3080,GPT OSS,False,0.000445104
atomicReduction-omp,main_l101,3080,GPT OSS,True,0.00466434
atomicReduction-omp,main_l101,3080,Opus 4.6,False,0.06207
atomicReduction-omp,main_l101,3080,Opus 4.6,True,0.152985
atomicReduction-omp,main_l101,A10,GPT 5.4,False,0.0159405
atomicReduction-omp,main_l101,A10,GPT 5.4,True,0.0532065
atomicReduction-omp,main_l101,A10,GPT OSS,False,0.0004367
atomicReduction-omp,main_l101,A10,GPT OSS,True,0.00443455
atomicReduction-omp,main_l101,A10,Opus 4.6,False,0.065995
atomicReduction-omp,main_l101,A10,Opus 4.6,True,0.159235
atomicReduction-omp,main_l101,A100,GPT 5.4,False,0.016188
atomicReduction-omp,main_l101,A100,GPT 5.4,True,0.0578315
atomicReduction-omp,main_l101,A100,GPT OSS,False,0.000387227
atomicReduction-omp,main_l101,A100,GPT OSS,True,0.00523537
atomicReduction-omp,main_l101,A100,Opus 4.6,False,0.068235
atomicReduction-omp,main_l101,A100,Opus 4.6,True,0.168735
atomicReduction-omp,main_l101,H100,GPT 5.4,False,0.0174605
atomicReduction-omp,main_l101,H100,GPT 5.4,True,0.059104
atomicReduction-omp,main_l101,H100,GPT OSS,False,0.000455208
atomicReduction-omp,main_l101,H100,GPT OSS,True,0.00406155
atomicReduction-omp,main_l101,H100,Opus 4.6,False,0.06191
atomicReduction-omp,main_l101,H100,Opus 4.6,True,0.18143
atomicReduction-omp,main_l122,3080,GPT 5.4,False,0.0166305
atomicReduction-omp,main_l122,3080,GPT 5.4,True,0.0552015
atomicReduction-omp,main_l122,3080,GPT OSS,False,0.000534404
atomicReduction-omp,main_l122,3080,Opus 4.6,False,0.05827
atomicReduction-omp,main_l122,3080,Opus 4.6,True,0.157315
atomicReduction-omp,main_l122,A10,GPT 5.4,False,0.0157155
atomicReduction-omp,main_l122,A10,GPT 5.4,True,0.0554115
atomicReduction-omp,main_l122,A10,GPT OSS,False,0.0004177
atomicReduction-omp,main_l122,A10,Opus 4.6,False,0.06657
atomicReduction-omp,main_l122,A10,Opus 4.6,True,0.154915
atomicReduction-omp,main_l122,A100,GPT 5.4,False,0.015873
atomicReduction-omp,main_l122,A100,GPT 5.4,True,0.056294
atomicReduction-omp,main_l122,A100,GPT OSS,False,0.000458097
atomicReduction-omp,main_l122,A100,Opus 4.6,False,0.057935
atomicReduction-omp,main_l122,A100,Opus 4.6,True,0.162725
atomicReduction-omp,main_l122,H100,GPT 5.4,False,0.0170255
atomicReduction-omp,main_l122,H100,GPT 5.4,True,0.0583165
atomicReduction-omp,main_l122,H100,GPT OSS,False,0.000458058
atomicReduction-omp,main_l122,H100,GPT OSS,True,0.001041628
atomicReduction-omp,main_l122,H100,Opus 4.6,False,0.06551
atomicReduction-omp,main_l122,H100,Opus 4.6,True,0.18
atomicReduction-omp,main_l143,3080,GPT 5.4,False,0.0163755
atomicReduction-omp,main_l143,3080,GPT 5.4,True,0.054579
atomicReduction-omp,main_l143,3080,GPT OSS,False,0.000437314
atomicReduction-omp,main_l143,3080,GPT OSS,True,0.00415571
atomicReduction-omp,main_l143,3080,Opus 4.6,False,0.07577
atomicReduction-omp,main_l143,3080,Opus 4.6,True,0.17437
atomicReduction-omp,main_l143,A10,GPT 5.4,False,0.0163905
atomicReduction-omp,main_l143,A10,GPT 5.4,True,0.057564
atomicReduction-omp,main_l143,A10,GPT OSS,False,0.00044316
atomicReduction-omp,main_l143,A10,Opus 4.6,False,0.07767
atomicReduction-omp,main_l143,A10,Opus 4.6,True,0.15872
atomicReduction-omp,main_l143,A100,GPT 5.4,False,0.016293
atomicReduction-omp,main_l143,A100,GPT 5.4,True,0.0556165
atomicReduction-omp,main_l143,A100,GPT OSS,False,0.000428647
atomicReduction-omp,main_l143,A100,GPT OSS,True,0.00437263
atomicReduction-omp,main_l143,A100,Opus 4.6,False,0.07211
atomicReduction-omp,main_l143,A100,Opus 4.6,True,0.192335
atomicReduction-omp,main_l143,H100,GPT 5.4,False,0.0169805
atomicReduction-omp,main_l143,H100,GPT 5.4,True,0.059989
atomicReduction-omp,main_l143,H100,GPT OSS,False,0.0013902
atomicReduction-omp,main_l143,H100,GPT OSS,True,0.00465305
atomicReduction-omp,main_l143,H100,Opus 4.6,False,0.060035
atomicReduction-omp,main_l143,H100,Opus 4.6,True,0.184825
atomicReduction-omp,main_l165,3080,GPT 5.4,False,0.0164955
atomicReduction-omp,main_l165,3080,GPT 5.4,True,0.0561815
atomicReduction-omp,main_l165,3080,GPT OSS,False,0.000428384
atomicReduction-omp,main_l165,3080,GPT OSS,True,0.0041223
atomicReduction-omp,main_l165,3080,Opus 4.6,False,0.07637
atomicReduction-omp,main_l165,3080,Opus 4.6,True,0.15968
atomicReduction-omp,main_l165,A10,GPT 5.4,False,0.0162555
atomicReduction-omp,main_l165,A10,GPT 5.4,True,0.0629675
atomicReduction-omp,main_l165,A10,GPT OSS,False,0.00186049
atomicReduction-omp,main_l165,A10,GPT OSS,True,0.0039852
atomicReduction-omp,main_l165,A10,Opus 4.6,False,0.06222
atomicReduction-omp,main_l165,A10,Opus 4.6,True,0.160405
atomicReduction-omp,main_l165,A100,GPT 5.4,False,0.016113
atomicReduction-omp,main_l165,A100,GPT 5.4,True,0.057334
atomicReduction-omp,main_l165,A100,GPT OSS,False,0.000446317
atomicReduction-omp,main_l165,A100,GPT OSS,True,0.001096673
atomicReduction-omp,main_l165,A100,Opus 4.6,False,0.066385
atomicReduction-omp,main_l165,A100,Opus 4.6,True,0.16931
atomicReduction-omp,main_l165,H100,GPT 5.4,False,0.0159755
atomicReduction-omp,main_l165,H100,GPT 5.4,True,0.0637315
atomicReduction-omp,main_l165,H100,GPT OSS,False,0.000458438
atomicReduction-omp,main_l165,H100,GPT OSS,True,0.0049577
atomicReduction-omp,main_l165,H100,Opus 4.6,False,0.067035
atomicReduction-omp,main_l165,H100,Opus 4.6,True,0.18846
atomicReduction-omp,main_l62,3080,GPT 5.4,False,0.0162405
atomicReduction-omp,main_l62,3080,GPT 5.4,True,0.058545
atomicReduction-omp,main_l62,3080,GPT OSS,True,0.001023009
atomicReduction-omp,main_l62,3080,Opus 4.6,False,0.05757
atomicReduction-omp,main_l62,3080,Opus 4.6,True,0.151665
atomicReduction-omp,main_l62,A10,GPT 5.4,False,0.0164505
atomicReduction-omp,main_l62,A10,GPT 5.4,True,0.052269
atomicReduction-omp,main_l62,A10,GPT OSS,False,0.00190514
atomicReduction-omp,main_l62,A10,GPT OSS,True,0.00395985
atomicReduction-omp,main_l62,A10,Opus 4.6,False,0.060845
atomicReduction-omp,main_l62,A10,Opus 4.6,True,0.149965
atomicReduction-omp,main_l62,A100,GPT 5.4,False,0.015903
atomicReduction-omp,main_l62,A100,GPT 5.4,True,0.0552515
atomicReduction-omp,main_l62,A100,GPT OSS,False,0.000431497
atomicReduction-omp,main_l62,A100,GPT OSS,True,0.001143988
atomicReduction-omp,main_l62,A100,Opus 4.6,False,0.057785
atomicReduction-omp,main_l62,A100,Opus 4.6,True,0.169545
atomicReduction-omp,main_l62,H100,GPT 5.4,False,0.0163505
atomicReduction-omp,main_l62,H100,GPT 5.4,True,0.058974
atomicReduction-omp,main_l62,H100,GPT OSS,True,0.001073475
atomicReduction-omp,main_l62,H100,Opus 4.6,False,0.05876
atomicReduction-omp,main_l62,H100,Opus 4.6,True,0.18656
atomicReduction-omp,main_l78,3080,GPT 5.4,False,0.0161055
atomicReduction-omp,main_l78,3080,GPT 5.4,True,0.052804
atomicReduction-omp,main_l78,3080,GPT OSS,True,0.000995491
atomicReduction-omp,main_l78,3080,Opus 4.6,False,0.05857
atomicReduction-omp,main_l78,3080,Opus 4.6,True,0.15326
atomicReduction-omp,main_l78,A10,GPT 5.4,False,0.0157905
atomicReduction-omp,main_l78,A10,GPT 5.4,True,0.053134
atomicReduction-omp,main_l78,A10,GPT OSS,False,0.00193459
atomicReduction-omp,main_l78,A10,Opus 4.6,False,0.058595
atomicReduction-omp,main_l78,A10,Opus 4.6,True,0.151385
atomicReduction-omp,main_l78,A100,GPT 5.4,False,0.017328
atomicReduction-omp,main_l78,A100,GPT 5.4,True,0.0544865
atomicReduction-omp,main_l78,A100,GPT OSS,False,0.00182861
atomicReduction-omp,main_l78,A100,GPT OSS,True,0.00470078
atomicReduction-omp,main_l78,A100,Opus 4.6,False,0.05636
atomicReduction-omp,main_l78,A100,Opus 4.6,True,0.16448
atomicReduction-omp,main_l78,H100,GPT 5.4,False,0.0165605
atomicReduction-omp,main_l78,H100,GPT 5.4,True,0.0583265
atomicReduction-omp,main_l78,H100,GPT OSS,False,0.00187312
atomicReduction-omp,main_l78,H100,GPT OSS,True,0.001087872
atomicReduction-omp,main_l78,H100,Opus 4.6,False,0.058135
atomicReduction-omp,main_l78,H100,Opus 4.6,True,0.176095
atomicSystemWide-cuda,_Z12atomicKernelPii,3080,GPT 5.4,False,0.018113
atomicSystemWide-cuda,_Z12atomicKernelPii,3080,GPT 5.4,True,0.0246215
atomicSystemWide-cuda,_Z12atomicKernelPii,3080,GPT OSS,False,0.000473047
atomicSystemWide-cuda,_Z12atomicKernelPii,3080,GPT OSS,True,0.00251522
atomicSystemWide-cuda,_Z12atomicKernelPii,3080,Opus 4.6,False,0.06769
atomicSystemWide-cuda,_Z12atomicKernelPii,3080,Opus 4.6,True,0.087095
atomicSystemWide-cuda,_Z12atomicKernelPii,A10,GPT 5.4,False,0.017473
atomicSystemWide-cuda,_Z12atomicKernelPii,A10,GPT 5.4,True,0.0258865
atomicSystemWide-cuda,_Z12atomicKernelPii,A10,GPT OSS,False,0.000460161
atomicSystemWide-cuda,_Z12atomicKernelPii,A10,GPT OSS,True,0.000587522
atomicSystemWide-cuda,_Z12atomicKernelPii,A10,Opus 4.6,False,0.064685
atomicSystemWide-cuda,_Z12atomicKernelPii,A10,Opus 4.6,True,0.08244
atomicSystemWide-cuda,_Z12atomicKernelPii,A100,GPT 5.4,False,0.0169255
atomicSystemWide-cuda,_Z12atomicKernelPii,A100,GPT 5.4,True,0.024049
atomicSystemWide-cuda,_Z12atomicKernelPii,A100,GPT OSS,False,0.000478898
atomicSystemWide-cuda,_Z12atomicKernelPii,A100,GPT OSS,True,0.000572249
atomicSystemWide-cuda,_Z12atomicKernelPii,A100,Opus 4.6,False,0.06285
atomicSystemWide-cuda,_Z12atomicKernelPii,A100,Opus 4.6,True,0.084155
atomicSystemWide-cuda,_Z12atomicKernelPii,H100,GPT 5.4,False,0.017358
atomicSystemWide-cuda,_Z12atomicKernelPii,H100,GPT 5.4,True,0.0248665
atomicSystemWide-cuda,_Z12atomicKernelPii,H100,GPT OSS,False,0.000452069
atomicSystemWide-cuda,_Z12atomicKernelPii,H100,GPT OSS,True,0.000608556
atomicSystemWide-cuda,_Z12atomicKernelPii,H100,Opus 4.6,False,0.061875
atomicSystemWide-cuda,_Z12atomicKernelPii,H100,Opus 4.6,True,0.08208
attention-cuda,_Z17attention_kernel1PKfS0_PfS1_ii,3080,GPT 5.4,False,0.0204705
attention-cuda,_Z17attention_kernel1PKfS0_PfS1_ii,3080,GPT 5.4,True,0.033294
attention-cuda,_Z17attention_kernel1PKfS0_PfS1_ii,3080,GPT OSS,False,0.00314478
attention-cuda,_Z17attention_kernel1PKfS0_PfS1_ii,3080,GPT OSS,True,0.000956727
attention-cuda,_Z17attention_kernel1PKfS0_PfS1_ii,3080,Opus 4.6,False,0.07855
attention-cuda,_Z17attention_kernel1PKfS0_PfS1_ii,3080,Opus 4.6,True,0.10861
attention-cuda,_Z17attention_kernel1PKfS0_PfS1_ii,A10,GPT 5.4,False,0.0201575
attention-cuda,_Z17attention_kernel1PKfS0_PfS1_ii,A10,GPT 5.4,True,0.032414
attention-cuda,_Z17attention_kernel1PKfS0_PfS1_ii,A10,GPT OSS,False,0.0015396
attention-cuda,_Z17attention_kernel1PKfS0_PfS1_ii,A10,GPT OSS,True,0.000854161
attention-cuda,_Z17attention_kernel1PKfS0_PfS1_ii,A10,Opus 4.6,False,0.077195
attention-cuda,_Z17attention_kernel1PKfS0_PfS1_ii,A10,Opus 4.6,True,0.108655
attention-cuda,_Z17attention_kernel1PKfS0_PfS1_ii,A100,GPT 5.4,False,0.020828
attention-cuda,_Z17attention_kernel1PKfS0_PfS1_ii,A100,GPT 5.4,True,0.0349465
attention-cuda,_Z17attention_kernel1PKfS0_PfS1_ii,A100,GPT OSS,False,0.000655775
attention-cuda,_Z17attention_kernel1PKfS0_PfS1_ii,A100,GPT OSS,True,0.000855132
attention-cuda,_Z17attention_kernel1PKfS0_PfS1_ii,A100,Opus 4.6,False,0.07461
attention-cuda,_Z17attention_kernel1PKfS0_PfS1_ii,A100,Opus 4.6,True,0.12706
attention-cuda,_Z17attention_kernel1PKfS0_PfS1_ii,H100,GPT 5.4,False,0.0199855
attention-cuda,_Z17attention_kernel1PKfS0_PfS1_ii,H100,GPT 5.4,True,0.0338715
attention-cuda,_Z17attention_kernel1PKfS0_PfS1_ii,H100,GPT OSS,False,0.0027873
attention-cuda,_Z17attention_kernel1PKfS0_PfS1_ii,H100,GPT OSS,True,0.00082698
attention-cuda,_Z17attention_kernel1PKfS0_PfS1_ii,H100,Opus 4.6,False,0.07641
attention-cuda,_Z17attention_kernel1PKfS0_PfS1_ii,H100,Opus 4.6,True,0.118615
attention-cuda,_Z17attention_kernel2PKfS0_Pfi,3080,GPT 5.4,False,0.0197305
attention-cuda,_Z17attention_kernel2PKfS0_Pfi,3080,GPT 5.4,True,0.0313815
attention-cuda,_Z17attention_kernel2PKfS0_Pfi,3080,GPT OSS,False,0.000596222
attention-cuda,_Z17attention_kernel2PKfS0_Pfi,3080,GPT OSS,True,0.000875626
attention-cuda,_Z17attention_kernel2PKfS0_Pfi,3080,Opus 4.6,False,0.080135
attention-cuda,_Z17attention_kernel2PKfS0_Pfi,3080,Opus 4.6,True,0.10881
attention-cuda,_Z17attention_kernel2PKfS0_Pfi,A10,GPT 5.4,False,0.0207555
attention-cuda,_Z17attention_kernel2PKfS0_Pfi,A10,GPT 5.4,True,0.0312365
attention-cuda,_Z17attention_kernel2PKfS0_Pfi,A10,GPT OSS,False,0.000542866
attention-cuda,_Z17attention_kernel2PKfS0_Pfi,A10,GPT OSS,True,0.00371474
attention-cuda,_Z17attention_kernel2PKfS0_Pfi,A10,Opus 4.6,False,0.075705
attention-cuda,_Z17attention_kernel2PKfS0_Pfi,A10,Opus 4.6,True,0.105155
attention-cuda,_Z17attention_kernel2PKfS0_Pfi,A100,GPT 5.4,False,0.01911
attention-cuda,_Z17attention_kernel2PKfS0_Pfi,A100,GPT 5.4,True,0.032369
attention-cuda,_Z17attention_kernel2PKfS0_Pfi,A100,GPT OSS,False,0.000551153
attention-cuda,_Z17attention_kernel2PKfS0_Pfi,A100,GPT OSS,True,0.00528094
attention-cuda,_Z17attention_kernel2PKfS0_Pfi,A100,Opus 4.6,False,0.078745
attention-cuda,_Z17attention_kernel2PKfS0_Pfi,A100,Opus 4.6,True,0.113725
attention-cuda,_Z17attention_kernel2PKfS0_Pfi,H100,GPT 5.4,False,0.0189155
attention-cuda,_Z17attention_kernel2PKfS0_Pfi,H100,GPT 5.4,True,0.0302965
attention-cuda,_Z17attention_kernel2PKfS0_Pfi,H100,GPT OSS,False,0.000537244
attention-cuda,_Z17attention_kernel2PKfS0_Pfi,H100,GPT OSS,True,0.000905538
attention-cuda,_Z17attention_kernel2PKfS0_Pfi,H100,Opus 4.6,False,0.07777
attention-cuda,_Z17attention_kernel2PKfS0_Pfi,H100,Opus 4.6,True,0.10289
attention-cuda,_Z17attention_kernel3PKfS0_Pfii,3080,GPT 5.4,False,0.020443
attention-cuda,_Z17attention_kernel3PKfS0_Pfii,3080,GPT 5.4,True,0.0335665
attention-cuda,_Z17attention_kernel3PKfS0_Pfii,3080,GPT OSS,False,0.00292843
attention-cuda,_Z17attention_kernel3PKfS0_Pfii,3080,GPT OSS,True,0.0028473
attention-cuda,_Z17attention_kernel3PKfS0_Pfii,3080,Opus 4.6,False,0.070745
attention-cuda,_Z17attention_kernel3PKfS0_Pfii,3080,Opus 4.6,True,0.10797
attention-cuda,_Z17attention_kernel3PKfS0_Pfii,A10,GPT 5.4,False,0.019908
attention-cuda,_Z17attention_kernel3PKfS0_Pfii,A10,GPT 5.4,True,0.0329115
attention-cuda,_Z17attention_kernel3PKfS0_Pfii,A10,GPT OSS,False,0.00212145
attention-cuda,_Z17attention_kernel3PKfS0_Pfii,A10,GPT OSS,True,0.000753492
attention-cuda,_Z17attention_kernel3PKfS0_Pfii,A10,Opus 4.6,False,0.06584
attention-cuda,_Z17attention_kernel3PKfS0_Pfii,A10,Opus 4.6,True,0.103265
attention-cuda,_Z17attention_kernel3PKfS0_Pfii,A100,GPT 5.4,False,0.0206205
attention-cuda,_Z17attention_kernel3PKfS0_Pfii,A100,GPT 5.4,True,0.034149
attention-cuda,_Z17attention_kernel3PKfS0_Pfii,A100,GPT OSS,False,0.0020409
attention-cuda,_Z17attention_kernel3PKfS0_Pfii,A100,GPT OSS,True,0.000884623
attention-cuda,_Z17attention_kernel3PKfS0_Pfii,A100,Opus 4.6,False,0.066555
attention-cuda,_Z17attention_kernel3PKfS0_Pfii,A100,Opus 4.6,True,0.11288
attention-cuda,_Z17attention_kernel3PKfS0_Pfii,H100,GPT 5.4,False,0.021998
attention-cuda,_Z17attention_kernel3PKfS0_Pfii,H100,GPT 5.4,True,0.033219
attention-cuda,_Z17attention_kernel3PKfS0_Pfii,H100,GPT OSS,False,0.0026916
attention-cuda,_Z17attention_kernel3PKfS0_Pfii,H100,GPT OSS,True,0.000772259
attention-cuda,_Z17attention_kernel3PKfS0_Pfii,H100,Opus 4.6,False,0.06748
attention-cuda,_Z17attention_kernel3PKfS0_Pfii,H100,Opus 4.6,True,0.11675
attentionMultiHead-cuda,_Z3mhaPKfS0_S0_iiiiifiPf,3080,GPT 5.4,False,0.020888
attentionMultiHead-cuda,_Z3mhaPKfS0_S0_iiiiifiPf,3080,GPT 5.4,True,0.0639265
attentionMultiHead-cuda,_Z3mhaPKfS0_S0_iiiiifiPf,3080,GPT OSS,False,0.000736557
attentionMultiHead-cuda,_Z3mhaPKfS0_S0_iiiiifiPf,3080,GPT OSS,True,0.001298092
attentionMultiHead-cuda,_Z3mhaPKfS0_S0_iiiiifiPf,3080,Opus 4.6,False,0.08985
attentionMultiHead-cuda,_Z3mhaPKfS0_S0_iiiiifiPf,3080,Opus 4.6,True,0.202925
attentionMultiHead-cuda,_Z3mhaPKfS0_S0_iiiiifiPf,A10,GPT 5.4,False,0.021715
attentionMultiHead-cuda,_Z3mhaPKfS0_S0_iiiiifiPf,A10,GPT 5.4,True,0.0661665
attentionMultiHead-cuda,_Z3mhaPKfS0_S0_iiiiifiPf,A10,GPT OSS,True,0.0051744
attentionMultiHead-cuda,_Z3mhaPKfS0_S0_iiiiifiPf,A10,Opus 4.6,False,0.105145
attentionMultiHead-cuda,_Z3mhaPKfS0_S0_iiiiifiPf,A10,Opus 4.6,True,0.224195
attentionMultiHead-cuda,_Z3mhaPKfS0_S0_iiiiifiPf,A100,GPT 5.4,False,0.0207505
attentionMultiHead-cuda,_Z3mhaPKfS0_S0_iiiiifiPf,A100,GPT 5.4,True,0.0741825
attentionMultiHead-cuda,_Z3mhaPKfS0_S0_iiiiifiPf,A100,GPT OSS,True,0.00143772
attentionMultiHead-cuda,_Z3mhaPKfS0_S0_iiiiifiPf,A100,Opus 4.6,False,0.091185
attentionMultiHead-cuda,_Z3mhaPKfS0_S0_iiiiifiPf,A100,Opus 4.6,True,0.285375
attentionMultiHead-cuda,_Z3mhaPKfS0_S0_iiiiifiPf,H100,GPT 5.4,False,0.02079
attentionMultiHead-cuda,_Z3mhaPKfS0_S0_iiiiifiPf,H100,GPT 5.4,True,0.0683965
attentionMultiHead-cuda,_Z3mhaPKfS0_S0_iiiiifiPf,H100,GPT OSS,True,0.001414132
attentionMultiHead-cuda,_Z3mhaPKfS0_S0_iiiiifiPf,H100,Opus 4.6,False,0.101335
attentionMultiHead-cuda,_Z3mhaPKfS0_S0_iiiiifiPf,H100,Opus 4.6,True,0.22786
axhelm-cuda,_Z9axhelm_n3iiPKfS0_S0_S0_Pf,3080,GPT 5.4,False,0.1854155
axhelm-cuda,_Z9axhelm_n3iiPKfS0_S0_S0_Pf,3080,GPT 5.4,True,0.422569
axhelm-cuda,_Z9axhelm_n3iiPKfS0_S0_S0_Pf,3080,GPT OSS,False,0.003565784
axhelm-cuda,_Z9axhelm_n3iiPKfS0_S0_S0_Pf,3080,Opus 4.6,False,0.474695
axhelm-cuda,_Z9axhelm_n3iiPKfS0_S0_S0_Pf,3080,Opus 4.6,True,1.069425
axhelm-cuda,_Z9axhelm_n3iiPKfS0_S0_S0_Pf,A10,GPT 5.4,False,0.1835605
axhelm-cuda,_Z9axhelm_n3iiPKfS0_S0_S0_Pf,A10,GPT 5.4,True,0.426219
axhelm-cuda,_Z9axhelm_n3iiPKfS0_S0_S0_Pf,A10,GPT OSS,False,0.003587138
axhelm-cuda,_Z9axhelm_n3iiPKfS0_S0_S0_Pf,A10,Opus 4.6,False,0.476965
axhelm-cuda,_Z9axhelm_n3iiPKfS0_S0_S0_Pf,A10,Opus 4.6,True,1.07682
axhelm-cuda,_Z9axhelm_n3iiPKfS0_S0_S0_Pf,A100,GPT 5.4,False,0.182473
axhelm-cuda,_Z9axhelm_n3iiPKfS0_S0_S0_Pf,A100,GPT 5.4,True,0.4300725
axhelm-cuda,_Z9axhelm_n3iiPKfS0_S0_S0_Pf,A100,Opus 4.6,False,0.479805
axhelm-cuda,_Z9axhelm_n3iiPKfS0_S0_S0_Pf,A100,Opus 4.6,True,1.08182
axhelm-cuda,_Z9axhelm_n3iiPKfS0_S0_S0_Pf,H100,GPT 5.4,False,0.1853955
axhelm-cuda,_Z9axhelm_n3iiPKfS0_S0_S0_Pf,H100,GPT 5.4,True,0.3426325
axhelm-cuda,_Z9axhelm_n3iiPKfS0_S0_S0_Pf,H100,Opus 4.6,False,0.47453
axhelm-cuda,_Z9axhelm_n3iiPKfS0_S0_S0_Pf,H100,Opus 4.6,True,0.837895
axhelm-omp,main_l92,3080,GPT 5.4,False,0.179693
axhelm-omp,main_l92,3080,GPT 5.4,True,0.3147465
axhelm-omp,main_l92,3080,Opus 4.6,False,0.47328
axhelm-omp,main_l92,3080,Opus 4.6,True,0.80153
axhelm-omp,main_l92,A10,GPT 5.4,False,0.1785955
axhelm-omp,main_l92,A10,GPT 5.4,True,0.310694
axhelm-omp,main_l92,A10,GPT OSS,False,0.003538364
axhelm-omp,main_l92,A10,Opus 4.6,False,0.46267
axhelm-omp,main_l92,A10,Opus 4.6,True,0.796495
axhelm-omp,main_l92,A100,GPT 5.4,False,0.179923
axhelm-omp,main_l92,A100,GPT 5.4,True,0.3147665
axhelm-omp,main_l92,A100,GPT OSS,False,0.003772181
axhelm-omp,main_l92,A100,Opus 4.6,False,0.465385
axhelm-omp,main_l92,A100,Opus 4.6,True,0.785625
axhelm-omp,main_l92,H100,GPT 5.4,False,0.1789455
axhelm-omp,main_l92,H100,GPT 5.4,True,0.3220665
axhelm-omp,main_l92,H100,GPT OSS,False,0.003668592
axhelm-omp,main_l92,H100,Opus 4.6,False,0.45801
axhelm-omp,main_l92,H100,Opus 4.6,True,0.824305
babelstream-cuda,_Z10add_kernelIfEvPKT_S2_PS0_,3080,GPT 5.4,False,0.0208355
babelstream-cuda,_Z10add_kernelIfEvPKT_S2_PS0_,3080,GPT 5.4,True,0.022319
babelstream-cuda,_Z10add_kernelIfEvPKT_S2_PS0_,3080,GPT OSS,False,0.000484512
babelstream-cuda,_Z10add_kernelIfEvPKT_S2_PS0_,3080,GPT OSS,True,0.000525899
babelstream-cuda,_Z10add_kernelIfEvPKT_S2_PS0_,3080,Opus 4.6,False,0.06376
babelstream-cuda,_Z10add_kernelIfEvPKT_S2_PS0_,3080,Opus 4.6,True,0.07039
babelstream-cuda,_Z10add_kernelIfEvPKT_S2_PS0_,A10,GPT 5.4,False,0.0212605
babelstream-cuda,_Z10add_kernelIfEvPKT_S2_PS0_,A10,GPT 5.4,True,0.022534
babelstream-cuda,_Z10add_kernelIfEvPKT_S2_PS0_,A10,GPT OSS,True,0.000512823
babelstream-cuda,_Z10add_kernelIfEvPKT_S2_PS0_,A10,Opus 4.6,False,0.063755
babelstream-cuda,_Z10add_kernelIfEvPKT_S2_PS0_,A10,Opus 4.6,True,0.070285
babelstream-cuda,_Z10add_kernelIfEvPKT_S2_PS0_,A100,GPT 5.4,False,0.02647
babelstream-cuda,_Z10add_kernelIfEvPKT_S2_PS0_,A100,GPT 5.4,True,0.022729
babelstream-cuda,_Z10add_kernelIfEvPKT_S2_PS0_,A100,GPT OSS,True,0.000562019
babelstream-cuda,_Z10add_kernelIfEvPKT_S2_PS0_,A100,Opus 4.6,False,0.064495
babelstream-cuda,_Z10add_kernelIfEvPKT_S2_PS0_,A100,Opus 4.6,True,0.07324
babelstream-cuda,_Z10add_kernelIfEvPKT_S2_PS0_,H100,GPT 5.4,False,0.0200505
babelstream-cuda,_Z10add_kernelIfEvPKT_S2_PS0_,H100,GPT 5.4,True,0.0237115
babelstream-cuda,_Z10add_kernelIfEvPKT_S2_PS0_,H100,GPT OSS,False,0.0017601
babelstream-cuda,_Z10add_kernelIfEvPKT_S2_PS0_,H100,GPT OSS,True,0.000514068
babelstream-cuda,_Z10add_kernelIfEvPKT_S2_PS0_,H100,Opus 4.6,False,0.064195
babelstream-cuda,_Z10add_kernelIfEvPKT_S2_PS0_,H100,Opus 4.6,True,0.071005
babelstream-cuda,_Z10dot_kernelIfEvPKT_S2_PS0_i,3080,GPT 5.4,False,0.02663
babelstream-cuda,_Z10dot_kernelIfEvPKT_S2_PS0_i,3080,GPT 5.4,True,0.025284
babelstream-cuda,_Z10dot_kernelIfEvPKT_S2_PS0_i,3080,GPT OSS,False,0.00184665
babelstream-cuda,_Z10dot_kernelIfEvPKT_S2_PS0_i,3080,GPT OSS,True,0.000641277
babelstream-cuda,_Z10dot_kernelIfEvPKT_S2_PS0_i,3080,Opus 4.6,False,0.072005
babelstream-cuda,_Z10dot_kernelIfEvPKT_S2_PS0_i,3080,Opus 4.6,True,0.08431
babelstream-cuda,_Z10dot_kernelIfEvPKT_S2_PS0_i,A10,GPT 5.4,False,0.027355
babelstream-cuda,_Z10dot_kernelIfEvPKT_S2_PS0_i,A10,GPT 5.4,True,0.025949
babelstream-cuda,_Z10dot_kernelIfEvPKT_S2_PS0_i,A10,GPT OSS,False,0.00251412
babelstream-cuda,_Z10dot_kernelIfEvPKT_S2_PS0_i,A10,GPT OSS,True,0.000659551
babelstream-cuda,_Z10dot_kernelIfEvPKT_S2_PS0_i,A10,Opus 4.6,False,0.07275
babelstream-cuda,_Z10dot_kernelIfEvPKT_S2_PS0_i,A10,Opus 4.6,True,0.081755
babelstream-cuda,_Z10dot_kernelIfEvPKT_S2_PS0_i,A100,GPT 5.4,False,0.0216655
babelstream-cuda,_Z10dot_kernelIfEvPKT_S2_PS0_i,A100,GPT 5.4,True,0.027454
babelstream-cuda,_Z10dot_kernelIfEvPKT_S2_PS0_i,A100,GPT OSS,False,0.00057674
babelstream-cuda,_Z10dot_kernelIfEvPKT_S2_PS0_i,A100,GPT OSS,True,0.000644313
babelstream-cuda,_Z10dot_kernelIfEvPKT_S2_PS0_i,A100,Opus 4.6,False,0.070715
babelstream-cuda,_Z10dot_kernelIfEvPKT_S2_PS0_i,A100,Opus 4.6,True,0.090145
babelstream-cuda,_Z10dot_kernelIfEvPKT_S2_PS0_i,H100,GPT 5.4,False,0.020973
babelstream-cuda,_Z10dot_kernelIfEvPKT_S2_PS0_i,H100,GPT 5.4,True,0.027894
babelstream-cuda,_Z10dot_kernelIfEvPKT_S2_PS0_i,H100,GPT OSS,True,0.000649055
babelstream-cuda,_Z10dot_kernelIfEvPKT_S2_PS0_i,H100,Opus 4.6,False,0.07704
babelstream-cuda,_Z10dot_kernelIfEvPKT_S2_PS0_i,H100,Opus 4.6,True,0.08555
babelstream-cuda,_Z10mul_kernelIfEvPT_PKS0_,3080,GPT 5.4,False,0.0209855
babelstream-cuda,_Z10mul_kernelIfEvPT_PKS0_,3080,GPT 5.4,True,0.0227365
babelstream-cuda,_Z10mul_kernelIfEvPT_PKS0_,3080,GPT OSS,True,0.000559664
babelstream-cuda,_Z10mul_kernelIfEvPT_PKS0_,3080,Opus 4.6,False,0.064965
babelstream-cuda,_Z10mul_kernelIfEvPT_PKS0_,3080,Opus 4.6,True,0.070745
babelstream-cuda,_Z10mul_kernelIfEvPT_PKS0_,A10,GPT 5.4,False,0.0203875
babelstream-cuda,_Z10mul_kernelIfEvPT_PKS0_,A10,GPT 5.4,True,0.0224715
babelstream-cuda,_Z10mul_kernelIfEvPT_PKS0_,A10,GPT OSS,False,0.000476712
babelstream-cuda,_Z10mul_kernelIfEvPT_PKS0_,A10,Opus 4.6,False,0.06411
babelstream-cuda,_Z10mul_kernelIfEvPT_PKS0_,A10,Opus 4.6,True,0.070565
babelstream-cuda,_Z10mul_kernelIfEvPT_PKS0_,A100,GPT 5.4,False,0.02098
babelstream-cuda,_Z10mul_kernelIfEvPT_PKS0_,A100,GPT 5.4,True,0.0235665
babelstream-cuda,_Z10mul_kernelIfEvPT_PKS0_,A100,GPT OSS,False,0.000441679
babelstream-cuda,_Z10mul_kernelIfEvPT_PKS0_,A100,GPT OSS,True,0.0017535
babelstream-cuda,_Z10mul_kernelIfEvPT_PKS0_,A100,Opus 4.6,False,0.064575
babelstream-cuda,_Z10mul_kernelIfEvPT_PKS0_,A100,Opus 4.6,True,0.072745
babelstream-cuda,_Z10mul_kernelIfEvPT_PKS0_,H100,GPT 5.4,False,0.0211455
babelstream-cuda,_Z10mul_kernelIfEvPT_PKS0_,H100,GPT 5.4,True,0.0228115
babelstream-cuda,_Z10mul_kernelIfEvPT_PKS0_,H100,GPT OSS,False,0.00052543
babelstream-cuda,_Z10mul_kernelIfEvPT_PKS0_,H100,GPT OSS,True,0.00198701
babelstream-cuda,_Z10mul_kernelIfEvPT_PKS0_,H100,Opus 4.6,False,0.064925
babelstream-cuda,_Z10mul_kernelIfEvPT_PKS0_,H100,Opus 4.6,True,0.070395
babelstream-cuda,_Z11copy_kernelIdEvPKT_PS0_,3080,GPT 5.4,False,0.0207005
babelstream-cuda,_Z11copy_kernelIdEvPKT_PS0_,3080,GPT 5.4,True,0.0228715
babelstream-cuda,_Z11copy_kernelIdEvPKT_PS0_,3080,GPT OSS,False,0.00196812
babelstream-cuda,_Z11copy_kernelIdEvPKT_PS0_,3080,Opus 4.6,False,0.063015
babelstream-cuda,_Z11copy_kernelIdEvPKT_PS0_,3080,Opus 4.6,True,0.072175
babelstream-cuda,_Z11copy_kernelIdEvPKT_PS0_,A10,GPT 5.4,False,0.0203575
babelstream-cuda,_Z11copy_kernelIdEvPKT_PS0_,A10,GPT 5.4,True,0.0217815
babelstream-cuda,_Z11copy_kernelIdEvPKT_PS0_,A10,GPT OSS,False,0.00237511
babelstream-cuda,_Z11copy_kernelIdEvPKT_PS0_,A10,GPT OSS,True,0.00056151
babelstream-cuda,_Z11copy_kernelIdEvPKT_PS0_,A10,Opus 4.6,False,0.065135
babelstream-cuda,_Z11copy_kernelIdEvPKT_PS0_,A10,Opus 4.6,True,0.071895
babelstream-cuda,_Z11copy_kernelIdEvPKT_PS0_,A100,GPT 5.4,False,0.019693
babelstream-cuda,_Z11copy_kernelIdEvPKT_PS0_,A100,GPT 5.4,True,0.0227565
babelstream-cuda,_Z11copy_kernelIdEvPKT_PS0_,A100,GPT OSS,False,0.00179888
babelstream-cuda,_Z11copy_kernelIdEvPKT_PS0_,A100,GPT OSS,True,0.000536416
babelstream-cuda,_Z11copy_kernelIdEvPKT_PS0_,A100,Opus 4.6,False,0.065825
babelstream-cuda,_Z11copy_kernelIdEvPKT_PS0_,A100,Opus 4.6,True,0.074775
babelstream-cuda,_Z11copy_kernelIdEvPKT_PS0_,H100,GPT 5.4,False,0.0208005
babelstream-cuda,_Z11copy_kernelIdEvPKT_PS0_,H100,GPT 5.4,True,0.0224365
babelstream-cuda,_Z11copy_kernelIdEvPKT_PS0_,H100,GPT OSS,False,0.0016458
babelstream-cuda,_Z11copy_kernelIdEvPKT_PS0_,H100,GPT OSS,True,0.000467134
babelstream-cuda,_Z11copy_kernelIdEvPKT_PS0_,H100,Opus 4.6,False,0.065775
babelstream-cuda,_Z11copy_kernelIdEvPKT_PS0_,H100,Opus 4.6,True,0.0725
babelstream-cuda,_Z11copy_kernelIfEvPKT_PS0_,3080,GPT 5.4,False,0.0200855
babelstream-cuda,_Z11copy_kernelIfEvPKT_PS0_,3080,GPT 5.4,True,0.0220365
babelstream-cuda,_Z11copy_kernelIfEvPKT_PS0_,3080,GPT OSS,False,0.0016917
babelstream-cuda,_Z11copy_kernelIfEvPKT_PS0_,3080,GPT OSS,True,0.00048893
babelstream-cuda,_Z11copy_kernelIfEvPKT_PS0_,3080,Opus 4.6,False,0.063365
babelstream-cuda,_Z11copy_kernelIfEvPKT_PS0_,3080,Opus 4.6,True,0.070375
babelstream-cuda,_Z11copy_kernelIfEvPKT_PS0_,A10,GPT 5.4,False,0.0205105
babelstream-cuda,_Z11copy_kernelIfEvPKT_PS0_,A10,GPT 5.4,True,0.0218465
babelstream-cuda,_Z11copy_kernelIfEvPKT_PS0_,A10,GPT OSS,False,0.000442512
babelstream-cuda,_Z11copy_kernelIfEvPKT_PS0_,A10,GPT OSS,True,0.000498654
babelstream-cuda,_Z11copy_kernelIfEvPKT_PS0_,A10,Opus 4.6,False,0.062335
babelstream-cuda,_Z11copy_kernelIfEvPKT_PS0_,A10,Opus 4.6,True,0.069945
babelstream-cuda,_Z11copy_kernelIfEvPKT_PS0_,A100,GPT 5.4,False,0.020758
babelstream-cuda,_Z11copy_kernelIfEvPKT_PS0_,A100,GPT 5.4,True,0.0236465
babelstream-cuda,_Z11copy_kernelIfEvPKT_PS0_,A100,GPT OSS,False,0.000478919
babelstream-cuda,_Z11copy_kernelIfEvPKT_PS0_,A100,GPT OSS,True,0.00047185
babelstream-cuda,_Z11copy_kernelIfEvPKT_PS0_,A100,Opus 4.6,False,0.064275
babelstream-cuda,_Z11copy_kernelIfEvPKT_PS0_,A100,Opus 4.6,True,0.07425
babelstream-cuda,_Z11copy_kernelIfEvPKT_PS0_,H100,GPT 5.4,False,0.0212055
babelstream-cuda,_Z11copy_kernelIfEvPKT_PS0_,H100,GPT 5.4,True,0.0223815
babelstream-cuda,_Z11copy_kernelIfEvPKT_PS0_,H100,GPT OSS,False,0.00045456
babelstream-cuda,_Z11copy_kernelIfEvPKT_PS0_,H100,GPT OSS,True,0.000472108
babelstream-cuda,_Z11copy_kernelIfEvPKT_PS0_,H100,Opus 4.6,False,0.06185
babelstream-cuda,_Z11copy_kernelIfEvPKT_PS0_,H100,Opus 4.6,True,0.070675
babelstream-cuda,_Z11init_kernelIdEvPT_S1_S1_S0_S0_S0_,3080,GPT 5.4,False,0.0214805
babelstream-cuda,_Z11init_kernelIdEvPT_S1_S1_S0_S0_S0_,3080,GPT 5.4,True,0.023509
babelstream-cuda,_Z11init_kernelIdEvPT_S1_S1_S0_S0_S0_,3080,GPT OSS,False,0.00046997
babelstream-cuda,_Z11init_kernelIdEvPT_S1_S1_S0_S0_S0_,3080,GPT OSS,True,0.000485863
babelstream-cuda,_Z11init_kernelIdEvPT_S1_S1_S0_S0_S0_,3080,Opus 4.6,False,0.06814
babelstream-cuda,_Z11init_kernelIdEvPT_S1_S1_S0_S0_S0_,3080,Opus 4.6,True,0.07442
babelstream-cuda,_Z11init_kernelIdEvPT_S1_S1_S0_S0_S0_,A10,GPT 5.4,False,0.0205225
babelstream-cuda,_Z11init_kernelIdEvPT_S1_S1_S0_S0_S0_,A10,GPT 5.4,True,0.023469
babelstream-cuda,_Z11init_kernelIdEvPT_S1_S1_S0_S0_S0_,A10,GPT OSS,False,0.000429344
babelstream-cuda,_Z11init_kernelIdEvPT_S1_S1_S0_S0_S0_,A10,GPT OSS,True,0.000508887
babelstream-cuda,_Z11init_kernelIdEvPT_S1_S1_S0_S0_S0_,A10,Opus 4.6,False,0.070585
babelstream-cuda,_Z11init_kernelIdEvPT_S1_S1_S0_S0_S0_,A10,Opus 4.6,True,0.07499
babelstream-cuda,_Z11init_kernelIdEvPT_S1_S1_S0_S0_S0_,A100,GPT 5.4,False,0.020563
babelstream-cuda,_Z11init_kernelIdEvPT_S1_S1_S0_S0_S0_,A100,GPT 5.4,True,0.024294
babelstream-cuda,_Z11init_kernelIdEvPT_S1_S1_S0_S0_S0_,A100,GPT OSS,False,0.000439721
babelstream-cuda,_Z11init_kernelIdEvPT_S1_S1_S0_S0_S0_,A100,GPT OSS,True,0.000508303
babelstream-cuda,_Z11init_kernelIdEvPT_S1_S1_S0_S0_S0_,A100,Opus 4.6,False,0.07095
babelstream-cuda,_Z11init_kernelIdEvPT_S1_S1_S0_S0_S0_,A100,Opus 4.6,True,0.08372
babelstream-cuda,_Z11init_kernelIdEvPT_S1_S1_S0_S0_S0_,H100,GPT 5.4,False,0.0203655
babelstream-cuda,_Z11init_kernelIdEvPT_S1_S1_S0_S0_S0_,H100,GPT 5.4,True,0.022664
babelstream-cuda,_Z11init_kernelIdEvPT_S1_S1_S0_S0_S0_,H100,GPT OSS,False,0.000445572
babelstream-cuda,_Z11init_kernelIdEvPT_S1_S1_S0_S0_S0_,H100,GPT OSS,True,0.000481181
babelstream-cuda,_Z11init_kernelIdEvPT_S1_S1_S0_S0_S0_,H100,Opus 4.6,False,0.0712
babelstream-cuda,_Z11init_kernelIdEvPT_S1_S1_S0_S0_S0_,H100,Opus 4.6,True,0.07493
babelstream-cuda,_Z11init_kernelIfEvPT_S1_S1_S0_S0_S0_,3080,GPT 5.4,False,0.0207455
babelstream-cuda,_Z11init_kernelIfEvPT_S1_S1_S0_S0_S0_,3080,GPT 5.4,True,0.0229365
babelstream-cuda,_Z11init_kernelIfEvPT_S1_S1_S0_S0_S0_,3080,GPT OSS,True,0.000467466
babelstream-cuda,_Z11init_kernelIfEvPT_S1_S1_S0_S0_S0_,3080,Opus 4.6,False,0.06819
babelstream-cuda,_Z11init_kernelIfEvPT_S1_S1_S0_S0_S0_,3080,Opus 4.6,True,0.0708
babelstream-cuda,_Z11init_kernelIfEvPT_S1_S1_S0_S0_S0_,A10,GPT 5.4,False,0.0211255
babelstream-cuda,_Z11init_kernelIfEvPT_S1_S1_S0_S0_S0_,A10,GPT 5.4,True,0.0226415
babelstream-cuda,_Z11init_kernelIfEvPT_S1_S1_S0_S0_S0_,A10,GPT OSS,False,0.001746
babelstream-cuda,_Z11init_kernelIfEvPT_S1_S1_S0_S0_S0_,A10,GPT OSS,True,0.00210269
babelstream-cuda,_Z11init_kernelIfEvPT_S1_S1_S0_S0_S0_,A10,Opus 4.6,False,0.06766
babelstream-cuda,_Z11init_kernelIfEvPT_S1_S1_S0_S0_S0_,A10,Opus 4.6,True,0.071445
babelstream-cuda,_Z11init_kernelIfEvPT_S1_S1_S0_S0_S0_,A100,GPT 5.4,False,0.020713
babelstream-cuda,_Z11init_kernelIfEvPT_S1_S1_S0_S0_S0_,A100,GPT 5.4,True,0.0233015
babelstream-cuda,_Z11init_kernelIfEvPT_S1_S1_S0_S0_S0_,A100,GPT OSS,False,0.000466701
babelstream-cuda,_Z11init_kernelIfEvPT_S1_S1_S0_S0_S0_,A100,GPT OSS,True,0.000584716
babelstream-cuda,_Z11init_kernelIfEvPT_S1_S1_S0_S0_S0_,A100,Opus 4.6,False,0.0693
babelstream-cuda,_Z11init_kernelIfEvPT_S1_S1_S0_S0_S0_,A100,Opus 4.6,True,0.078825
babelstream-cuda,_Z11init_kernelIfEvPT_S1_S1_S0_S0_S0_,H100,GPT 5.4,False,0.0204705
babelstream-cuda,_Z11init_kernelIfEvPT_S1_S1_S0_S0_S0_,H100,GPT 5.4,True,0.0230715
babelstream-cuda,_Z11init_kernelIfEvPT_S1_S1_S0_S0_S0_,H100,GPT OSS,False,0.00234561
babelstream-cuda,_Z11init_kernelIfEvPT_S1_S1_S0_S0_S0_,H100,GPT OSS,True,0.000478764
babelstream-cuda,_Z11init_kernelIfEvPT_S1_S1_S0_S0_S0_,H100,Opus 4.6,False,0.066
babelstream-cuda,_Z11init_kernelIfEvPT_S1_S1_S0_S0_S0_,H100,Opus 4.6,True,0.07291
babelstream-cuda,_Z12triad_kernelIfEvPT_PKS0_S3_,3080,GPT 5.4,False,0.0213055
babelstream-cuda,_Z12triad_kernelIfEvPT_PKS0_S3_,3080,GPT 5.4,True,0.0240115
babelstream-cuda,_Z12triad_kernelIfEvPT_PKS0_S3_,3080,GPT OSS,False,0.00049143
babelstream-cuda,_Z12triad_kernelIfEvPT_PKS0_S3_,3080,GPT OSS,True,0.0022993
babelstream-cuda,_Z12triad_kernelIfEvPT_PKS0_S3_,3080,Opus 4.6,False,0.06377
babelstream-cuda,_Z12triad_kernelIfEvPT_PKS0_S3_,3080,Opus 4.6,True,0.070755
babelstream-cuda,_Z12triad_kernelIfEvPT_PKS0_S3_,A10,GPT 5.4,False,0.0212205
babelstream-cuda,_Z12triad_kernelIfEvPT_PKS0_S3_,A10,GPT 5.4,True,0.0231915
babelstream-cuda,_Z12triad_kernelIfEvPT_PKS0_S3_,A10,GPT OSS,False,0.000486334
babelstream-cuda,_Z12triad_kernelIfEvPT_PKS0_S3_,A10,GPT OSS,True,0.0018906
babelstream-cuda,_Z12triad_kernelIfEvPT_PKS0_S3_,A10,Opus 4.6,False,0.064065
babelstream-cuda,_Z12triad_kernelIfEvPT_PKS0_S3_,A10,Opus 4.6,True,0.072175
babelstream-cuda,_Z12triad_kernelIfEvPT_PKS0_S3_,A100,GPT 5.4,False,0.021273
babelstream-cuda,_Z12triad_kernelIfEvPT_PKS0_S3_,A100,GPT 5.4,True,0.0244815
babelstream-cuda,_Z12triad_kernelIfEvPT_PKS0_S3_,A100,GPT OSS,False,0.000487781
babelstream-cuda,_Z12triad_kernelIfEvPT_PKS0_S3_,A100,GPT OSS,True,0.0021938
babelstream-cuda,_Z12triad_kernelIfEvPT_PKS0_S3_,A100,Opus 4.6,False,0.063655
babelstream-cuda,_Z12triad_kernelIfEvPT_PKS0_S3_,A100,Opus 4.6,True,0.07443
babelstream-cuda,_Z12triad_kernelIfEvPT_PKS0_S3_,H100,GPT 5.4,False,0.0206405
babelstream-cuda,_Z12triad_kernelIfEvPT_PKS0_S3_,H100,GPT 5.4,True,0.023454
babelstream-cuda,_Z12triad_kernelIfEvPT_PKS0_S3_,H100,GPT OSS,False,0.00244491
babelstream-cuda,_Z12triad_kernelIfEvPT_PKS0_S3_,H100,GPT OSS,True,0.00223744
babelstream-cuda,_Z12triad_kernelIfEvPT_PKS0_S3_,H100,Opus 4.6,False,0.06688
babelstream-cuda,_Z12triad_kernelIfEvPT_PKS0_S3_,H100,Opus 4.6,True,0.071545
babelstream-cuda,_Z14nstream_kernelIfEvPT_PKS0_S3_,3080,GPT 5.4,False,0.0214105
babelstream-cuda,_Z14nstream_kernelIfEvPT_PKS0_S3_,3080,GPT 5.4,True,0.0230365
babelstream-cuda,_Z14nstream_kernelIfEvPT_PKS0_S3_,3080,GPT OSS,False,0.00202529
babelstream-cuda,_Z14nstream_kernelIfEvPT_PKS0_S3_,3080,GPT OSS,True,0.00056512
babelstream-cuda,_Z14nstream_kernelIfEvPT_PKS0_S3_,3080,Opus 4.6,False,0.067095
babelstream-cuda,_Z14nstream_kernelIfEvPT_PKS0_S3_,3080,Opus 4.6,True,0.07251
babelstream-cuda,_Z14nstream_kernelIfEvPT_PKS0_S3_,A10,GPT 5.4,False,0.0211455
babelstream-cuda,_Z14nstream_kernelIfEvPT_PKS0_S3_,A10,GPT 5.4,True,0.0242865
babelstream-cuda,_Z14nstream_kernelIfEvPT_PKS0_S3_,A10,GPT OSS,False,0.00207793
babelstream-cuda,_Z14nstream_kernelIfEvPT_PKS0_S3_,A10,GPT OSS,True,0.000607904
babelstream-cuda,_Z14nstream_kernelIfEvPT_PKS0_S3_,A10,Opus 4.6,False,0.066165
babelstream-cuda,_Z14nstream_kernelIfEvPT_PKS0_S3_,A10,Opus 4.6,True,0.072605
babelstream-cuda,_Z14nstream_kernelIfEvPT_PKS0_S3_,A100,GPT 5.4,False,0.022113
babelstream-cuda,_Z14nstream_kernelIfEvPT_PKS0_S3_,A100,GPT 5.4,True,0.0232215
babelstream-cuda,_Z14nstream_kernelIfEvPT_PKS0_S3_,A100,GPT OSS,False,0.00195375
babelstream-cuda,_Z14nstream_kernelIfEvPT_PKS0_S3_,A100,GPT OSS,True,0.00059402
babelstream-cuda,_Z14nstream_kernelIfEvPT_PKS0_S3_,A100,Opus 4.6,False,0.065755
babelstream-cuda,_Z14nstream_kernelIfEvPT_PKS0_S3_,A100,Opus 4.6,True,0.074585
babelstream-cuda,_Z14nstream_kernelIfEvPT_PKS0_S3_,H100,GPT 5.4,False,0.0222575
babelstream-cuda,_Z14nstream_kernelIfEvPT_PKS0_S3_,H100,GPT 5.4,True,0.023344
babelstream-cuda,_Z14nstream_kernelIfEvPT_PKS0_S3_,H100,GPT OSS,False,0.00245441
babelstream-cuda,_Z14nstream_kernelIfEvPT_PKS0_S3_,H100,GPT OSS,True,0.000573393
babelstream-cuda,_Z14nstream_kernelIfEvPT_PKS0_S3_,H100,Opus 4.6,False,0.06708
babelstream-cuda,_Z14nstream_kernelIfEvPT_PKS0_S3_,H100,Opus 4.6,True,0.07293
babelstream-omp,_Z11init_arraysIfEvPT_S1_S1_S0_S0_S0__l71,3080,GPT 5.4,False,0.0196905
babelstream-omp,_Z11init_arraysIfEvPT_S1_S1_S0_S0_S0__l71,3080,GPT 5.4,True,0.0253715
babelstream-omp,_Z11init_arraysIfEvPT_S1_S1_S0_S0_S0__l71,3080,GPT OSS,False,0.000533116
babelstream-omp,_Z11init_arraysIfEvPT_S1_S1_S0_S0_S0__l71,3080,Opus 4.6,False,0.063455
babelstream-omp,_Z11init_arraysIfEvPT_S1_S1_S0_S0_S0__l71,3080,Opus 4.6,True,0.090105
babelstream-omp,_Z11init_arraysIfEvPT_S1_S1_S0_S0_S0__l71,A10,GPT 5.4,False,0.0187725
babelstream-omp,_Z11init_arraysIfEvPT_S1_S1_S0_S0_S0__l71,A10,GPT 5.4,True,0.0242315
babelstream-omp,_Z11init_arraysIfEvPT_S1_S1_S0_S0_S0__l71,A10,GPT OSS,False,0.000539342
babelstream-omp,_Z11init_arraysIfEvPT_S1_S1_S0_S0_S0__l71,A10,GPT OSS,True,0.00055213
babelstream-omp,_Z11init_arraysIfEvPT_S1_S1_S0_S0_S0__l71,A10,Opus 4.6,False,0.06353
babelstream-omp,_Z11init_arraysIfEvPT_S1_S1_S0_S0_S0__l71,A10,Opus 4.6,True,0.08723
babelstream-omp,_Z11init_arraysIfEvPT_S1_S1_S0_S0_S0__l71,A100,GPT 5.4,False,0.020598
babelstream-omp,_Z11init_arraysIfEvPT_S1_S1_S0_S0_S0__l71,A100,GPT 5.4,True,0.0265565
babelstream-omp,_Z11init_arraysIfEvPT_S1_S1_S0_S0_S0__l71,A100,GPT OSS,False,0.000468019
babelstream-omp,_Z11init_arraysIfEvPT_S1_S1_S0_S0_S0__l71,A100,GPT OSS,True,0.000593478
babelstream-omp,_Z11init_arraysIfEvPT_S1_S1_S0_S0_S0__l71,A100,Opus 4.6,False,0.067745
babelstream-omp,_Z11init_arraysIfEvPT_S1_S1_S0_S0_S0__l71,A100,Opus 4.6,True,0.09393
babelstream-omp,_Z11init_arraysIfEvPT_S1_S1_S0_S0_S0__l71,H100,GPT 5.4,False,0.0196175
babelstream-omp,_Z11init_arraysIfEvPT_S1_S1_S0_S0_S0__l71,H100,GPT 5.4,True,0.026549
babelstream-omp,_Z11init_arraysIfEvPT_S1_S1_S0_S0_S0__l71,H100,GPT OSS,False,0.00049876
babelstream-omp,_Z11init_arraysIfEvPT_S1_S1_S0_S0_S0__l71,H100,GPT OSS,True,0.000592227
babelstream-omp,_Z11init_arraysIfEvPT_S1_S1_S0_S0_S0__l71,H100,Opus 4.6,False,0.066545
babelstream-omp,_Z11init_arraysIfEvPT_S1_S1_S0_S0_S0__l71,H100,Opus 4.6,True,0.0904
babelstream-omp,_Z3addIfEvPKT_S2_PS0__l104,3080,GPT 5.4,False,0.020438
babelstream-omp,_Z3addIfEvPKT_S2_PS0__l104,3080,GPT 5.4,True,0.026559
babelstream-omp,_Z3addIfEvPKT_S2_PS0__l104,3080,GPT OSS,False,0.00205368
babelstream-omp,_Z3addIfEvPKT_S2_PS0__l104,3080,GPT OSS,True,0.002622
babelstream-omp,_Z3addIfEvPKT_S2_PS0__l104,3080,Opus 4.6,False,0.061905
babelstream-omp,_Z3addIfEvPKT_S2_PS0__l104,3080,Opus 4.6,True,0.082135
babelstream-omp,_Z3addIfEvPKT_S2_PS0__l104,A10,GPT 5.4,False,0.019433
babelstream-omp,_Z3addIfEvPKT_S2_PS0__l104,A10,GPT 5.4,True,0.024969
babelstream-omp,_Z3addIfEvPKT_S2_PS0__l104,A10,GPT OSS,False,0.00171195
babelstream-omp,_Z3addIfEvPKT_S2_PS0__l104,A10,GPT OSS,True,0.00256321
babelstream-omp,_Z3addIfEvPKT_S2_PS0__l104,A10,Opus 4.6,False,0.059855
babelstream-omp,_Z3addIfEvPKT_S2_PS0__l104,A10,Opus 4.6,True,0.08211
babelstream-omp,_Z3addIfEvPKT_S2_PS0__l104,A100,GPT 5.4,False,0.0203075
babelstream-omp,_Z3addIfEvPKT_S2_PS0__l104,A100,GPT 5.4,True,0.026874
babelstream-omp,_Z3addIfEvPKT_S2_PS0__l104,A100,GPT OSS,False,0.0017232
babelstream-omp,_Z3addIfEvPKT_S2_PS0__l104,A100,GPT OSS,True,0.000557105
babelstream-omp,_Z3addIfEvPKT_S2_PS0__l104,A100,Opus 4.6,False,0.061695
babelstream-omp,_Z3addIfEvPKT_S2_PS0__l104,A100,Opus 4.6,True,0.093285
babelstream-omp,_Z3addIfEvPKT_S2_PS0__l104,H100,GPT 5.4,False,0.020083
babelstream-omp,_Z3addIfEvPKT_S2_PS0__l104,H100,GPT 5.4,True,0.025159
babelstream-omp,_Z3addIfEvPKT_S2_PS0__l104,H100,GPT OSS,False,0.00196572
babelstream-omp,_Z3addIfEvPKT_S2_PS0__l104,H100,GPT OSS,True,0.00268637
babelstream-omp,_Z3addIfEvPKT_S2_PS0__l104,H100,Opus 4.6,False,0.06122
babelstream-omp,_Z3addIfEvPKT_S2_PS0__l104,H100,Opus 4.6,True,0.089595
babelstream-omp,_Z3dotIfET_PKS0_S2__l139,3080,GPT 5.4,False,0.0202205
babelstream-omp,_Z3dotIfET_PKS0_S2__l139,3080,GPT 5.4,True,0.0583865
babelstream-omp,_Z3dotIfET_PKS0_S2__l139,3080,GPT OSS,False,0.00203521
babelstream-omp,_Z3dotIfET_PKS0_S2__l139,3080,GPT OSS,True,0.00506682
babelstream-omp,_Z3dotIfET_PKS0_S2__l139,3080,Opus 4.6,False,0.078155
babelstream-omp,_Z3dotIfET_PKS0_S2__l139,3080,Opus 4.6,True,0.182905
babelstream-omp,_Z3dotIfET_PKS0_S2__l139,A10,GPT 5.4,False,0.0207155
babelstream-omp,_Z3dotIfET_PKS0_S2__l139,A10,GPT 5.4,True,0.0576065
babelstream-omp,_Z3dotIfET_PKS0_S2__l139,A10,GPT OSS,False,0.000547078
babelstream-omp,_Z3dotIfET_PKS0_S2__l139,A10,GPT OSS,True,0.00465653
babelstream-omp,_Z3dotIfET_PKS0_S2__l139,A10,Opus 4.6,False,0.08118
babelstream-omp,_Z3dotIfET_PKS0_S2__l139,A10,Opus 4.6,True,0.19148
babelstream-omp,_Z3dotIfET_PKS0_S2__l139,A100,GPT 5.4,False,0.019253
babelstream-omp,_Z3dotIfET_PKS0_S2__l139,A100,GPT 5.4,True,0.058604
babelstream-omp,_Z3dotIfET_PKS0_S2__l139,A100,GPT OSS,False,0.000510335
babelstream-omp,_Z3dotIfET_PKS0_S2__l139,A100,GPT OSS,True,0.001147081
babelstream-omp,_Z3dotIfET_PKS0_S2__l139,A100,Opus 4.6,False,0.07647
babelstream-omp,_Z3dotIfET_PKS0_S2__l139,A100,Opus 4.6,True,0.216235
babelstream-omp,_Z3dotIfET_PKS0_S2__l139,H100,GPT 5.4,False,0.0204805
babelstream-omp,_Z3dotIfET_PKS0_S2__l139,H100,GPT 5.4,True,0.0607315
babelstream-omp,_Z3dotIfET_PKS0_S2__l139,H100,GPT OSS,False,0.000462986
babelstream-omp,_Z3dotIfET_PKS0_S2__l139,H100,Opus 4.6,False,0.075045
babelstream-omp,_Z3dotIfET_PKS0_S2__l139,H100,Opus 4.6,True,0.19994
babelstream-omp,_Z3mulIdEvPT_PKS0__l93,3080,GPT 5.4,False,0.019475
babelstream-omp,_Z3mulIdEvPT_PKS0__l93,3080,GPT 5.4,True,0.025154
babelstream-omp,_Z3mulIdEvPT_PKS0__l93,3080,GPT OSS,False,0.00205189
babelstream-omp,_Z3mulIdEvPT_PKS0__l93,3080,GPT OSS,True,0.000611447
babelstream-omp,_Z3mulIdEvPT_PKS0__l93,3080,Opus 4.6,False,0.060685
babelstream-omp,_Z3mulIdEvPT_PKS0__l93,3080,Opus 4.6,True,0.084565
babelstream-omp,_Z3mulIdEvPT_PKS0__l93,A10,GPT 5.4,False,0.019943
babelstream-omp,_Z3mulIdEvPT_PKS0__l93,A10,GPT 5.4,True,0.024959
babelstream-omp,_Z3mulIdEvPT_PKS0__l93,A10,GPT OSS,False,0.00161505
babelstream-omp,_Z3mulIdEvPT_PKS0__l93,A10,GPT OSS,True,0.000545853
babelstream-omp,_Z3mulIdEvPT_PKS0__l93,A10,Opus 4.6,False,0.060935
babelstream-omp,_Z3mulIdEvPT_PKS0__l93,A10,Opus 4.6,True,0.08599
babelstream-omp,_Z3mulIdEvPT_PKS0__l93,A100,GPT 5.4,False,0.0202955
babelstream-omp,_Z3mulIdEvPT_PKS0__l93,A100,GPT 5.4,True,0.0265915
babelstream-omp,_Z3mulIdEvPT_PKS0__l93,A100,GPT OSS,False,0.00193367
babelstream-omp,_Z3mulIdEvPT_PKS0__l93,A100,GPT OSS,True,0.000623422
babelstream-omp,_Z3mulIdEvPT_PKS0__l93,A100,Opus 4.6,False,0.0595
babelstream-omp,_Z3mulIdEvPT_PKS0__l93,A100,Opus 4.6,True,0.08858
babelstream-omp,_Z3mulIdEvPT_PKS0__l93,H100,GPT 5.4,False,0.0199
babelstream-omp,_Z3mulIdEvPT_PKS0__l93,H100,GPT 5.4,True,0.0255565
babelstream-omp,_Z3mulIdEvPT_PKS0__l93,H100,GPT OSS,False,0.00174855
babelstream-omp,_Z3mulIdEvPT_PKS0__l93,H100,GPT OSS,True,0.0005639
babelstream-omp,_Z3mulIdEvPT_PKS0__l93,H100,Opus 4.6,False,0.061225
babelstream-omp,_Z3mulIdEvPT_PKS0__l93,H100,Opus 4.6,True,0.085755
babelstream-omp,_Z3mulIfEvPT_PKS0__l93,3080,GPT 5.4,False,0.019718
babelstream-omp,_Z3mulIfEvPT_PKS0__l93,3080,GPT 5.4,True,0.024569
babelstream-omp,_Z3mulIfEvPT_PKS0__l93,3080,GPT OSS,False,0.000471195
babelstream-omp,_Z3mulIfEvPT_PKS0__l93,3080,GPT OSS,True,0.000565145
babelstream-omp,_Z3mulIfEvPT_PKS0__l93,3080,Opus 4.6,False,0.06091
babelstream-omp,_Z3mulIfEvPT_PKS0__l93,3080,Opus 4.6,True,0.08015
babelstream-omp,_Z3mulIfEvPT_PKS0__l93,A10,GPT 5.4,False,0.019823
babelstream-omp,_Z3mulIfEvPT_PKS0__l93,A10,GPT 5.4,True,0.024104
babelstream-omp,_Z3mulIfEvPT_PKS0__l93,A10,GPT OSS,False,0.000459561
babelstream-omp,_Z3mulIfEvPT_PKS0__l93,A10,GPT OSS,True,0.000573271
babelstream-omp,_Z3mulIfEvPT_PKS0__l93,A10,Opus 4.6,False,0.061985
babelstream-omp,_Z3mulIfEvPT_PKS0__l93,A10,Opus 4.6,True,0.08285
babelstream-omp,_Z3mulIfEvPT_PKS0__l93,A100,GPT 5.4,False,0.0203075
babelstream-omp,_Z3mulIfEvPT_PKS0__l93,A100,GPT 5.4,True,0.0264165
babelstream-omp,_Z3mulIfEvPT_PKS0__l93,A100,GPT OSS,False,0.000467658
babelstream-omp,_Z3mulIfEvPT_PKS0__l93,A100,GPT OSS,True,0.003286
babelstream-omp,_Z3mulIfEvPT_PKS0__l93,A100,Opus 4.6,False,0.064
babelstream-omp,_Z3mulIfEvPT_PKS0__l93,A100,Opus 4.6,True,0.08901
babelstream-omp,_Z3mulIfEvPT_PKS0__l93,H100,GPT 5.4,False,0.0193
babelstream-omp,_Z3mulIfEvPT_PKS0__l93,H100,GPT 5.4,True,0.0260265
babelstream-omp,_Z3mulIfEvPT_PKS0__l93,H100,GPT OSS,False,0.000467619
babelstream-omp,_Z3mulIfEvPT_PKS0__l93,H100,GPT OSS,True,0.000568026
babelstream-omp,_Z3mulIfEvPT_PKS0__l93,H100,Opus 4.6,False,0.063175
babelstream-omp,_Z3mulIfEvPT_PKS0__l93,H100,Opus 4.6,True,0.085465
babelstream-omp,_Z4copyIdEvPKT_PS0__l84,3080,GPT 5.4,False,0.019265
babelstream-omp,_Z4copyIdEvPKT_PS0__l84,3080,GPT 5.4,True,0.025409
babelstream-omp,_Z4copyIdEvPKT_PS0__l84,3080,GPT OSS,False,0.000511475
babelstream-omp,_Z4copyIdEvPKT_PS0__l84,3080,GPT OSS,True,0.00282471
babelstream-omp,_Z4copyIdEvPKT_PS0__l84,3080,Opus 4.6,False,0.060185
babelstream-omp,_Z4copyIdEvPKT_PS0__l84,3080,Opus 4.6,True,0.080985
babelstream-omp,_Z4copyIdEvPKT_PS0__l84,A10,GPT 5.4,False,0.019583
babelstream-omp,_Z4copyIdEvPKT_PS0__l84,A10,GPT 5.4,True,0.024944
babelstream-omp,_Z4copyIdEvPKT_PS0__l84,A10,GPT OSS,False,0.0024662
babelstream-omp,_Z4copyIdEvPKT_PS0__l84,A10,GPT OSS,True,0.000567293
babelstream-omp,_Z4copyIdEvPKT_PS0__l84,A10,Opus 4.6,False,0.06006
babelstream-omp,_Z4copyIdEvPKT_PS0__l84,A10,Opus 4.6,True,0.08296
babelstream-omp,_Z4copyIdEvPKT_PS0__l84,A100,GPT 5.4,False,0.0195875
babelstream-omp,_Z4copyIdEvPKT_PS0__l84,A100,GPT 5.4,True,0.0268815
babelstream-omp,_Z4copyIdEvPKT_PS0__l84,A100,GPT OSS,False,0.000472408
babelstream-omp,_Z4copyIdEvPKT_PS0__l84,A100,GPT OSS,True,0.00263927
babelstream-omp,_Z4copyIdEvPKT_PS0__l84,A100,Opus 4.6,False,0.061275
babelstream-omp,_Z4copyIdEvPKT_PS0__l84,A100,Opus 4.6,True,0.08932
babelstream-omp,_Z4copyIdEvPKT_PS0__l84,H100,GPT 5.4,False,0.019783
babelstream-omp,_Z4copyIdEvPKT_PS0__l84,H100,GPT 5.4,True,0.0258015
babelstream-omp,_Z4copyIdEvPKT_PS0__l84,H100,GPT OSS,False,0.000475409
babelstream-omp,_Z4copyIdEvPKT_PS0__l84,H100,GPT OSS,True,0.00241542
babelstream-omp,_Z4copyIdEvPKT_PS0__l84,H100,Opus 4.6,False,0.06115
babelstream-omp,_Z4copyIdEvPKT_PS0__l84,H100,Opus 4.6,True,0.08855
babelstream-omp,_Z4copyIfEvPKT_PS0__l84,3080,GPT 5.4,False,0.0194
babelstream-omp,_Z4copyIfEvPKT_PS0__l84,3080,GPT 5.4,True,0.025369
babelstream-omp,_Z4copyIfEvPKT_PS0__l84,3080,GPT OSS,False,0.00198824
babelstream-omp,_Z4copyIfEvPKT_PS0__l84,3080,GPT OSS,True,0.000517781
babelstream-omp,_Z4copyIfEvPKT_PS0__l84,3080,Opus 4.6,False,0.060485
babelstream-omp,_Z4copyIfEvPKT_PS0__l84,3080,Opus 4.6,True,0.082405
babelstream-omp,_Z4copyIfEvPKT_PS0__l84,A10,GPT 5.4,False,0.01982
babelstream-omp,_Z4copyIfEvPKT_PS0__l84,A10,GPT 5.4,True,0.024394
babelstream-omp,_Z4copyIfEvPKT_PS0__l84,A10,GPT OSS,False,0.001824
babelstream-omp,_Z4copyIfEvPKT_PS0__l84,A10,GPT OSS,True,0.000557067
babelstream-omp,_Z4copyIfEvPKT_PS0__l84,A10,Opus 4.6,False,0.062135
babelstream-omp,_Z4copyIfEvPKT_PS0__l84,A10,Opus 4.6,True,0.082805
babelstream-omp,_Z4copyIfEvPKT_PS0__l84,A100,GPT 5.4,False,0.0200255
babelstream-omp,_Z4copyIfEvPKT_PS0__l84,A100,GPT 5.4,True,0.0278615
babelstream-omp,_Z4copyIfEvPKT_PS0__l84,A100,GPT OSS,False,0.00198592
babelstream-omp,_Z4copyIfEvPKT_PS0__l84,A100,GPT OSS,True,0.000564122
babelstream-omp,_Z4copyIfEvPKT_PS0__l84,A100,Opus 4.6,False,0.06065
babelstream-omp,_Z4copyIfEvPKT_PS0__l84,A100,Opus 4.6,True,0.091965
babelstream-omp,_Z4copyIfEvPKT_PS0__l84,H100,GPT 5.4,False,0.019708
babelstream-omp,_Z4copyIfEvPKT_PS0__l84,H100,GPT 5.4,True,0.0255215
babelstream-omp,_Z4copyIfEvPKT_PS0__l84,H100,GPT OSS,False,0.00181098
babelstream-omp,_Z4copyIfEvPKT_PS0__l84,H100,GPT OSS,True,0.000599702
babelstream-omp,_Z4copyIfEvPKT_PS0__l84,H100,Opus 4.6,False,0.061175
babelstream-omp,_Z4copyIfEvPKT_PS0__l84,H100,Opus 4.6,True,0.08402
babelstream-omp,_Z5triadIfEvPT_PKS0_S3__l115,3080,GPT 5.4,False,0.020878
babelstream-omp,_Z5triadIfEvPT_PKS0_S3__l115,3080,GPT 5.4,True,0.0251315
babelstream-omp,_Z5triadIfEvPT_PKS0_S3__l115,3080,GPT OSS,True,0.00239152
babelstream-omp,_Z5triadIfEvPT_PKS0_S3__l115,3080,Opus 4.6,False,0.06174
babelstream-omp,_Z5triadIfEvPT_PKS0_S3__l115,3080,Opus 4.6,True,0.083625
babelstream-omp,_Z5triadIfEvPT_PKS0_S3__l115,A10,GPT 5.4,False,0.02056
babelstream-omp,_Z5triadIfEvPT_PKS0_S3__l115,A10,GPT 5.4,True,0.0251015
babelstream-omp,_Z5triadIfEvPT_PKS0_S3__l115,A10,GPT OSS,False,0.000481343
babelstream-omp,_Z5triadIfEvPT_PKS0_S3__l115,A10,GPT OSS,True,0.0022461
babelstream-omp,_Z5triadIfEvPT_PKS0_S3__l115,A10,Opus 4.6,False,0.06249
babelstream-omp,_Z5triadIfEvPT_PKS0_S3__l115,A10,Opus 4.6,True,0.084675
babelstream-omp,_Z5triadIfEvPT_PKS0_S3__l115,A100,GPT 5.4,False,0.0205675
babelstream-omp,_Z5triadIfEvPT_PKS0_S3__l115,A100,GPT 5.4,True,0.0263465
babelstream-omp,_Z5triadIfEvPT_PKS0_S3__l115,A100,GPT OSS,False,0.00047367
babelstream-omp,_Z5triadIfEvPT_PKS0_S3__l115,A100,GPT OSS,True,0.00302736
babelstream-omp,_Z5triadIfEvPT_PKS0_S3__l115,A100,Opus 4.6,False,0.06273
babelstream-omp,_Z5triadIfEvPT_PKS0_S3__l115,A100,Opus 4.6,True,0.093525
babelstream-omp,_Z5triadIfEvPT_PKS0_S3__l115,H100,GPT 5.4,False,0.020823
babelstream-omp,_Z5triadIfEvPT_PKS0_S3__l115,H100,GPT 5.4,True,0.0264915
babelstream-omp,_Z5triadIfEvPT_PKS0_S3__l115,H100,GPT OSS,False,0.000514101
babelstream-omp,_Z5triadIfEvPT_PKS0_S3__l115,H100,GPT OSS,True,0.00072674
babelstream-omp,_Z5triadIfEvPT_PKS0_S3__l115,H100,Opus 4.6,False,0.06123
babelstream-omp,_Z5triadIfEvPT_PKS0_S3__l115,H100,Opus 4.6,True,0.08736
babelstream-omp,_Z7nstreamIfEvPT_PKS0_S3__l127,3080,GPT 5.4,False,0.020068
babelstream-omp,_Z7nstreamIfEvPT_PKS0_S3__l127,3080,GPT 5.4,True,0.026869
babelstream-omp,_Z7nstreamIfEvPT_PKS0_S3__l127,3080,GPT OSS,False,0.00251471
babelstream-omp,_Z7nstreamIfEvPT_PKS0_S3__l127,3080,GPT OSS,True,0.000630369
babelstream-omp,_Z7nstreamIfEvPT_PKS0_S3__l127,3080,Opus 4.6,False,0.063795
babelstream-omp,_Z7nstreamIfEvPT_PKS0_S3__l127,3080,Opus 4.6,True,0.08677
babelstream-omp,_Z7nstreamIfEvPT_PKS0_S3__l127,A10,GPT 5.4,False,0.020308
babelstream-omp,_Z7nstreamIfEvPT_PKS0_S3__l127,A10,GPT 5.4,True,0.026044
babelstream-omp,_Z7nstreamIfEvPT_PKS0_S3__l127,A10,GPT OSS,False,0.000496163
babelstream-omp,_Z7nstreamIfEvPT_PKS0_S3__l127,A10,GPT OSS,True,0.000606955
babelstream-omp,_Z7nstreamIfEvPT_PKS0_S3__l127,A10,Opus 4.6,False,0.06517
babelstream-omp,_Z7nstreamIfEvPT_PKS0_S3__l127,A10,Opus 4.6,True,0.089995
babelstream-omp,_Z7nstreamIfEvPT_PKS0_S3__l127,A100,GPT 5.4,False,0.0222055
babelstream-omp,_Z7nstreamIfEvPT_PKS0_S3__l127,A100,GPT 5.4,True,0.025674
babelstream-omp,_Z7nstreamIfEvPT_PKS0_S3__l127,A100,GPT OSS,False,0.0005035
babelstream-omp,_Z7nstreamIfEvPT_PKS0_S3__l127,A100,GPT OSS,True,0.000627817
babelstream-omp,_Z7nstreamIfEvPT_PKS0_S3__l127,A100,Opus 4.6,False,0.063385
babelstream-omp,_Z7nstreamIfEvPT_PKS0_S3__l127,A100,Opus 4.6,True,0.09449
babelstream-omp,_Z7nstreamIfEvPT_PKS0_S3__l127,H100,GPT 5.4,False,0.021345
babelstream-omp,_Z7nstreamIfEvPT_PKS0_S3__l127,H100,GPT 5.4,True,0.0264965
babelstream-omp,_Z7nstreamIfEvPT_PKS0_S3__l127,H100,GPT OSS,True,0.000709514
babelstream-omp,_Z7nstreamIfEvPT_PKS0_S3__l127,H100,Opus 4.6,False,0.06461
babelstream-omp,_Z7nstreamIfEvPT_PKS0_S3__l127,H100,Opus 4.6,True,0.092605
background-subtract-cuda,_Z5mergemPKhS0_S0_PhS1_,3080,GPT 5.4,True,0.024159
background-subtract-cuda,_Z5mergemPKhS0_S0_PhS1_,3080,GPT OSS,False,0.000600892
background-subtract-cuda,_Z5mergemPKhS0_S0_PhS1_,3080,Opus 4.6,False,0.087065
background-subtract-cuda,_Z5mergemPKhS0_S0_PhS1_,3080,Opus 4.6,True,0.08627
background-subtract-cuda,_Z5mergemPKhS0_S0_PhS1_,A10,GPT 5.4,False,0.0219005
background-subtract-cuda,_Z5mergemPKhS0_S0_PhS1_,A10,GPT 5.4,True,0.024509
background-subtract-cuda,_Z5mergemPKhS0_S0_PhS1_,A10,GPT OSS,False,0.000717966
background-subtract-cuda,_Z5mergemPKhS0_S0_PhS1_,A10,GPT OSS,True,0.0038592
background-subtract-cuda,_Z5mergemPKhS0_S0_PhS1_,A10,Opus 4.6,False,0.080035
background-subtract-cuda,_Z5mergemPKhS0_S0_PhS1_,A10,Opus 4.6,True,0.08809
background-subtract-cuda,_Z5mergemPKhS0_S0_PhS1_,A100,GPT 5.4,False,0.02096
background-subtract-cuda,_Z5mergemPKhS0_S0_PhS1_,A100,GPT 5.4,True,0.0267365
background-subtract-cuda,_Z5mergemPKhS0_S0_PhS1_,A100,GPT OSS,False,0.000820493
background-subtract-cuda,_Z5mergemPKhS0_S0_PhS1_,A100,GPT OSS,True,0.00125947
background-subtract-cuda,_Z5mergemPKhS0_S0_PhS1_,A100,Opus 4.6,False,0.0963
background-subtract-cuda,_Z5mergemPKhS0_S0_PhS1_,A100,Opus 4.6,True,0.089355
background-subtract-cuda,_Z5mergemPKhS0_S0_PhS1_,H100,GPT 5.4,False,0.0224305
background-subtract-cuda,_Z5mergemPKhS0_S0_PhS1_,H100,GPT 5.4,True,0.025504
background-subtract-cuda,_Z5mergemPKhS0_S0_PhS1_,H100,GPT OSS,False,0.000629124
background-subtract-cuda,_Z5mergemPKhS0_S0_PhS1_,H100,GPT OSS,True,0.00364156
background-subtract-cuda,_Z5mergemPKhS0_S0_PhS1_,H100,Opus 4.6,False,0.080325
background-subtract-cuda,_Z5mergemPKhS0_S0_PhS1_,H100,Opus 4.6,True,0.10854
background-subtract-omp,_Z5mergemPKhS0_S0_PhS1__l69,3080,GPT 5.4,False,0.020318
background-subtract-omp,_Z5mergemPKhS0_S0_PhS1__l69,3080,GPT 5.4,True,0.034174
background-subtract-omp,_Z5mergemPKhS0_S0_PhS1__l69,3080,GPT OSS,False,0.000683467
background-subtract-omp,_Z5mergemPKhS0_S0_PhS1__l69,3080,GPT OSS,True,0.000837809
background-subtract-omp,_Z5mergemPKhS0_S0_PhS1__l69,3080,Opus 4.6,False,0.085015
background-subtract-omp,_Z5mergemPKhS0_S0_PhS1__l69,3080,Opus 4.6,True,0.12128
background-subtract-omp,_Z5mergemPKhS0_S0_PhS1__l69,A10,GPT 5.4,False,0.021623
background-subtract-omp,_Z5mergemPKhS0_S0_PhS1__l69,A10,GPT 5.4,True,0.035014
background-subtract-omp,_Z5mergemPKhS0_S0_PhS1__l69,A10,GPT OSS,False,0.000691403
background-subtract-omp,_Z5mergemPKhS0_S0_PhS1__l69,A10,GPT OSS,True,0.000749985
background-subtract-omp,_Z5mergemPKhS0_S0_PhS1__l69,A10,Opus 4.6,False,0.098515
background-subtract-omp,_Z5mergemPKhS0_S0_PhS1__l69,A10,Opus 4.6,True,0.12703
background-subtract-omp,_Z5mergemPKhS0_S0_PhS1__l69,A100,GPT 5.4,False,0.0209855
background-subtract-omp,_Z5mergemPKhS0_S0_PhS1__l69,A100,GPT 5.4,True,0.0322765
background-subtract-omp,_Z5mergemPKhS0_S0_PhS1__l69,A100,GPT OSS,False,0.0022053
background-subtract-omp,_Z5mergemPKhS0_S0_PhS1__l69,A100,GPT OSS,True,0.000809952
background-subtract-omp,_Z5mergemPKhS0_S0_PhS1__l69,A100,Opus 4.6,False,0.093105
background-subtract-omp,_Z5mergemPKhS0_S0_PhS1__l69,A100,Opus 4.6,True,0.12172
background-subtract-omp,_Z5mergemPKhS0_S0_PhS1__l69,H100,GPT 5.4,False,0.018865
background-subtract-omp,_Z5mergemPKhS0_S0_PhS1__l69,H100,GPT 5.4,True,0.0349615
background-subtract-omp,_Z5mergemPKhS0_S0_PhS1__l69,H100,GPT OSS,False,0.000679321
background-subtract-omp,_Z5mergemPKhS0_S0_PhS1__l69,H100,GPT OSS,True,0.000931848
background-subtract-omp,_Z5mergemPKhS0_S0_PhS1__l69,H100,Opus 4.6,False,0.08258
background-subtract-omp,_Z5mergemPKhS0_S0_PhS1__l69,H100,Opus 4.6,True,0.138635
backprop-cuda,_Z19kernel_layerforwardPKfPfS1_i,3080,GPT 5.4,False,0.035238
backprop-cuda,_Z19kernel_layerforwardPKfPfS1_i,3080,GPT 5.4,True,0.0406615
backprop-cuda,_Z19kernel_layerforwardPKfPfS1_i,3080,GPT OSS,False,0.001055619
backprop-cuda,_Z19kernel_layerforwardPKfPfS1_i,3080,GPT OSS,True,0.00117696
backprop-cuda,_Z19kernel_layerforwardPKfPfS1_i,3080,Opus 4.6,False,0.13199
backprop-cuda,_Z19kernel_layerforwardPKfPfS1_i,3080,Opus 4.6,True,0.15411
backprop-cuda,_Z19kernel_layerforwardPKfPfS1_i,A10,GPT 5.4,False,0.0415625
backprop-cuda,_Z19kernel_layerforwardPKfPfS1_i,A10,GPT 5.4,True,0.041199
backprop-cuda,_Z19kernel_layerforwardPKfPfS1_i,A10,GPT OSS,False,0.0036171
backprop-cuda,_Z19kernel_layerforwardPKfPfS1_i,A10,GPT OSS,True,0.001041977
backprop-cuda,_Z19kernel_layerforwardPKfPfS1_i,A10,Opus 4.6,False,0.119305
backprop-cuda,_Z19kernel_layerforwardPKfPfS1_i,A10,Opus 4.6,True,0.145
backprop-cuda,_Z19kernel_layerforwardPKfPfS1_i,A100,GPT 5.4,False,0.035183
backprop-cuda,_Z19kernel_layerforwardPKfPfS1_i,A100,GPT 5.4,True,0.042719
backprop-cuda,_Z19kernel_layerforwardPKfPfS1_i,A100,GPT OSS,True,0.001312981
backprop-cuda,_Z19kernel_layerforwardPKfPfS1_i,A100,Opus 4.6,False,0.118695
backprop-cuda,_Z19kernel_layerforwardPKfPfS1_i,A100,Opus 4.6,True,0.141595
backprop-cuda,_Z19kernel_layerforwardPKfPfS1_i,H100,GPT 5.4,False,0.0356305
backprop-cuda,_Z19kernel_layerforwardPKfPfS1_i,H100,GPT 5.4,True,0.041884
backprop-cuda,_Z19kernel_layerforwardPKfPfS1_i,H100,GPT OSS,False,0.001061694
backprop-cuda,_Z19kernel_layerforwardPKfPfS1_i,H100,GPT OSS,True,0.001031211
backprop-cuda,_Z19kernel_layerforwardPKfPfS1_i,H100,Opus 4.6,False,0.11472
backprop-cuda,_Z19kernel_layerforwardPKfPfS1_i,H100,Opus 4.6,True,0.140285
backprop-cuda,_Z21kernel_adjust_weightsPKfPfS0_S1_i,3080,GPT 5.4,False,0.0452375
backprop-cuda,_Z21kernel_adjust_weightsPKfPfS0_S1_i,3080,GPT 5.4,True,0.041319
backprop-cuda,_Z21kernel_adjust_weightsPKfPfS0_S1_i,3080,GPT OSS,False,0.00453308
backprop-cuda,_Z21kernel_adjust_weightsPKfPfS0_S1_i,3080,GPT OSS,True,0.001199287
backprop-cuda,_Z21kernel_adjust_weightsPKfPfS0_S1_i,3080,Opus 4.6,False,0.126695
backprop-cuda,_Z21kernel_adjust_weightsPKfPfS0_S1_i,3080,Opus 4.6,True,0.124395
backprop-cuda,_Z21kernel_adjust_weightsPKfPfS0_S1_i,A10,GPT 5.4,False,0.044245
backprop-cuda,_Z21kernel_adjust_weightsPKfPfS0_S1_i,A10,GPT 5.4,True,0.0414065
backprop-cuda,_Z21kernel_adjust_weightsPKfPfS0_S1_i,A10,GPT OSS,False,0.00471355
backprop-cuda,_Z21kernel_adjust_weightsPKfPfS0_S1_i,A10,GPT OSS,True,0.000864614
backprop-cuda,_Z21kernel_adjust_weightsPKfPfS0_S1_i,A10,Opus 4.6,False,0.12816
backprop-cuda,_Z21kernel_adjust_weightsPKfPfS0_S1_i,A10,Opus 4.6,True,0.122735
backprop-cuda,_Z21kernel_adjust_weightsPKfPfS0_S1_i,A100,GPT 5.4,False,0.0381475
backprop-cuda,_Z21kernel_adjust_weightsPKfPfS0_S1_i,A100,GPT 5.4,True,0.0407565
backprop-cuda,_Z21kernel_adjust_weightsPKfPfS0_S1_i,A100,GPT OSS,False,0.0037923
backprop-cuda,_Z21kernel_adjust_weightsPKfPfS0_S1_i,A100,GPT OSS,True,0.001207852
backprop-cuda,_Z21kernel_adjust_weightsPKfPfS0_S1_i,A100,Opus 4.6,False,0.1398
backprop-cuda,_Z21kernel_adjust_weightsPKfPfS0_S1_i,A100,Opus 4.6,True,0.13215
backprop-cuda,_Z21kernel_adjust_weightsPKfPfS0_S1_i,H100,GPT 5.4,False,0.045345
backprop-cuda,_Z21kernel_adjust_weightsPKfPfS0_S1_i,H100,GPT 5.4,True,0.039634
backprop-cuda,_Z21kernel_adjust_weightsPKfPfS0_S1_i,H100,GPT OSS,False,0.00520593
backprop-cuda,_Z21kernel_adjust_weightsPKfPfS0_S1_i,H100,GPT OSS,True,0.000982493
backprop-cuda,_Z21kernel_adjust_weightsPKfPfS0_S1_i,H100,Opus 4.6,False,0.12825
backprop-cuda,_Z21kernel_adjust_weightsPKfPfS0_S1_i,H100,Opus 4.6,True,0.127685
backprop-omp,_Z17bpnn_train_kernelP4BPNNPfS1__l78,3080,GPT 5.4,False,0.0363305
backprop-omp,_Z17bpnn_train_kernelP4BPNNPfS1__l78,3080,GPT 5.4,True,0.078924
backprop-omp,_Z17bpnn_train_kernelP4BPNNPfS1__l78,3080,GPT OSS,True,0.00696777
backprop-omp,_Z17bpnn_train_kernelP4BPNNPfS1__l78,3080,Opus 4.6,False,0.115175
backprop-omp,_Z17bpnn_train_kernelP4BPNNPfS1__l78,3080,Opus 4.6,True,0.225445
backprop-omp,_Z17bpnn_train_kernelP4BPNNPfS1__l78,A10,GPT 5.4,False,0.036953
backprop-omp,_Z17bpnn_train_kernelP4BPNNPfS1__l78,A10,GPT 5.4,True,0.0807315
backprop-omp,_Z17bpnn_train_kernelP4BPNNPfS1__l78,A10,GPT OSS,False,0.000965321
backprop-omp,_Z17bpnn_train_kernelP4BPNNPfS1__l78,A10,GPT OSS,True,0.00790902
backprop-omp,_Z17bpnn_train_kernelP4BPNNPfS1__l78,A10,Opus 4.6,False,0.12761
backprop-omp,_Z17bpnn_train_kernelP4BPNNPfS1__l78,A10,Opus 4.6,True,0.23133
backprop-omp,_Z17bpnn_train_kernelP4BPNNPfS1__l78,A100,GPT 5.4,False,0.0363305
backprop-omp,_Z17bpnn_train_kernelP4BPNNPfS1__l78,A100,GPT 5.4,True,0.079649
backprop-omp,_Z17bpnn_train_kernelP4BPNNPfS1__l78,A100,GPT OSS,False,0.001220418
backprop-omp,_Z17bpnn_train_kernelP4BPNNPfS1__l78,A100,GPT OSS,True,0.00623673
backprop-omp,_Z17bpnn_train_kernelP4BPNNPfS1__l78,A100,Opus 4.6,False,0.117325
backprop-omp,_Z17bpnn_train_kernelP4BPNNPfS1__l78,A100,Opus 4.6,True,0.23246
backprop-omp,_Z17bpnn_train_kernelP4BPNNPfS1__l78,H100,GPT 5.4,False,0.036568
backprop-omp,_Z17bpnn_train_kernelP4BPNNPfS1__l78,H100,GPT 5.4,True,0.0782215
backprop-omp,_Z17bpnn_train_kernelP4BPNNPfS1__l78,H100,GPT OSS,True,0.00669079
backprop-omp,_Z17bpnn_train_kernelP4BPNNPfS1__l78,H100,Opus 4.6,False,0.12795
backprop-omp,_Z17bpnn_train_kernelP4BPNNPfS1__l78,H100,Opus 4.6,True,0.24286
bfs-cuda,_Z6KernelPK4NodePKiPcS4_PKcPii,3080,GPT 5.4,False,0.0190705
bfs-cuda,_Z6KernelPK4NodePKiPcS4_PKcPii,3080,GPT 5.4,True,0.0305915
bfs-cuda,_Z6KernelPK4NodePKiPcS4_PKcPii,3080,GPT OSS,False,0.00059425
bfs-cuda,_Z6KernelPK4NodePKiPcS4_PKcPii,3080,GPT OSS,True,0.00073654
bfs-cuda,_Z6KernelPK4NodePKiPcS4_PKcPii,3080,Opus 4.6,False,0.072645
bfs-cuda,_Z6KernelPK4NodePKiPcS4_PKcPii,3080,Opus 4.6,True,0.101605
bfs-cuda,_Z6KernelPK4NodePKiPcS4_PKcPii,A10,GPT 5.4,False,0.0182775
bfs-cuda,_Z6KernelPK4NodePKiPcS4_PKcPii,A10,GPT 5.4,True,0.0309265
bfs-cuda,_Z6KernelPK4NodePKiPcS4_PKcPii,A10,GPT OSS,False,0.000537094
bfs-cuda,_Z6KernelPK4NodePKiPcS4_PKcPii,A10,GPT OSS,True,0.000654494
bfs-cuda,_Z6KernelPK4NodePKiPcS4_PKcPii,A10,Opus 4.6,False,0.06759
bfs-cuda,_Z6KernelPK4NodePKiPcS4_PKcPii,A10,Opus 4.6,True,0.099025
bfs-cuda,_Z6KernelPK4NodePKiPcS4_PKcPii,A100,GPT 5.4,False,0.01968
bfs-cuda,_Z6KernelPK4NodePKiPcS4_PKcPii,A100,GPT 5.4,True,0.029959
bfs-cuda,_Z6KernelPK4NodePKiPcS4_PKcPii,A100,Opus 4.6,False,0.07218
bfs-cuda,_Z6KernelPK4NodePKiPcS4_PKcPii,A100,Opus 4.6,True,0.119035
bfs-cuda,_Z6KernelPK4NodePKiPcS4_PKcPii,H100,GPT 5.4,False,0.0189875
bfs-cuda,_Z6KernelPK4NodePKiPcS4_PKcPii,H100,GPT 5.4,True,0.0304715
bfs-cuda,_Z6KernelPK4NodePKiPcS4_PKcPii,H100,GPT OSS,False,0.000522162
bfs-cuda,_Z6KernelPK4NodePKiPcS4_PKcPii,H100,GPT OSS,True,0.000654418
bfs-cuda,_Z6KernelPK4NodePKiPcS4_PKcPii,H100,Opus 4.6,False,0.07703
bfs-cuda,_Z6KernelPK4NodePKiPcS4_PKcPii,H100,Opus 4.6,True,0.100265
bfs-cuda,_Z7Kernel2PcS_S_S_i,3080,GPT 5.4,False,0.0186955
bfs-cuda,_Z7Kernel2PcS_S_S_i,3080,GPT 5.4,True,0.021134
bfs-cuda,_Z7Kernel2PcS_S_S_i,3080,GPT OSS,False,0.000510752
bfs-cuda,_Z7Kernel2PcS_S_S_i,3080,GPT OSS,True,0.00201225
bfs-cuda,_Z7Kernel2PcS_S_S_i,3080,Opus 4.6,False,0.072795
bfs-cuda,_Z7Kernel2PcS_S_S_i,3080,Opus 4.6,True,0.075885
bfs-cuda,_Z7Kernel2PcS_S_S_i,A10,GPT 5.4,False,0.0185055
bfs-cuda,_Z7Kernel2PcS_S_S_i,A10,GPT 5.4,True,0.020344
bfs-cuda,_Z7Kernel2PcS_S_S_i,A10,GPT OSS,False,0.000482096
bfs-cuda,_Z7Kernel2PcS_S_S_i,A10,GPT OSS,True,0.00214365
bfs-cuda,_Z7Kernel2PcS_S_S_i,A10,Opus 4.6,False,0.072365
bfs-cuda,_Z7Kernel2PcS_S_S_i,A10,Opus 4.6,True,0.080055
bfs-cuda,_Z7Kernel2PcS_S_S_i,A100,GPT 5.4,False,0.019155
bfs-cuda,_Z7Kernel2PcS_S_S_i,A100,GPT 5.4,True,0.0208765
bfs-cuda,_Z7Kernel2PcS_S_S_i,A100,GPT OSS,False,0.00235162
bfs-cuda,_Z7Kernel2PcS_S_S_i,A100,GPT OSS,True,0.0022335
bfs-cuda,_Z7Kernel2PcS_S_S_i,A100,Opus 4.6,False,0.07318
bfs-cuda,_Z7Kernel2PcS_S_S_i,A100,Opus 4.6,True,0.082395
bfs-cuda,_Z7Kernel2PcS_S_S_i,H100,GPT 5.4,False,0.0190805
bfs-cuda,_Z7Kernel2PcS_S_S_i,H100,GPT 5.4,True,0.020579
bfs-cuda,_Z7Kernel2PcS_S_S_i,H100,GPT OSS,False,0.000447404
bfs-cuda,_Z7Kernel2PcS_S_S_i,H100,Opus 4.6,False,0.07673
bfs-cuda,_Z7Kernel2PcS_S_S_i,H100,Opus 4.6,True,0.08047
bfs-omp,_Z11run_bfs_gpuiP4NodeiPiPcS2_S2_S1__l83,3080,GPT 5.4,False,0.0178155
bfs-omp,_Z11run_bfs_gpuiP4NodeiPiPcS2_S2_S1__l83,3080,GPT 5.4,True,0.0259765
bfs-omp,_Z11run_bfs_gpuiP4NodeiPiPcS2_S2_S1__l83,3080,Opus 4.6,False,0.07275
bfs-omp,_Z11run_bfs_gpuiP4NodeiPiPcS2_S2_S1__l83,3080,Opus 4.6,True,0.094145
bfs-omp,_Z11run_bfs_gpuiP4NodeiPiPcS2_S2_S1__l83,A10,GPT 5.4,False,0.018383
bfs-omp,_Z11run_bfs_gpuiP4NodeiPiPcS2_S2_S1__l83,A10,GPT 5.4,True,0.025236
bfs-omp,_Z11run_bfs_gpuiP4NodeiPiPcS2_S2_S1__l83,A10,GPT OSS,False,0.000500797
bfs-omp,_Z11run_bfs_gpuiP4NodeiPiPcS2_S2_S1__l83,A10,Opus 4.6,False,0.06814
bfs-omp,_Z11run_bfs_gpuiP4NodeiPiPcS2_S2_S1__l83,A10,Opus 4.6,True,0.09581
bfs-omp,_Z11run_bfs_gpuiP4NodeiPiPcS2_S2_S1__l83,A100,GPT 5.4,False,0.0201605
bfs-omp,_Z11run_bfs_gpuiP4NodeiPiPcS2_S2_S1__l83,A100,GPT 5.4,True,0.026089
bfs-omp,_Z11run_bfs_gpuiP4NodeiPiPcS2_S2_S1__l83,A100,GPT OSS,False,0.000567034
bfs-omp,_Z11run_bfs_gpuiP4NodeiPiPcS2_S2_S1__l83,A100,GPT OSS,True,0.000639481
bfs-omp,_Z11run_bfs_gpuiP4NodeiPiPcS2_S2_S1__l83,A100,Opus 4.6,False,0.069505
bfs-omp,_Z11run_bfs_gpuiP4NodeiPiPcS2_S2_S1__l83,A100,Opus 4.6,True,0.10737
bfs-omp,_Z11run_bfs_gpuiP4NodeiPiPcS2_S2_S1__l83,H100,GPT 5.4,False,0.018763
bfs-omp,_Z11run_bfs_gpuiP4NodeiPiPcS2_S2_S1__l83,H100,GPT 5.4,True,0.027419
bfs-omp,_Z11run_bfs_gpuiP4NodeiPiPcS2_S2_S1__l83,H100,GPT OSS,False,0.000531465
bfs-omp,_Z11run_bfs_gpuiP4NodeiPiPcS2_S2_S1__l83,H100,GPT OSS,True,0.000763685
bfs-omp,_Z11run_bfs_gpuiP4NodeiPiPcS2_S2_S1__l83,H100,Opus 4.6,False,0.07013
bfs-omp,_Z11run_bfs_gpuiP4NodeiPiPcS2_S2_S1__l83,H100,Opus 4.6,True,0.095195
bh-cuda,_Z10SortKerneliiPiPKiPViS_S_,3080,GPT 5.4,False,0.0405425
bh-cuda,_Z10SortKerneliiPiPKiPViS_S_,3080,GPT 5.4,True,0.046639
bh-cuda,_Z10SortKerneliiPiPKiPViS_S_,3080,GPT OSS,False,0.001050514
bh-cuda,_Z10SortKerneliiPiPKiPViS_S_,3080,GPT OSS,True,0.00496234
bh-cuda,_Z10SortKerneliiPiPKiPViS_S_,3080,Opus 4.6,False,0.104825
bh-cuda,_Z10SortKerneliiPiPKiPViS_S_,3080,Opus 4.6,True,0.145035
bh-cuda,_Z10SortKerneliiPiPKiPViS_S_,A10,GPT 5.4,False,0.0347755
bh-cuda,_Z10SortKerneliiPiPKiPViS_S_,A10,GPT 5.4,True,0.047709
bh-cuda,_Z10SortKerneliiPiPKiPViS_S_,A10,GPT OSS,False,0.00456097
bh-cuda,_Z10SortKerneliiPiPKiPViS_S_,A10,GPT OSS,True,0.001208949
bh-cuda,_Z10SortKerneliiPiPKiPViS_S_,A10,Opus 4.6,False,0.111095
bh-cuda,_Z10SortKerneliiPiPKiPViS_S_,A10,Opus 4.6,True,0.139305
bh-cuda,_Z10SortKerneliiPiPKiPViS_S_,A100,GPT 5.4,False,0.036403
bh-cuda,_Z10SortKerneliiPiPKiPViS_S_,A100,GPT 5.4,True,0.053194
bh-cuda,_Z10SortKerneliiPiPKiPViS_S_,A100,GPT OSS,False,0.00454239
bh-cuda,_Z10SortKerneliiPiPKiPViS_S_,A100,GPT OSS,True,0.001110613
bh-cuda,_Z10SortKerneliiPiPKiPViS_S_,A100,Opus 4.6,False,0.108685
bh-cuda,_Z10SortKerneliiPiPKiPViS_S_,A100,Opus 4.6,True,0.15683
bh-cuda,_Z10SortKerneliiPiPKiPViS_S_,H100,GPT 5.4,False,0.0314955
bh-cuda,_Z10SortKerneliiPiPKiPViS_S_,H100,GPT 5.4,True,0.047004
bh-cuda,_Z10SortKerneliiPiPKiPViS_S_,H100,GPT OSS,False,0.0039409
bh-cuda,_Z10SortKerneliiPiPKiPViS_S_,H100,GPT OSS,True,0.00557979
bh-cuda,_Z10SortKerneliiPiPKiPViS_S_,H100,Opus 4.6,False,0.106085
bh-cuda,_Z10SortKerneliiPiPKiPViS_S_,H100,Opus 4.6,True,0.14854
bh-cuda,_Z12ClearKernel1iiPi,3080,GPT 5.4,False,0.0324855
bh-cuda,_Z12ClearKernel1iiPi,3080,GPT 5.4,True,0.038034
bh-cuda,_Z12ClearKernel1iiPi,3080,GPT OSS,False,0.000931978
bh-cuda,_Z12ClearKernel1iiPi,3080,GPT OSS,True,0.00333453
bh-cuda,_Z12ClearKernel1iiPi,3080,Opus 4.6,False,0.100725
bh-cuda,_Z12ClearKernel1iiPi,3080,Opus 4.6,True,0.12241
bh-cuda,_Z12ClearKernel1iiPi,A10,GPT 5.4,False,0.0347405
bh-cuda,_Z12ClearKernel1iiPi,A10,GPT 5.4,True,0.037739
bh-cuda,_Z12ClearKernel1iiPi,A10,GPT OSS,True,0.000939523
bh-cuda,_Z12ClearKernel1iiPi,A10,Opus 4.6,False,0.10217
bh-cuda,_Z12ClearKernel1iiPi,A10,Opus 4.6,True,0.11958
bh-cuda,_Z12ClearKernel1iiPi,A100,GPT 5.4,False,0.032108
bh-cuda,_Z12ClearKernel1iiPi,A100,GPT 5.4,True,0.040149
bh-cuda,_Z12ClearKernel1iiPi,A100,GPT OSS,False,0.000725599
bh-cuda,_Z12ClearKernel1iiPi,A100,GPT OSS,True,0.00314829
bh-cuda,_Z12ClearKernel1iiPi,A100,Opus 4.6,False,0.098635
bh-cuda,_Z12ClearKernel1iiPi,A100,Opus 4.6,True,0.14311
bh-cuda,_Z12ClearKernel1iiPi,H100,GPT 5.4,False,0.0333205
bh-cuda,_Z12ClearKernel1iiPi,H100,GPT 5.4,True,0.038144
bh-cuda,_Z12ClearKernel1iiPi,H100,GPT OSS,False,0.00078921
bh-cuda,_Z12ClearKernel1iiPi,H100,GPT OSS,True,0.000891365
bh-cuda,_Z12ClearKernel1iiPi,H100,Opus 4.6,False,0.10151
bh-cuda,_Z12ClearKernel1iiPi,H100,Opus 4.6,True,0.11964
bh-cuda,_Z12ClearKernel2iPiP6float4S_,3080,GPT 5.4,False,0.0328955
bh-cuda,_Z12ClearKernel2iPiP6float4S_,3080,GPT 5.4,True,0.0396915
bh-cuda,_Z12ClearKernel2iPiP6float4S_,3080,GPT OSS,False,0.00089182
bh-cuda,_Z12ClearKernel2iPiP6float4S_,3080,GPT OSS,True,0.00513831
bh-cuda,_Z12ClearKernel2iPiP6float4S_,3080,Opus 4.6,False,0.109325
bh-cuda,_Z12ClearKernel2iPiP6float4S_,3080,Opus 4.6,True,0.134755
bh-cuda,_Z12ClearKernel2iPiP6float4S_,A10,GPT 5.4,False,0.0334555
bh-cuda,_Z12ClearKernel2iPiP6float4S_,A10,GPT 5.4,True,0.0392465
bh-cuda,_Z12ClearKernel2iPiP6float4S_,A10,GPT OSS,False,0.000863354
bh-cuda,_Z12ClearKernel2iPiP6float4S_,A10,GPT OSS,True,0.00413075
bh-cuda,_Z12ClearKernel2iPiP6float4S_,A10,Opus 4.6,False,0.10922
bh-cuda,_Z12ClearKernel2iPiP6float4S_,A10,Opus 4.6,True,0.134275
bh-cuda,_Z12ClearKernel2iPiP6float4S_,A100,GPT 5.4,False,0.033703
bh-cuda,_Z12ClearKernel2iPiP6float4S_,A100,GPT 5.4,True,0.044649
bh-cuda,_Z12ClearKernel2iPiP6float4S_,A100,GPT OSS,False,0.000902611
bh-cuda,_Z12ClearKernel2iPiP6float4S_,A100,GPT OSS,True,0.00395068
bh-cuda,_Z12ClearKernel2iPiP6float4S_,A100,Opus 4.6,False,0.10911
bh-cuda,_Z12ClearKernel2iPiP6float4S_,A100,Opus 4.6,True,0.139245
bh-cuda,_Z12ClearKernel2iPiP6float4S_,H100,GPT 5.4,False,0.0352155
bh-cuda,_Z12ClearKernel2iPiP6float4S_,H100,GPT 5.4,True,0.0420415
bh-cuda,_Z12ClearKernel2iPiP6float4S_,H100,GPT OSS,False,0.001057232
bh-cuda,_Z12ClearKernel2iPiP6float4S_,H100,GPT OSS,True,0.00402521
bh-cuda,_Z12ClearKernel2iPiP6float4S_,H100,Opus 4.6,False,0.111835
bh-cuda,_Z12ClearKernel2iPiP6float4S_,H100,Opus 4.6,True,0.12935
bh-cuda,_Z17BoundingBoxKerneliiPiS_P6float4P6float3S3_PfS_S_Pj,3080,GPT 5.4,False,0.037033
bh-cuda,_Z17BoundingBoxKerneliiPiS_P6float4P6float3S3_PfS_S_Pj,3080,GPT 5.4,True,0.0731165
bh-cuda,_Z17BoundingBoxKerneliiPiS_P6float4P6float3S3_PfS_S_Pj,3080,GPT OSS,False,0.001033551
bh-cuda,_Z17BoundingBoxKerneliiPiS_P6float4P6float3S3_PfS_S_Pj,3080,GPT OSS,True,0.0058176
bh-cuda,_Z17BoundingBoxKerneliiPiS_P6float4P6float3S3_PfS_S_Pj,3080,Opus 4.6,False,0.12177
bh-cuda,_Z17BoundingBoxKerneliiPiS_P6float4P6float3S3_PfS_S_Pj,3080,Opus 4.6,True,0.22602
bh-cuda,_Z17BoundingBoxKerneliiPiS_P6float4P6float3S3_PfS_S_Pj,A10,GPT 5.4,False,0.036633
bh-cuda,_Z17BoundingBoxKerneliiPiS_P6float4P6float3S3_PfS_S_Pj,A10,GPT 5.4,True,0.0735115
bh-cuda,_Z17BoundingBoxKerneliiPiS_P6float4P6float3S3_PfS_S_Pj,A10,GPT OSS,False,0.00471429
bh-cuda,_Z17BoundingBoxKerneliiPiS_P6float4P6float3S3_PfS_S_Pj,A10,GPT OSS,True,0.00653119
bh-cuda,_Z17BoundingBoxKerneliiPiS_P6float4P6float3S3_PfS_S_Pj,A10,Opus 4.6,False,0.123915
bh-cuda,_Z17BoundingBoxKerneliiPiS_P6float4P6float3S3_PfS_S_Pj,A10,Opus 4.6,True,0.21644
bh-cuda,_Z17BoundingBoxKerneliiPiS_P6float4P6float3S3_PfS_S_Pj,A100,GPT 5.4,False,0.0369405
bh-cuda,_Z17BoundingBoxKerneliiPiS_P6float4P6float3S3_PfS_S_Pj,A100,GPT 5.4,True,0.0760965
bh-cuda,_Z17BoundingBoxKerneliiPiS_P6float4P6float3S3_PfS_S_Pj,A100,GPT OSS,False,0.001202232
bh-cuda,_Z17BoundingBoxKerneliiPiS_P6float4P6float3S3_PfS_S_Pj,A100,GPT OSS,True,0.00617726
bh-cuda,_Z17BoundingBoxKerneliiPiS_P6float4P6float3S3_PfS_S_Pj,A100,Opus 4.6,False,0.11778
bh-cuda,_Z17BoundingBoxKerneliiPiS_P6float4P6float3S3_PfS_S_Pj,A100,Opus 4.6,True,0.246855
bh-cuda,_Z17BoundingBoxKerneliiPiS_P6float4P6float3S3_PfS_S_Pj,H100,GPT 5.4,False,0.036368
bh-cuda,_Z17BoundingBoxKerneliiPiS_P6float4P6float3S3_PfS_S_Pj,H100,GPT 5.4,True,0.066664
bh-cuda,_Z17BoundingBoxKerneliiPiS_P6float4P6float3S3_PfS_S_Pj,H100,GPT OSS,False,0.000928213
bh-cuda,_Z17BoundingBoxKerneliiPiS_P6float4P6float3S3_PfS_S_Pj,H100,GPT OSS,True,0.006449
bh-cuda,_Z17BoundingBoxKerneliiPiS_P6float4P6float3S3_PfS_S_Pj,H100,Opus 4.6,False,0.117905
bh-cuda,_Z17BoundingBoxKerneliiPiS_P6float4P6float3S3_PfS_S_Pj,H100,Opus 4.6,True,0.20309
bh-cuda,_Z17IntegrationKerneliffP6float4P6float2S0_,3080,GPT 5.4,False,0.0334855
bh-cuda,_Z17IntegrationKerneliffP6float4P6float2S0_,3080,GPT 5.4,True,0.0445215
bh-cuda,_Z17IntegrationKerneliffP6float4P6float2S0_,3080,GPT OSS,False,0.000885672
bh-cuda,_Z17IntegrationKerneliffP6float4P6float2S0_,3080,GPT OSS,True,0.00391311
bh-cuda,_Z17IntegrationKerneliffP6float4P6float2S0_,3080,Opus 4.6,False,0.10676
bh-cuda,_Z17IntegrationKerneliffP6float4P6float2S0_,3080,Opus 4.6,True,0.15683
bh-cuda,_Z17IntegrationKerneliffP6float4P6float2S0_,A10,GPT 5.4,False,0.0349005
bh-cuda,_Z17IntegrationKerneliffP6float4P6float2S0_,A10,GPT 5.4,True,0.0439415
bh-cuda,_Z17IntegrationKerneliffP6float4P6float2S0_,A10,GPT OSS,False,0.000822816
bh-cuda,_Z17IntegrationKerneliffP6float4P6float2S0_,A10,GPT OSS,True,0.000951766
bh-cuda,_Z17IntegrationKerneliffP6float4P6float2S0_,A10,Opus 4.6,False,0.10733
bh-cuda,_Z17IntegrationKerneliffP6float4P6float2S0_,A10,Opus 4.6,True,0.153075
bh-cuda,_Z17IntegrationKerneliffP6float4P6float2S0_,A100,GPT 5.4,False,0.034053
bh-cuda,_Z17IntegrationKerneliffP6float4P6float2S0_,A100,GPT 5.4,True,0.044719
bh-cuda,_Z17IntegrationKerneliffP6float4P6float2S0_,A100,GPT OSS,False,0.000807733
bh-cuda,_Z17IntegrationKerneliffP6float4P6float2S0_,A100,Opus 4.6,False,0.108095
bh-cuda,_Z17IntegrationKerneliffP6float4P6float2S0_,A100,Opus 4.6,True,0.15308
bh-cuda,_Z17IntegrationKerneliffP6float4P6float2S0_,H100,GPT 5.4,False,0.0347405
bh-cuda,_Z17IntegrationKerneliffP6float4P6float2S0_,H100,GPT 5.4,True,0.044989
bh-cuda,_Z17IntegrationKerneliffP6float4P6float2S0_,H100,GPT OSS,False,0.000839234
bh-cuda,_Z17IntegrationKerneliffP6float4P6float2S0_,H100,GPT OSS,True,0.001049283
bh-cuda,_Z17IntegrationKerneliffP6float4P6float2S0_,H100,Opus 4.6,False,0.106245
bh-cuda,_Z17IntegrationKerneliffP6float4P6float2S0_,H100,Opus 4.6,True,0.132835
bh-cuda,_Z18TreeBuildingKerneliiPViPK6float4PKfPi,3080,GPT 5.4,False,0.035708
bh-cuda,_Z18TreeBuildingKerneliiPViPK6float4PKfPi,3080,GPT 5.4,True,0.047304
bh-cuda,_Z18TreeBuildingKerneliiPViPK6float4PKfPi,3080,GPT OSS,False,0.001068871
bh-cuda,_Z18TreeBuildingKerneliiPViPK6float4PKfPi,3080,GPT OSS,True,0.001261289
bh-cuda,_Z18TreeBuildingKerneliiPViPK6float4PKfPi,3080,Opus 4.6,False,0.11287
bh-cuda,_Z18TreeBuildingKerneliiPViPK6float4PKfPi,3080,Opus 4.6,True,0.1537
bh-cuda,_Z18TreeBuildingKerneliiPViPK6float4PKfPi,A10,GPT 5.4,False,0.038158
bh-cuda,_Z18TreeBuildingKerneliiPViPK6float4PKfPi,A10,GPT 5.4,True,0.046349
bh-cuda,_Z18TreeBuildingKerneliiPViPK6float4PKfPi,A10,GPT OSS,False,0.001064725
bh-cuda,_Z18TreeBuildingKerneliiPViPK6float4PKfPi,A10,GPT OSS,True,0.001226933
bh-cuda,_Z18TreeBuildingKerneliiPViPK6float4PKfPi,A10,Opus 4.6,False,0.11634
bh-cuda,_Z18TreeBuildingKerneliiPViPK6float4PKfPi,A10,Opus 4.6,True,0.15812
bh-cuda,_Z18TreeBuildingKerneliiPViPK6float4PKfPi,A100,GPT 5.4,False,0.0355555
bh-cuda,_Z18TreeBuildingKerneliiPViPK6float4PKfPi,A100,GPT 5.4,True,0.048084
bh-cuda,_Z18TreeBuildingKerneliiPViPK6float4PKfPi,A100,GPT OSS,False,0.001079852
bh-cuda,_Z18TreeBuildingKerneliiPViPK6float4PKfPi,A100,GPT OSS,True,0.001069785
bh-cuda,_Z18TreeBuildingKerneliiPViPK6float4PKfPi,A100,Opus 4.6,False,0.11938
bh-cuda,_Z18TreeBuildingKerneliiPViPK6float4PKfPi,A100,Opus 4.6,True,0.163085
bh-cuda,_Z18TreeBuildingKerneliiPViPK6float4PKfPi,H100,GPT 5.4,False,0.034158
bh-cuda,_Z18TreeBuildingKerneliiPViPK6float4PKfPi,H100,GPT 5.4,True,0.0492265
bh-cuda,_Z18TreeBuildingKerneliiPViPK6float4PKfPi,H100,GPT OSS,False,0.001064233
bh-cuda,_Z18TreeBuildingKerneliiPViPK6float4PKfPi,H100,GPT OSS,True,0.00456599
bh-cuda,_Z18TreeBuildingKerneliiPViPK6float4PKfPi,H100,Opus 4.6,False,0.11013
bh-cuda,_Z18TreeBuildingKerneliiPViPK6float4PKfPi,H100,Opus 4.6,True,0.15239
bh-cuda,_Z19SummarizationKerneliiPViPKiPV6float4Pi,3080,GPT 5.4,False,0.037423
bh-cuda,_Z19SummarizationKerneliiPViPKiPV6float4Pi,3080,GPT 5.4,True,0.1009825
bh-cuda,_Z19SummarizationKerneliiPViPKiPV6float4Pi,3080,GPT OSS,False,0.001142669
bh-cuda,_Z19SummarizationKerneliiPViPKiPV6float4Pi,3080,GPT OSS,True,0.002196048
bh-cuda,_Z19SummarizationKerneliiPViPKiPV6float4Pi,3080,Opus 4.6,False,0.11158
bh-cuda,_Z19SummarizationKerneliiPViPKiPV6float4Pi,3080,Opus 4.6,True,0.261425
bh-cuda,_Z19SummarizationKerneliiPViPKiPV6float4Pi,A10,GPT 5.4,False,0.040248
bh-cuda,_Z19SummarizationKerneliiPViPKiPV6float4Pi,A10,GPT 5.4,True,0.0949365
bh-cuda,_Z19SummarizationKerneliiPViPKiPV6float4Pi,A10,GPT OSS,False,0.001389133
bh-cuda,_Z19SummarizationKerneliiPViPKiPV6float4Pi,A10,Opus 4.6,False,0.11235
bh-cuda,_Z19SummarizationKerneliiPViPKiPV6float4Pi,A10,Opus 4.6,True,0.26087
bh-cuda,_Z19SummarizationKerneliiPViPKiPV6float4Pi,A100,GPT 5.4,False,0.0358005
bh-cuda,_Z19SummarizationKerneliiPViPKiPV6float4Pi,A100,GPT 5.4,True,0.093559
bh-cuda,_Z19SummarizationKerneliiPViPKiPV6float4Pi,A100,GPT OSS,False,0.0045117
bh-cuda,_Z19SummarizationKerneliiPViPKiPV6float4Pi,A100,GPT OSS,True,0.002129369
bh-cuda,_Z19SummarizationKerneliiPViPKiPV6float4Pi,A100,Opus 4.6,False,0.11429
bh-cuda,_Z19SummarizationKerneliiPViPKiPV6float4Pi,A100,Opus 4.6,True,0.26758
bh-cuda,_Z19SummarizationKerneliiPViPKiPV6float4Pi,H100,GPT 5.4,False,0.038723
bh-cuda,_Z19SummarizationKerneliiPViPKiPV6float4Pi,H100,GPT 5.4,True,0.092494
bh-cuda,_Z19SummarizationKerneliiPViPKiPV6float4Pi,H100,Opus 4.6,False,0.11319
bh-cuda,_Z19SummarizationKerneliiPViPKiPV6float4Pi,H100,Opus 4.6,True,0.259955
bh-cuda,_Z20InitializationKernelPiPj,3080,GPT 5.4,False,0.0308005
bh-cuda,_Z20InitializationKernelPiPj,3080,GPT 5.4,True,0.0323515
bh-cuda,_Z20InitializationKernelPiPj,3080,GPT OSS,False,0.00062904
bh-cuda,_Z20InitializationKernelPiPj,3080,GPT OSS,True,0.0022356
bh-cuda,_Z20InitializationKernelPiPj,3080,Opus 4.6,False,0.0952
bh-cuda,_Z20InitializationKernelPiPj,3080,Opus 4.6,True,0.09858
bh-cuda,_Z20InitializationKernelPiPj,A10,GPT 5.4,False,0.0306705
bh-cuda,_Z20InitializationKernelPiPj,A10,GPT 5.4,True,0.0320865
bh-cuda,_Z20InitializationKernelPiPj,A10,GPT OSS,False,0.00232623
bh-cuda,_Z20InitializationKernelPiPj,A10,GPT OSS,True,0.0022968
bh-cuda,_Z20InitializationKernelPiPj,A10,Opus 4.6,False,0.09142
bh-cuda,_Z20InitializationKernelPiPj,A10,Opus 4.6,True,0.098175
bh-cuda,_Z20InitializationKernelPiPj,A100,GPT 5.4,False,0.031533
bh-cuda,_Z20InitializationKernelPiPj,A100,GPT 5.4,True,0.032724
bh-cuda,_Z20InitializationKernelPiPj,A100,GPT OSS,False,0.000585491
bh-cuda,_Z20InitializationKernelPiPj,A100,GPT OSS,True,0.000605069
bh-cuda,_Z20InitializationKernelPiPj,A100,Opus 4.6,False,0.092285
bh-cuda,_Z20InitializationKernelPiPj,A100,Opus 4.6,True,0.09829
bh-cuda,_Z20InitializationKernelPiPj,H100,GPT 5.4,False,0.0303305
bh-cuda,_Z20InitializationKernelPiPj,H100,GPT 5.4,True,0.032069
bh-cuda,_Z20InitializationKernelPiPj,H100,GPT OSS,False,0.00222
bh-cuda,_Z20InitializationKernelPiPj,H100,GPT OSS,True,0.00240555
bh-cuda,_Z20InitializationKernelPiPj,H100,Opus 4.6,False,0.095235
bh-cuda,_Z20InitializationKernelPiPj,H100,Opus 4.6,True,0.097845
bh-cuda,_Z22ForceCalculationKerneliifffPKiS0_PK6float4P6float2PS1_PKfS0_,3080,GPT 5.4,False,0.0388405
bh-cuda,_Z22ForceCalculationKerneliifffPKiS0_PK6float4P6float2PS1_PKfS0_,3080,GPT 5.4,True,0.064769
bh-cuda,_Z22ForceCalculationKerneliifffPKiS0_PK6float4P6float2PS1_PKfS0_,3080,GPT OSS,False,0.000950302
bh-cuda,_Z22ForceCalculationKerneliifffPKiS0_PK6float4P6float2PS1_PKfS0_,3080,Opus 4.6,False,0.12019
bh-cuda,_Z22ForceCalculationKerneliifffPKiS0_PK6float4P6float2PS1_PKfS0_,3080,Opus 4.6,True,0.206145
bh-cuda,_Z22ForceCalculationKerneliifffPKiS0_PK6float4P6float2PS1_PKfS0_,A10,GPT 5.4,False,0.0359505
bh-cuda,_Z22ForceCalculationKerneliifffPKiS0_PK6float4P6float2PS1_PKfS0_,A10,GPT 5.4,True,0.064969
bh-cuda,_Z22ForceCalculationKerneliifffPKiS0_PK6float4P6float2PS1_PKfS0_,A10,GPT OSS,False,0.001128176
bh-cuda,_Z22ForceCalculationKerneliifffPKiS0_PK6float4P6float2PS1_PKfS0_,A10,GPT OSS,True,0.00493245
bh-cuda,_Z22ForceCalculationKerneliifffPKiS0_PK6float4P6float2PS1_PKfS0_,A10,Opus 4.6,False,0.122385
bh-cuda,_Z22ForceCalculationKerneliifffPKiS0_PK6float4P6float2PS1_PKfS0_,A10,Opus 4.6,True,0.21759
bh-cuda,_Z22ForceCalculationKerneliifffPKiS0_PK6float4P6float2PS1_PKfS0_,A100,GPT 5.4,False,0.037158
bh-cuda,_Z22ForceCalculationKerneliifffPKiS0_PK6float4P6float2PS1_PKfS0_,A100,GPT 5.4,True,0.065684
bh-cuda,_Z22ForceCalculationKerneliifffPKiS0_PK6float4P6float2PS1_PKfS0_,A100,Opus 4.6,False,0.121825
bh-cuda,_Z22ForceCalculationKerneliifffPKiS0_PK6float4P6float2PS1_PKfS0_,A100,Opus 4.6,True,0.215985
bh-cuda,_Z22ForceCalculationKerneliifffPKiS0_PK6float4P6float2PS1_PKfS0_,H100,GPT 5.4,False,0.0383105
bh-cuda,_Z22ForceCalculationKerneliifffPKiS0_PK6float4P6float2PS1_PKfS0_,H100,GPT 5.4,True,0.0660115
bh-cuda,_Z22ForceCalculationKerneliifffPKiS0_PK6float4P6float2PS1_PKfS0_,H100,GPT OSS,False,0.000834894
bh-cuda,_Z22ForceCalculationKerneliifffPKiS0_PK6float4P6float2PS1_PKfS0_,H100,GPT OSS,True,0.0053412
bh-cuda,_Z22ForceCalculationKerneliifffPKiS0_PK6float4P6float2PS1_PKfS0_,H100,Opus 4.6,False,0.1129
bh-cuda,_Z22ForceCalculationKerneliifffPKiS0_PK6float4P6float2PS1_PKfS0_,H100,Opus 4.6,True,0.19951
bilateral-cuda,_Z15bilateralFilterILi3EEvPKfPfiifff,3080,GPT 5.4,False,0.0205725
bilateral-cuda,_Z15bilateralFilterILi3EEvPKfPfiifff,3080,GPT 5.4,True,0.0566815
bilateral-cuda,_Z15bilateralFilterILi3EEvPKfPfiifff,3080,GPT OSS,False,0.000669818
bilateral-cuda,_Z15bilateralFilterILi3EEvPKfPfiifff,3080,GPT OSS,True,0.0048546
bilateral-cuda,_Z15bilateralFilterILi3EEvPKfPfiifff,3080,Opus 4.6,False,0.08927
bilateral-cuda,_Z15bilateralFilterILi3EEvPKfPfiifff,3080,Opus 4.6,True,0.18739
bilateral-cuda,_Z15bilateralFilterILi3EEvPKfPfiifff,A10,GPT 5.4,False,0.0190325
bilateral-cuda,_Z15bilateralFilterILi3EEvPKfPfiifff,A10,GPT 5.4,True,0.0579915
bilateral-cuda,_Z15bilateralFilterILi3EEvPKfPfiifff,A10,GPT OSS,False,0.000723242
bilateral-cuda,_Z15bilateralFilterILi3EEvPKfPfiifff,A10,GPT OSS,True,0.0043122
bilateral-cuda,_Z15bilateralFilterILi3EEvPKfPfiifff,A10,Opus 4.6,False,0.086115
bilateral-cuda,_Z15bilateralFilterILi3EEvPKfPfiifff,A10,Opus 4.6,True,0.182535
bilateral-cuda,_Z15bilateralFilterILi3EEvPKfPfiifff,A100,GPT 5.4,False,0.020213
bilateral-cuda,_Z15bilateralFilterILi3EEvPKfPfiifff,A100,GPT 5.4,True,0.0586065
bilateral-cuda,_Z15bilateralFilterILi3EEvPKfPfiifff,A100,GPT OSS,True,0.00142647
bilateral-cuda,_Z15bilateralFilterILi3EEvPKfPfiifff,A100,Opus 4.6,False,0.071605
bilateral-cuda,_Z15bilateralFilterILi3EEvPKfPfiifff,A100,Opus 4.6,True,0.20684
bilateral-cuda,_Z15bilateralFilterILi3EEvPKfPfiifff,H100,GPT 5.4,False,0.0211255
bilateral-cuda,_Z15bilateralFilterILi3EEvPKfPfiifff,H100,GPT 5.4,True,0.056754
bilateral-cuda,_Z15bilateralFilterILi3EEvPKfPfiifff,H100,GPT OSS,False,0.00067069
bilateral-cuda,_Z15bilateralFilterILi3EEvPKfPfiifff,H100,GPT OSS,True,0.00501837
bilateral-cuda,_Z15bilateralFilterILi3EEvPKfPfiifff,H100,Opus 4.6,False,0.08478
bilateral-cuda,_Z15bilateralFilterILi3EEvPKfPfiifff,H100,Opus 4.6,True,0.172365
bilateral-cuda,_Z15bilateralFilterILi6EEvPKfPfiifff,3080,GPT 5.4,False,0.0195405
bilateral-cuda,_Z15bilateralFilterILi6EEvPKfPfiifff,3080,GPT 5.4,True,0.0471765
bilateral-cuda,_Z15bilateralFilterILi6EEvPKfPfiifff,3080,GPT OSS,False,0.000705538
bilateral-cuda,_Z15bilateralFilterILi6EEvPKfPfiifff,3080,GPT OSS,True,0.0042951
bilateral-cuda,_Z15bilateralFilterILi6EEvPKfPfiifff,3080,Opus 4.6,False,0.09247
bilateral-cuda,_Z15bilateralFilterILi6EEvPKfPfiifff,3080,Opus 4.6,True,0.16174
bilateral-cuda,_Z15bilateralFilterILi6EEvPKfPfiifff,A10,GPT 5.4,False,0.0208325
bilateral-cuda,_Z15bilateralFilterILi6EEvPKfPfiifff,A10,GPT 5.4,True,0.0463565
bilateral-cuda,_Z15bilateralFilterILi6EEvPKfPfiifff,A10,GPT OSS,False,0.000741862
bilateral-cuda,_Z15bilateralFilterILi6EEvPKfPfiifff,A10,Opus 4.6,False,0.09084
bilateral-cuda,_Z15bilateralFilterILi6EEvPKfPfiifff,A10,Opus 4.6,True,0.163535
bilateral-cuda,_Z15bilateralFilterILi6EEvPKfPfiifff,A100,GPT 5.4,False,0.021308
bilateral-cuda,_Z15bilateralFilterILi6EEvPKfPfiifff,A100,GPT 5.4,True,0.0519915
bilateral-cuda,_Z15bilateralFilterILi6EEvPKfPfiifff,A100,GPT OSS,False,0.000810569
bilateral-cuda,_Z15bilateralFilterILi6EEvPKfPfiifff,A100,GPT OSS,True,0.0043836
bilateral-cuda,_Z15bilateralFilterILi6EEvPKfPfiifff,A100,Opus 4.6,False,0.088655
bilateral-cuda,_Z15bilateralFilterILi6EEvPKfPfiifff,A100,Opus 4.6,True,0.19999
bilateral-cuda,_Z15bilateralFilterILi6EEvPKfPfiifff,H100,GPT 5.4,False,0.0208105
bilateral-cuda,_Z15bilateralFilterILi6EEvPKfPfiifff,H100,GPT 5.4,True,0.0455215
bilateral-cuda,_Z15bilateralFilterILi6EEvPKfPfiifff,H100,GPT OSS,False,0.00072446
bilateral-cuda,_Z15bilateralFilterILi6EEvPKfPfiifff,H100,GPT OSS,True,0.0040218
bilateral-cuda,_Z15bilateralFilterILi6EEvPKfPfiifff,H100,Opus 4.6,False,0.086905
bilateral-cuda,_Z15bilateralFilterILi6EEvPKfPfiifff,H100,Opus 4.6,True,0.162935
bilateral-omp,_Z15bilateralFilterILi3EEvPKfPfiifff_l18,3080,GPT 5.4,False,0.0224375
bilateral-omp,_Z15bilateralFilterILi3EEvPKfPfiifff_l18,3080,GPT 5.4,True,0.0678415
bilateral-omp,_Z15bilateralFilterILi3EEvPKfPfiifff_l18,3080,GPT OSS,False,0.000737518
bilateral-omp,_Z15bilateralFilterILi3EEvPKfPfiifff_l18,3080,GPT OSS,True,0.001342548
bilateral-omp,_Z15bilateralFilterILi3EEvPKfPfiifff_l18,3080,Opus 4.6,False,0.08113
bilateral-omp,_Z15bilateralFilterILi3EEvPKfPfiifff_l18,3080,Opus 4.6,True,0.259
bilateral-omp,_Z15bilateralFilterILi3EEvPKfPfiifff_l18,A10,GPT 5.4,False,0.0210755
bilateral-omp,_Z15bilateralFilterILi3EEvPKfPfiifff_l18,A10,GPT 5.4,True,0.0684565
bilateral-omp,_Z15bilateralFilterILi3EEvPKfPfiifff_l18,A10,GPT OSS,False,0.000657674
bilateral-omp,_Z15bilateralFilterILi3EEvPKfPfiifff_l18,A10,GPT OSS,True,0.001024824
bilateral-omp,_Z15bilateralFilterILi3EEvPKfPfiifff_l18,A10,Opus 4.6,False,0.08353
bilateral-omp,_Z15bilateralFilterILi3EEvPKfPfiifff_l18,A10,Opus 4.6,True,0.22085
bilateral-omp,_Z15bilateralFilterILi3EEvPKfPfiifff_l18,A100,GPT 5.4,False,0.022013
bilateral-omp,_Z15bilateralFilterILi3EEvPKfPfiifff_l18,A100,GPT 5.4,True,0.0707315
bilateral-omp,_Z15bilateralFilterILi3EEvPKfPfiifff_l18,A100,GPT OSS,True,0.00103985
bilateral-omp,_Z15bilateralFilterILi3EEvPKfPfiifff_l18,A100,Opus 4.6,False,0.08207
bilateral-omp,_Z15bilateralFilterILi3EEvPKfPfiifff_l18,A100,Opus 4.6,True,0.231505
bilateral-omp,_Z15bilateralFilterILi3EEvPKfPfiifff_l18,H100,GPT 5.4,False,0.0224005
bilateral-omp,_Z15bilateralFilterILi3EEvPKfPfiifff_l18,H100,GPT 5.4,True,0.0701415
bilateral-omp,_Z15bilateralFilterILi3EEvPKfPfiifff_l18,H100,GPT OSS,True,0.001023034
bilateral-omp,_Z15bilateralFilterILi3EEvPKfPfiifff_l18,H100,Opus 4.6,False,0.08907
bilateral-omp,_Z15bilateralFilterILi3EEvPKfPfiifff_l18,H100,Opus 4.6,True,0.316825
bilateral-omp,_Z15bilateralFilterILi6EEvPKfPfiifff_l18,3080,GPT 5.4,False,0.0218705
bilateral-omp,_Z15bilateralFilterILi6EEvPKfPfiifff_l18,3080,GPT 5.4,True,0.0465265
bilateral-omp,_Z15bilateralFilterILi6EEvPKfPfiifff_l18,3080,GPT OSS,False,0.0022371
bilateral-omp,_Z15bilateralFilterILi6EEvPKfPfiifff_l18,3080,GPT OSS,True,0.001309832
bilateral-omp,_Z15bilateralFilterILi6EEvPKfPfiifff_l18,3080,Opus 4.6,False,0.07678
bilateral-omp,_Z15bilateralFilterILi6EEvPKfPfiifff_l18,3080,Opus 4.6,True,0.162905
bilateral-omp,_Z15bilateralFilterILi6EEvPKfPfiifff_l18,A10,GPT 5.4,False,0.0211655
bilateral-omp,_Z15bilateralFilterILi6EEvPKfPfiifff_l18,A10,GPT 5.4,True,0.0489565
bilateral-omp,_Z15bilateralFilterILi6EEvPKfPfiifff_l18,A10,GPT OSS,False,0.000724364
bilateral-omp,_Z15bilateralFilterILi6EEvPKfPfiifff_l18,A10,GPT OSS,True,0.001163488
bilateral-omp,_Z15bilateralFilterILi6EEvPKfPfiifff_l18,A10,Opus 4.6,False,0.084205
bilateral-omp,_Z15bilateralFilterILi6EEvPKfPfiifff_l18,A10,Opus 4.6,True,0.17643
bilateral-omp,_Z15bilateralFilterILi6EEvPKfPfiifff_l18,A100,GPT 5.4,False,0.02174
bilateral-omp,_Z15bilateralFilterILi6EEvPKfPfiifff_l18,A100,GPT 5.4,True,0.0579015
bilateral-omp,_Z15bilateralFilterILi6EEvPKfPfiifff_l18,A100,GPT OSS,True,0.001079252
bilateral-omp,_Z15bilateralFilterILi6EEvPKfPfiifff_l18,A100,Opus 4.6,False,0.083745
bilateral-omp,_Z15bilateralFilterILi6EEvPKfPfiifff_l18,A100,Opus 4.6,True,0.170705
bilateral-omp,_Z15bilateralFilterILi6EEvPKfPfiifff_l18,H100,GPT 5.4,False,0.0218305
bilateral-omp,_Z15bilateralFilterILi6EEvPKfPfiifff_l18,H100,GPT 5.4,True,0.048719
bilateral-omp,_Z15bilateralFilterILi6EEvPKfPfiifff_l18,H100,GPT OSS,True,0.001167201
bilateral-omp,_Z15bilateralFilterILi6EEvPKfPfiifff_l18,H100,Opus 4.6,False,0.078745
bilateral-omp,_Z15bilateralFilterILi6EEvPKfPfiifff_l18,H100,Opus 4.6,True,0.164075
bilateral-omp,_Z15bilateralFilterILi9EEvPKfPfiifff_l18,3080,GPT 5.4,False,0.0206105
bilateral-omp,_Z15bilateralFilterILi9EEvPKfPfiifff_l18,3080,GPT 5.4,True,0.0496465
bilateral-omp,_Z15bilateralFilterILi9EEvPKfPfiifff_l18,3080,GPT OSS,False,0.0022809
bilateral-omp,_Z15bilateralFilterILi9EEvPKfPfiifff_l18,3080,GPT OSS,True,0.0039849
bilateral-omp,_Z15bilateralFilterILi9EEvPKfPfiifff_l18,3080,Opus 4.6,False,0.077205
bilateral-omp,_Z15bilateralFilterILi9EEvPKfPfiifff_l18,3080,Opus 4.6,True,0.153425
bilateral-omp,_Z15bilateralFilterILi9EEvPKfPfiifff_l18,A10,GPT 5.4,False,0.0228905
bilateral-omp,_Z15bilateralFilterILi9EEvPKfPfiifff_l18,A10,GPT 5.4,True,0.0482965
bilateral-omp,_Z15bilateralFilterILi9EEvPKfPfiifff_l18,A10,GPT OSS,False,0.00368068
bilateral-omp,_Z15bilateralFilterILi9EEvPKfPfiifff_l18,A10,GPT OSS,True,0.0041934
bilateral-omp,_Z15bilateralFilterILi9EEvPKfPfiifff_l18,A10,Opus 4.6,False,0.08513
bilateral-omp,_Z15bilateralFilterILi9EEvPKfPfiifff_l18,A10,Opus 4.6,True,0.1743
bilateral-omp,_Z15bilateralFilterILi9EEvPKfPfiifff_l18,A100,GPT 5.4,False,0.01964
bilateral-omp,_Z15bilateralFilterILi9EEvPKfPfiifff_l18,A100,GPT 5.4,True,0.048719
bilateral-omp,_Z15bilateralFilterILi9EEvPKfPfiifff_l18,A100,GPT OSS,False,0.000682681
bilateral-omp,_Z15bilateralFilterILi9EEvPKfPfiifff_l18,A100,GPT OSS,True,0.00398055
bilateral-omp,_Z15bilateralFilterILi9EEvPKfPfiifff_l18,A100,Opus 4.6,False,0.07562
bilateral-omp,_Z15bilateralFilterILi9EEvPKfPfiifff_l18,A100,Opus 4.6,True,0.179245
bilateral-omp,_Z15bilateralFilterILi9EEvPKfPfiifff_l18,H100,GPT 5.4,False,0.0230455
bilateral-omp,_Z15bilateralFilterILi9EEvPKfPfiifff_l18,H100,GPT 5.4,True,0.051694
bilateral-omp,_Z15bilateralFilterILi9EEvPKfPfiifff_l18,H100,GPT OSS,False,0.0026097
bilateral-omp,_Z15bilateralFilterILi9EEvPKfPfiifff_l18,H100,GPT OSS,True,0.00284913
bilateral-omp,_Z15bilateralFilterILi9EEvPKfPfiifff_l18,H100,Opus 4.6,False,0.089245
bilateral-omp,_Z15bilateralFilterILi9EEvPKfPfiifff_l18,H100,Opus 4.6,True,0.170965
bincount-cuda,_Z8bincountIifiL16DeviceMemoryType0EEvPT_PKT0_T1_S3_S3_S6_S6_,3080,GPT 5.4,False,0.01742
bincount-cuda,_Z8bincountIifiL16DeviceMemoryType0EEvPT_PKT0_T1_S3_S3_S6_S6_,3080,GPT 5.4,True,0.0331265
bincount-cuda,_Z8bincountIifiL16DeviceMemoryType0EEvPT_PKT0_T1_S3_S3_S6_S6_,3080,GPT OSS,False,0.000629321
bincount-cuda,_Z8bincountIifiL16DeviceMemoryType0EEvPT_PKT0_T1_S3_S3_S6_S6_,3080,Opus 4.6,False,0.06827
bincount-cuda,_Z8bincountIifiL16DeviceMemoryType0EEvPT_PKT0_T1_S3_S3_S6_S6_,3080,Opus 4.6,True,0.126275
bincount-cuda,_Z8bincountIifiL16DeviceMemoryType0EEvPT_PKT0_T1_S3_S3_S6_S6_,A10,GPT 5.4,False,0.018343
bincount-cuda,_Z8bincountIifiL16DeviceMemoryType0EEvPT_PKT0_T1_S3_S3_S6_S6_,A10,GPT 5.4,True,0.0327865
bincount-cuda,_Z8bincountIifiL16DeviceMemoryType0EEvPT_PKT0_T1_S3_S3_S6_S6_,A10,GPT OSS,False,0.000592495
bincount-cuda,_Z8bincountIifiL16DeviceMemoryType0EEvPT_PKT0_T1_S3_S3_S6_S6_,A10,Opus 4.6,False,0.065765
bincount-cuda,_Z8bincountIifiL16DeviceMemoryType0EEvPT_PKT0_T1_S3_S3_S6_S6_,A10,Opus 4.6,True,0.11382
bincount-cuda,_Z8bincountIifiL16DeviceMemoryType0EEvPT_PKT0_T1_S3_S3_S6_S6_,A100,GPT 5.4,False,0.0174475
bincount-cuda,_Z8bincountIifiL16DeviceMemoryType0EEvPT_PKT0_T1_S3_S3_S6_S6_,A100,GPT 5.4,True,0.0332465
bincount-cuda,_Z8bincountIifiL16DeviceMemoryType0EEvPT_PKT0_T1_S3_S3_S6_S6_,A100,GPT OSS,False,0.000722952
bincount-cuda,_Z8bincountIifiL16DeviceMemoryType0EEvPT_PKT0_T1_S3_S3_S6_S6_,A100,GPT OSS,True,0.0032325
bincount-cuda,_Z8bincountIifiL16DeviceMemoryType0EEvPT_PKT0_T1_S3_S3_S6_S6_,A100,Opus 4.6,False,0.06903
bincount-cuda,_Z8bincountIifiL16DeviceMemoryType0EEvPT_PKT0_T1_S3_S3_S6_S6_,A100,Opus 4.6,True,0.170205
bincount-cuda,_Z8bincountIifiL16DeviceMemoryType0EEvPT_PKT0_T1_S3_S3_S6_S6_,H100,GPT 5.4,False,0.018078
bincount-cuda,_Z8bincountIifiL16DeviceMemoryType0EEvPT_PKT0_T1_S3_S3_S6_S6_,H100,GPT 5.4,True,0.0344265
bincount-cuda,_Z8bincountIifiL16DeviceMemoryType0EEvPT_PKT0_T1_S3_S3_S6_S6_,H100,GPT OSS,False,0.000542983
bincount-cuda,_Z8bincountIifiL16DeviceMemoryType0EEvPT_PKT0_T1_S3_S3_S6_S6_,H100,GPT OSS,True,0.0030909
bincount-cuda,_Z8bincountIifiL16DeviceMemoryType0EEvPT_PKT0_T1_S3_S3_S6_S6_,H100,Opus 4.6,False,0.06778
bincount-cuda,_Z8bincountIifiL16DeviceMemoryType0EEvPT_PKT0_T1_S3_S3_S6_S6_,H100,Opus 4.6,True,0.124845
bincount-cuda,_Z8bincountIifiL16DeviceMemoryType1EEvPT_PKT0_T1_S3_S3_S6_S6_,3080,GPT 5.4,False,0.017678
bincount-cuda,_Z8bincountIifiL16DeviceMemoryType1EEvPT_PKT0_T1_S3_S3_S6_S6_,3080,GPT 5.4,True,0.0307315
bincount-cuda,_Z8bincountIifiL16DeviceMemoryType1EEvPT_PKT0_T1_S3_S3_S6_S6_,3080,GPT OSS,False,0.000547241
bincount-cuda,_Z8bincountIifiL16DeviceMemoryType1EEvPT_PKT0_T1_S3_S3_S6_S6_,3080,GPT OSS,True,0.000782728
bincount-cuda,_Z8bincountIifiL16DeviceMemoryType1EEvPT_PKT0_T1_S3_S3_S6_S6_,3080,Opus 4.6,False,0.06272
bincount-cuda,_Z8bincountIifiL16DeviceMemoryType1EEvPT_PKT0_T1_S3_S3_S6_S6_,3080,Opus 4.6,True,0.110825
bincount-cuda,_Z8bincountIifiL16DeviceMemoryType1EEvPT_PKT0_T1_S3_S3_S6_S6_,A10,GPT 5.4,False,0.018598
bincount-cuda,_Z8bincountIifiL16DeviceMemoryType1EEvPT_PKT0_T1_S3_S3_S6_S6_,A10,GPT 5.4,True,0.0312465
bincount-cuda,_Z8bincountIifiL16DeviceMemoryType1EEvPT_PKT0_T1_S3_S3_S6_S6_,A10,GPT OSS,False,0.000589265
bincount-cuda,_Z8bincountIifiL16DeviceMemoryType1EEvPT_PKT0_T1_S3_S3_S6_S6_,A10,GPT OSS,True,0.000750652
bincount-cuda,_Z8bincountIifiL16DeviceMemoryType1EEvPT_PKT0_T1_S3_S3_S6_S6_,A10,Opus 4.6,False,0.06239
bincount-cuda,_Z8bincountIifiL16DeviceMemoryType1EEvPT_PKT0_T1_S3_S3_S6_S6_,A10,Opus 4.6,True,0.107795
bincount-cuda,_Z8bincountIifiL16DeviceMemoryType1EEvPT_PKT0_T1_S3_S3_S6_S6_,A100,GPT 5.4,False,0.0187525
bincount-cuda,_Z8bincountIifiL16DeviceMemoryType1EEvPT_PKT0_T1_S3_S3_S6_S6_,A100,GPT 5.4,True,0.031859
bincount-cuda,_Z8bincountIifiL16DeviceMemoryType1EEvPT_PKT0_T1_S3_S3_S6_S6_,A100,GPT OSS,False,0.000630232
bincount-cuda,_Z8bincountIifiL16DeviceMemoryType1EEvPT_PKT0_T1_S3_S3_S6_S6_,A100,GPT OSS,True,0.00319995
bincount-cuda,_Z8bincountIifiL16DeviceMemoryType1EEvPT_PKT0_T1_S3_S3_S6_S6_,A100,Opus 4.6,False,0.06258
bincount-cuda,_Z8bincountIifiL16DeviceMemoryType1EEvPT_PKT0_T1_S3_S3_S6_S6_,A100,Opus 4.6,True,0.124395
bincount-cuda,_Z8bincountIifiL16DeviceMemoryType1EEvPT_PKT0_T1_S3_S3_S6_S6_,H100,GPT 5.4,False,0.017433
bincount-cuda,_Z8bincountIifiL16DeviceMemoryType1EEvPT_PKT0_T1_S3_S3_S6_S6_,H100,GPT 5.4,True,0.031451
bincount-cuda,_Z8bincountIifiL16DeviceMemoryType1EEvPT_PKT0_T1_S3_S3_S6_S6_,H100,GPT OSS,False,0.000525693
bincount-cuda,_Z8bincountIifiL16DeviceMemoryType1EEvPT_PKT0_T1_S3_S3_S6_S6_,H100,GPT OSS,True,0.000790777
bincount-cuda,_Z8bincountIifiL16DeviceMemoryType1EEvPT_PKT0_T1_S3_S3_S6_S6_,H100,Opus 4.6,False,0.06713
bincount-cuda,_Z8bincountIifiL16DeviceMemoryType1EEvPT_PKT0_T1_S3_S3_S6_S6_,H100,Opus 4.6,True,0.113235
binomial-cuda,_Z21binomialOptionsKernelPK13__TOptionDataPf,3080,GPT 5.4,False,0.0264905
binomial-cuda,_Z21binomialOptionsKernelPK13__TOptionDataPf,3080,GPT 5.4,True,0.074379
binomial-cuda,_Z21binomialOptionsKernelPK13__TOptionDataPf,3080,GPT OSS,False,0.000855536
binomial-cuda,_Z21binomialOptionsKernelPK13__TOptionDataPf,3080,GPT OSS,True,0.00647071
binomial-cuda,_Z21binomialOptionsKernelPK13__TOptionDataPf,3080,Opus 4.6,False,0.10057
binomial-cuda,_Z21binomialOptionsKernelPK13__TOptionDataPf,3080,Opus 4.6,True,0.258595
binomial-cuda,_Z21binomialOptionsKernelPK13__TOptionDataPf,A10,GPT 5.4,False,0.0245255
binomial-cuda,_Z21binomialOptionsKernelPK13__TOptionDataPf,A10,GPT 5.4,True,0.074124
binomial-cuda,_Z21binomialOptionsKernelPK13__TOptionDataPf,A10,GPT OSS,False,0.0028554
binomial-cuda,_Z21binomialOptionsKernelPK13__TOptionDataPf,A10,GPT OSS,True,0.00696767
binomial-cuda,_Z21binomialOptionsKernelPK13__TOptionDataPf,A10,Opus 4.6,False,0.09967
binomial-cuda,_Z21binomialOptionsKernelPK13__TOptionDataPf,A10,Opus 4.6,True,0.263545
binomial-cuda,_Z21binomialOptionsKernelPK13__TOptionDataPf,A100,GPT 5.4,False,0.025778
binomial-cuda,_Z21binomialOptionsKernelPK13__TOptionDataPf,A100,GPT 5.4,True,0.0756965
binomial-cuda,_Z21binomialOptionsKernelPK13__TOptionDataPf,A100,GPT OSS,False,0.000572129
binomial-cuda,_Z21binomialOptionsKernelPK13__TOptionDataPf,A100,Opus 4.6,False,0.10856
binomial-cuda,_Z21binomialOptionsKernelPK13__TOptionDataPf,A100,Opus 4.6,True,0.26542
binomial-cuda,_Z21binomialOptionsKernelPK13__TOptionDataPf,H100,GPT 5.4,False,0.0252325
binomial-cuda,_Z21binomialOptionsKernelPK13__TOptionDataPf,H100,GPT 5.4,True,0.0736915
binomial-cuda,_Z21binomialOptionsKernelPK13__TOptionDataPf,H100,GPT OSS,True,0.00605862
binomial-cuda,_Z21binomialOptionsKernelPK13__TOptionDataPf,H100,Opus 4.6,False,0.09941
binomial-cuda,_Z21binomialOptionsKernelPK13__TOptionDataPf,H100,Opus 4.6,True,0.25964
binomial-omp,binomialOptionsGPU_l100,3080,GPT 5.4,False,0.026528
binomial-omp,binomialOptionsGPU_l100,3080,GPT 5.4,True,0.0788315
binomial-omp,binomialOptionsGPU_l100,3080,GPT OSS,False,0.001139057
binomial-omp,binomialOptionsGPU_l100,3080,GPT OSS,True,0.001707698
binomial-omp,binomialOptionsGPU_l100,3080,Opus 4.6,False,0.09541
binomial-omp,binomialOptionsGPU_l100,3080,Opus 4.6,True,0.252385
binomial-omp,binomialOptionsGPU_l100,A10,GPT 5.4,False,0.026903
binomial-omp,binomialOptionsGPU_l100,A10,GPT 5.4,True,0.0807515
binomial-omp,binomialOptionsGPU_l100,A10,GPT OSS,False,0.000550539
binomial-omp,binomialOptionsGPU_l100,A10,GPT OSS,True,0.00176936
binomial-omp,binomialOptionsGPU_l100,A10,Opus 4.6,False,0.095875
binomial-omp,binomialOptionsGPU_l100,A10,Opus 4.6,True,0.261875
binomial-omp,binomialOptionsGPU_l100,A100,GPT 5.4,False,0.0271805
binomial-omp,binomialOptionsGPU_l100,A100,GPT 5.4,True,0.079024
binomial-omp,binomialOptionsGPU_l100,A100,GPT OSS,False,0.001068976
binomial-omp,binomialOptionsGPU_l100,A100,GPT OSS,True,0.001704451
binomial-omp,binomialOptionsGPU_l100,A100,Opus 4.6,False,0.10729
binomial-omp,binomialOptionsGPU_l100,A100,Opus 4.6,True,0.25607
binomial-omp,binomialOptionsGPU_l100,H100,GPT 5.4,False,0.026968
binomial-omp,binomialOptionsGPU_l100,H100,GPT 5.4,True,0.0841515
binomial-omp,binomialOptionsGPU_l100,H100,GPT OSS,False,0.000951707
binomial-omp,binomialOptionsGPU_l100,H100,GPT OSS,True,0.0073359
binomial-omp,binomialOptionsGPU_l100,H100,Opus 4.6,False,0.10114
binomial-omp,binomialOptionsGPU_l100,H100,Opus 4.6,True,0.261935
bitonic-sort-cuda,_Z12bitonic_sortiiPi,3080,GPT 5.4,False,0.017988
bitonic-sort-cuda,_Z12bitonic_sortiiPi,3080,GPT 5.4,True,0.0237415
bitonic-sort-cuda,_Z12bitonic_sortiiPi,3080,GPT OSS,True,0.000615816
bitonic-sort-cuda,_Z12bitonic_sortiiPi,3080,Opus 4.6,False,0.06347
bitonic-sort-cuda,_Z12bitonic_sortiiPi,3080,Opus 4.6,True,0.086345
bitonic-sort-cuda,_Z12bitonic_sortiiPi,A10,GPT 5.4,False,0.017243
bitonic-sort-cuda,_Z12bitonic_sortiiPi,A10,GPT 5.4,True,0.0263265
bitonic-sort-cuda,_Z12bitonic_sortiiPi,A10,GPT OSS,False,0.000523187
bitonic-sort-cuda,_Z12bitonic_sortiiPi,A10,GPT OSS,True,0.00071408
bitonic-sort-cuda,_Z12bitonic_sortiiPi,A10,Opus 4.6,False,0.065515
bitonic-sort-cuda,_Z12bitonic_sortiiPi,A10,Opus 4.6,True,0.08504
bitonic-sort-cuda,_Z12bitonic_sortiiPi,A100,GPT 5.4,False,0.0179855
bitonic-sort-cuda,_Z12bitonic_sortiiPi,A100,GPT 5.4,True,0.0249465
bitonic-sort-cuda,_Z12bitonic_sortiiPi,A100,GPT OSS,False,0.000471434
bitonic-sort-cuda,_Z12bitonic_sortiiPi,A100,GPT OSS,True,0.000702022
bitonic-sort-cuda,_Z12bitonic_sortiiPi,A100,Opus 4.6,False,0.065055
bitonic-sort-cuda,_Z12bitonic_sortiiPi,A100,Opus 4.6,True,0.082705
bitonic-sort-cuda,_Z12bitonic_sortiiPi,H100,GPT 5.4,False,0.017413
bitonic-sort-cuda,_Z12bitonic_sortiiPi,H100,GPT 5.4,True,0.0262565
bitonic-sort-cuda,_Z12bitonic_sortiiPi,H100,GPT OSS,False,0.00190695
bitonic-sort-cuda,_Z12bitonic_sortiiPi,H100,GPT OSS,True,0.000697888
bitonic-sort-cuda,_Z12bitonic_sortiiPi,H100,Opus 4.6,False,0.06363
bitonic-sort-cuda,_Z12bitonic_sortiiPi,H100,Opus 4.6,True,0.091105
bitonic-sort-omp,_Z19ParallelBitonicSortPii_l66,3080,GPT 5.4,False,0.019223
bitonic-sort-omp,_Z19ParallelBitonicSortPii_l66,3080,GPT 5.4,True,0.028049
bitonic-sort-omp,_Z19ParallelBitonicSortPii_l66,3080,GPT OSS,True,0.00308643
bitonic-sort-omp,_Z19ParallelBitonicSortPii_l66,3080,Opus 4.6,False,0.06458
bitonic-sort-omp,_Z19ParallelBitonicSortPii_l66,3080,Opus 4.6,True,0.101585
bitonic-sort-omp,_Z19ParallelBitonicSortPii_l66,A10,GPT 5.4,False,0.018833
bitonic-sort-omp,_Z19ParallelBitonicSortPii_l66,A10,GPT 5.4,True,0.028619
bitonic-sort-omp,_Z19ParallelBitonicSortPii_l66,A10,GPT OSS,False,0.000616447
bitonic-sort-omp,_Z19ParallelBitonicSortPii_l66,A10,GPT OSS,True,0.00322144
bitonic-sort-omp,_Z19ParallelBitonicSortPii_l66,A10,Opus 4.6,False,0.06418
bitonic-sort-omp,_Z19ParallelBitonicSortPii_l66,A10,Opus 4.6,True,0.09726
bitonic-sort-omp,_Z19ParallelBitonicSortPii_l66,A100,GPT 5.4,False,0.0178505
bitonic-sort-omp,_Z19ParallelBitonicSortPii_l66,A100,GPT 5.4,True,0.0289415
bitonic-sort-omp,_Z19ParallelBitonicSortPii_l66,A100,GPT OSS,False,0.000543794
bitonic-sort-omp,_Z19ParallelBitonicSortPii_l66,A100,GPT OSS,True,0.00367351
bitonic-sort-omp,_Z19ParallelBitonicSortPii_l66,A100,Opus 4.6,False,0.06412
bitonic-sort-omp,_Z19ParallelBitonicSortPii_l66,A100,Opus 4.6,True,0.0944
bitonic-sort-omp,_Z19ParallelBitonicSortPii_l66,H100,GPT 5.4,False,0.019225
bitonic-sort-omp,_Z19ParallelBitonicSortPii_l66,H100,GPT 5.4,True,0.028209
bitonic-sort-omp,_Z19ParallelBitonicSortPii_l66,H100,GPT OSS,False,0.000611205
bitonic-sort-omp,_Z19ParallelBitonicSortPii_l66,H100,GPT OSS,True,0.0038594
bitonic-sort-omp,_Z19ParallelBitonicSortPii_l66,H100,Opus 4.6,False,0.06912
bitonic-sort-omp,_Z19ParallelBitonicSortPii_l66,H100,Opus 4.6,True,0.10317
bitpacking-cuda,_Z13bitPackKernelIijEvPKhPKT_PT0_S4_PKm,3080,GPT 5.4,False,0.0319155
bitpacking-cuda,_Z13bitPackKernelIijEvPKhPKT_PT0_S4_PKm,3080,GPT 5.4,True,0.071379
bitpacking-cuda,_Z13bitPackKernelIijEvPKhPKT_PT0_S4_PKm,3080,GPT OSS,False,0.000690784
bitpacking-cuda,_Z13bitPackKernelIijEvPKhPKT_PT0_S4_PKm,3080,Opus 4.6,False,0.103875
bitpacking-cuda,_Z13bitPackKernelIijEvPKhPKT_PT0_S4_PKm,3080,Opus 4.6,True,0.218295
bitpacking-cuda,_Z13bitPackKernelIijEvPKhPKT_PT0_S4_PKm,A10,GPT 5.4,False,0.0315705
bitpacking-cuda,_Z13bitPackKernelIijEvPKhPKT_PT0_S4_PKm,A10,GPT 5.4,True,0.071094
bitpacking-cuda,_Z13bitPackKernelIijEvPKhPKT_PT0_S4_PKm,A10,GPT OSS,False,0.00107302
bitpacking-cuda,_Z13bitPackKernelIijEvPKhPKT_PT0_S4_PKm,A10,Opus 4.6,False,0.111525
bitpacking-cuda,_Z13bitPackKernelIijEvPKhPKT_PT0_S4_PKm,A10,Opus 4.6,True,0.219395
bitpacking-cuda,_Z13bitPackKernelIijEvPKhPKT_PT0_S4_PKm,A100,GPT 5.4,False,0.030033
bitpacking-cuda,_Z13bitPackKernelIijEvPKhPKT_PT0_S4_PKm,A100,GPT 5.4,True,0.074249
bitpacking-cuda,_Z13bitPackKernelIijEvPKhPKT_PT0_S4_PKm,A100,GPT OSS,False,0.00343515
bitpacking-cuda,_Z13bitPackKernelIijEvPKhPKT_PT0_S4_PKm,A100,GPT OSS,True,0.001920033
bitpacking-cuda,_Z13bitPackKernelIijEvPKhPKT_PT0_S4_PKm,A100,Opus 4.6,False,0.10229
bitpacking-cuda,_Z13bitPackKernelIijEvPKhPKT_PT0_S4_PKm,A100,Opus 4.6,True,0.223825
bitpacking-cuda,_Z13bitPackKernelIijEvPKhPKT_PT0_S4_PKm,H100,GPT 5.4,False,0.0304205
bitpacking-cuda,_Z13bitPackKernelIijEvPKhPKT_PT0_S4_PKm,H100,GPT 5.4,True,0.070279
bitpacking-cuda,_Z13bitPackKernelIijEvPKhPKT_PT0_S4_PKm,H100,GPT OSS,False,0.0030738
bitpacking-cuda,_Z13bitPackKernelIijEvPKhPKT_PT0_S4_PKm,H100,GPT OSS,True,0.001649467
bitpacking-cuda,_Z13bitPackKernelIijEvPKhPKT_PT0_S4_PKm,H100,Opus 4.6,False,0.100915
bitpacking-cuda,_Z13bitPackKernelIijEvPKhPKT_PT0_S4_PKm,H100,Opus 4.6,True,0.22336
bitpacking-cuda,_Z23bitPackConfigScanKernelIiiEvPT_S1_PKT0_PKm,3080,GPT 5.4,False,0.030538
bitpacking-cuda,_Z23bitPackConfigScanKernelIiiEvPT_S1_PKT0_PKm,3080,GPT 5.4,True,0.047114
bitpacking-cuda,_Z23bitPackConfigScanKernelIiiEvPT_S1_PKT0_PKm,3080,GPT OSS,False,0.00305428
bitpacking-cuda,_Z23bitPackConfigScanKernelIiiEvPT_S1_PKT0_PKm,3080,GPT OSS,True,0.00378135
bitpacking-cuda,_Z23bitPackConfigScanKernelIiiEvPT_S1_PKT0_PKm,3080,Opus 4.6,False,0.097405
bitpacking-cuda,_Z23bitPackConfigScanKernelIiiEvPT_S1_PKT0_PKm,3080,Opus 4.6,True,0.143525
bitpacking-cuda,_Z23bitPackConfigScanKernelIiiEvPT_S1_PKT0_PKm,A10,GPT 5.4,False,0.030523
bitpacking-cuda,_Z23bitPackConfigScanKernelIiiEvPT_S1_PKT0_PKm,A10,GPT 5.4,True,0.046244
bitpacking-cuda,_Z23bitPackConfigScanKernelIiiEvPT_S1_PKT0_PKm,A10,GPT OSS,False,0.00266415
bitpacking-cuda,_Z23bitPackConfigScanKernelIiiEvPT_S1_PKT0_PKm,A10,GPT OSS,True,0.000924727
bitpacking-cuda,_Z23bitPackConfigScanKernelIiiEvPT_S1_PKT0_PKm,A10,Opus 4.6,False,0.09638
bitpacking-cuda,_Z23bitPackConfigScanKernelIiiEvPT_S1_PKT0_PKm,A10,Opus 4.6,True,0.1388
bitpacking-cuda,_Z23bitPackConfigScanKernelIiiEvPT_S1_PKT0_PKm,A100,GPT 5.4,False,0.0303055
bitpacking-cuda,_Z23bitPackConfigScanKernelIiiEvPT_S1_PKT0_PKm,A100,GPT 5.4,True,0.048129
bitpacking-cuda,_Z23bitPackConfigScanKernelIiiEvPT_S1_PKT0_PKm,A100,GPT OSS,False,0.0025344
bitpacking-cuda,_Z23bitPackConfigScanKernelIiiEvPT_S1_PKT0_PKm,A100,GPT OSS,True,0.00538274
bitpacking-cuda,_Z23bitPackConfigScanKernelIiiEvPT_S1_PKT0_PKm,A100,Opus 4.6,False,0.10207
bitpacking-cuda,_Z23bitPackConfigScanKernelIiiEvPT_S1_PKT0_PKm,A100,Opus 4.6,True,0.150925
bitpacking-cuda,_Z23bitPackConfigScanKernelIiiEvPT_S1_PKT0_PKm,H100,GPT 5.4,False,0.029523
bitpacking-cuda,_Z23bitPackConfigScanKernelIiiEvPT_S1_PKT0_PKm,H100,GPT 5.4,True,0.0444665
bitpacking-cuda,_Z23bitPackConfigScanKernelIiiEvPT_S1_PKT0_PKm,H100,GPT OSS,False,0.000748953
bitpacking-cuda,_Z23bitPackConfigScanKernelIiiEvPT_S1_PKT0_PKm,H100,GPT OSS,True,0.0033324
bitpacking-cuda,_Z23bitPackConfigScanKernelIiiEvPT_S1_PKT0_PKm,H100,Opus 4.6,False,0.099845
bitpacking-cuda,_Z23bitPackConfigScanKernelIiiEvPT_S1_PKT0_PKm,H100,Opus 4.6,True,0.14012
bitpacking-cuda,_Z27bitPackConfigFinalizeKernelIiiEvPKT_S2_PhPT0_PKm,3080,GPT 5.4,False,0.031468
bitpacking-cuda,_Z27bitPackConfigFinalizeKernelIiiEvPKT_S2_PhPT0_PKm,3080,GPT 5.4,True,0.050419
bitpacking-cuda,_Z27bitPackConfigFinalizeKernelIiiEvPKT_S2_PhPT0_PKm,3080,GPT OSS,True,0.00380224
bitpacking-cuda,_Z27bitPackConfigFinalizeKernelIiiEvPKT_S2_PhPT0_PKm,3080,Opus 4.6,False,0.10925
bitpacking-cuda,_Z27bitPackConfigFinalizeKernelIiiEvPKT_S2_PhPT0_PKm,3080,Opus 4.6,True,0.155055
bitpacking-cuda,_Z27bitPackConfigFinalizeKernelIiiEvPKT_S2_PhPT0_PKm,A10,GPT 5.4,False,0.030718
bitpacking-cuda,_Z27bitPackConfigFinalizeKernelIiiEvPKT_S2_PhPT0_PKm,A10,GPT 5.4,True,0.049849
bitpacking-cuda,_Z27bitPackConfigFinalizeKernelIiiEvPKT_S2_PhPT0_PKm,A10,GPT OSS,False,0.000715669
bitpacking-cuda,_Z27bitPackConfigFinalizeKernelIiiEvPKT_S2_PhPT0_PKm,A10,GPT OSS,True,0.000999171
bitpacking-cuda,_Z27bitPackConfigFinalizeKernelIiiEvPKT_S2_PhPT0_PKm,A10,Opus 4.6,False,0.108375
bitpacking-cuda,_Z27bitPackConfigFinalizeKernelIiiEvPKT_S2_PhPT0_PKm,A10,Opus 4.6,True,0.159105
bitpacking-cuda,_Z27bitPackConfigFinalizeKernelIiiEvPKT_S2_PhPT0_PKm,A100,GPT 5.4,False,0.0316555
bitpacking-cuda,_Z27bitPackConfigFinalizeKernelIiiEvPKT_S2_PhPT0_PKm,A100,GPT 5.4,True,0.050824
bitpacking-cuda,_Z27bitPackConfigFinalizeKernelIiiEvPKT_S2_PhPT0_PKm,A100,GPT OSS,False,0.000774876
bitpacking-cuda,_Z27bitPackConfigFinalizeKernelIiiEvPKT_S2_PhPT0_PKm,A100,GPT OSS,True,0.001198847
bitpacking-cuda,_Z27bitPackConfigFinalizeKernelIiiEvPKT_S2_PhPT0_PKm,A100,Opus 4.6,False,0.11304
bitpacking-cuda,_Z27bitPackConfigFinalizeKernelIiiEvPKT_S2_PhPT0_PKm,A100,Opus 4.6,True,0.162285
bitpacking-cuda,_Z27bitPackConfigFinalizeKernelIiiEvPKT_S2_PhPT0_PKm,H100,GPT 5.4,False,0.030693
bitpacking-cuda,_Z27bitPackConfigFinalizeKernelIiiEvPKT_S2_PhPT0_PKm,H100,GPT 5.4,True,0.046414
bitpacking-cuda,_Z27bitPackConfigFinalizeKernelIiiEvPKT_S2_PhPT0_PKm,H100,GPT OSS,False,0.000676037
bitpacking-cuda,_Z27bitPackConfigFinalizeKernelIiiEvPKT_S2_PhPT0_PKm,H100,GPT OSS,True,0.000959659
bitpacking-cuda,_Z27bitPackConfigFinalizeKernelIiiEvPKT_S2_PhPT0_PKm,H100,Opus 4.6,False,0.108565
bitpacking-cuda,_Z27bitPackConfigFinalizeKernelIiiEvPKT_S2_PhPT0_PKm,H100,Opus 4.6,True,0.138945
bitpermute-cuda,_Z19bit_rev_permutationPlPKlj,3080,GPT 5.4,False,0.018208
bitpermute-cuda,_Z19bit_rev_permutationPlPKlj,3080,GPT 5.4,True,0.0208915
bitpermute-cuda,_Z19bit_rev_permutationPlPKlj,3080,GPT OSS,False,0.000500399
bitpermute-cuda,_Z19bit_rev_permutationPlPKlj,3080,GPT OSS,True,0.00219812
bitpermute-cuda,_Z19bit_rev_permutationPlPKlj,3080,Opus 4.6,False,0.06031
bitpermute-cuda,_Z19bit_rev_permutationPlPKlj,3080,Opus 4.6,True,0.075385
bitpermute-cuda,_Z19bit_rev_permutationPlPKlj,A10,GPT 5.4,False,0.017478
bitpermute-cuda,_Z19bit_rev_permutationPlPKlj,A10,GPT 5.4,True,0.0219765
bitpermute-cuda,_Z19bit_rev_permutationPlPKlj,A10,GPT OSS,False,0.000444763
bitpermute-cuda,_Z19bit_rev_permutationPlPKlj,A10,GPT OSS,True,0.001905
bitpermute-cuda,_Z19bit_rev_permutationPlPKlj,A10,Opus 4.6,False,0.06198
bitpermute-cuda,_Z19bit_rev_permutationPlPKlj,A10,Opus 4.6,True,0.07243
bitpermute-cuda,_Z19bit_rev_permutationPlPKlj,A100,GPT 5.4,False,0.0164955
bitpermute-cuda,_Z19bit_rev_permutationPlPKlj,A100,GPT 5.4,True,0.0218865
bitpermute-cuda,_Z19bit_rev_permutationPlPKlj,A100,GPT OSS,False,0.00051765
bitpermute-cuda,_Z19bit_rev_permutationPlPKlj,A100,GPT OSS,True,0.00205557
bitpermute-cuda,_Z19bit_rev_permutationPlPKlj,A100,Opus 4.6,False,0.060595
bitpermute-cuda,_Z19bit_rev_permutationPlPKlj,A100,Opus 4.6,True,0.076985
bitpermute-cuda,_Z19bit_rev_permutationPlPKlj,H100,GPT 5.4,False,0.017468
bitpermute-cuda,_Z19bit_rev_permutationPlPKlj,H100,GPT 5.4,True,0.021829
bitpermute-cuda,_Z19bit_rev_permutationPlPKlj,H100,GPT OSS,False,0.000496141
bitpermute-cuda,_Z19bit_rev_permutationPlPKlj,H100,GPT OSS,True,0.000485773
bitpermute-cuda,_Z19bit_rev_permutationPlPKlj,H100,Opus 4.6,False,0.06132
bitpermute-cuda,_Z19bit_rev_permutationPlPKlj,H100,Opus 4.6,True,0.072765
bitpermute-cuda,_Z21bit_rev_permutation_zPlPKlj,3080,GPT 5.4,False,0.02073
bitpermute-cuda,_Z21bit_rev_permutation_zPlPKlj,3080,GPT 5.4,True,0.064059
bitpermute-cuda,_Z21bit_rev_permutation_zPlPKlj,3080,GPT OSS,False,0.00253065
bitpermute-cuda,_Z21bit_rev_permutation_zPlPKlj,3080,GPT OSS,True,0.001499877
bitpermute-cuda,_Z21bit_rev_permutation_zPlPKlj,3080,Opus 4.6,False,0.07315
bitpermute-cuda,_Z21bit_rev_permutation_zPlPKlj,3080,Opus 4.6,True,0.19219
bitpermute-cuda,_Z21bit_rev_permutation_zPlPKlj,A10,GPT 5.4,False,0.020648
bitpermute-cuda,_Z21bit_rev_permutation_zPlPKlj,A10,GPT 5.4,True,0.065114
bitpermute-cuda,_Z21bit_rev_permutation_zPlPKlj,A10,GPT OSS,False,0.00289605
bitpermute-cuda,_Z21bit_rev_permutation_zPlPKlj,A10,GPT OSS,True,0.0060123
bitpermute-cuda,_Z21bit_rev_permutation_zPlPKlj,A10,Opus 4.6,False,0.084295
bitpermute-cuda,_Z21bit_rev_permutation_zPlPKlj,A10,Opus 4.6,True,0.185585
bitpermute-cuda,_Z21bit_rev_permutation_zPlPKlj,A100,GPT 5.4,False,0.0197525
bitpermute-cuda,_Z21bit_rev_permutation_zPlPKlj,A100,GPT 5.4,True,0.0662965
bitpermute-cuda,_Z21bit_rev_permutation_zPlPKlj,A100,GPT OSS,False,0.00351137
bitpermute-cuda,_Z21bit_rev_permutation_zPlPKlj,A100,GPT OSS,True,0.001450148
bitpermute-cuda,_Z21bit_rev_permutation_zPlPKlj,A100,Opus 4.6,False,0.08366
bitpermute-cuda,_Z21bit_rev_permutation_zPlPKlj,A100,Opus 4.6,True,0.1907
bitpermute-cuda,_Z21bit_rev_permutation_zPlPKlj,H100,GPT 5.4,False,0.022633
bitpermute-cuda,_Z21bit_rev_permutation_zPlPKlj,H100,GPT 5.4,True,0.062934
bitpermute-cuda,_Z21bit_rev_permutation_zPlPKlj,H100,GPT OSS,False,0.00331458
bitpermute-cuda,_Z21bit_rev_permutation_zPlPKlj,H100,GPT OSS,True,0.001423003
bitpermute-cuda,_Z21bit_rev_permutation_zPlPKlj,H100,Opus 4.6,False,0.080135
bitpermute-cuda,_Z21bit_rev_permutation_zPlPKlj,H100,Opus 4.6,True,0.17183
black-scholes-cuda,_Z15getOutValOptionPK17optionInputStructPfi,3080,GPT 5.4,False,0.039103
black-scholes-cuda,_Z15getOutValOptionPK17optionInputStructPfi,3080,GPT 5.4,True,0.093145
black-scholes-cuda,_Z15getOutValOptionPK17optionInputStructPfi,3080,GPT OSS,False,0.00364575
black-scholes-cuda,_Z15getOutValOptionPK17optionInputStructPfi,3080,GPT OSS,True,0.001718677
black-scholes-cuda,_Z15getOutValOptionPK17optionInputStructPfi,3080,Opus 4.6,False,0.127675
black-scholes-cuda,_Z15getOutValOptionPK17optionInputStructPfi,3080,Opus 4.6,True,0.241365
black-scholes-cuda,_Z15getOutValOptionPK17optionInputStructPfi,A10,GPT 5.4,False,0.040098
black-scholes-cuda,_Z15getOutValOptionPK17optionInputStructPfi,A10,GPT 5.4,True,0.088494
black-scholes-cuda,_Z15getOutValOptionPK17optionInputStructPfi,A10,GPT OSS,False,0.00362595
black-scholes-cuda,_Z15getOutValOptionPK17optionInputStructPfi,A10,GPT OSS,True,0.001723271
black-scholes-cuda,_Z15getOutValOptionPK17optionInputStructPfi,A10,Opus 4.6,False,0.13377
black-scholes-cuda,_Z15getOutValOptionPK17optionInputStructPfi,A10,Opus 4.6,True,0.260985
black-scholes-cuda,_Z15getOutValOptionPK17optionInputStructPfi,A100,GPT 5.4,False,0.0404355
black-scholes-cuda,_Z15getOutValOptionPK17optionInputStructPfi,A100,GPT 5.4,True,0.089564
black-scholes-cuda,_Z15getOutValOptionPK17optionInputStructPfi,A100,GPT OSS,False,0.0036594
black-scholes-cuda,_Z15getOutValOptionPK17optionInputStructPfi,A100,GPT OSS,True,0.00700912
black-scholes-cuda,_Z15getOutValOptionPK17optionInputStructPfi,A100,Opus 4.6,False,0.14291
black-scholes-cuda,_Z15getOutValOptionPK17optionInputStructPfi,A100,Opus 4.6,True,0.254195
black-scholes-cuda,_Z15getOutValOptionPK17optionInputStructPfi,H100,GPT 5.4,False,0.040238
black-scholes-cuda,_Z15getOutValOptionPK17optionInputStructPfi,H100,GPT 5.4,True,0.0944115
black-scholes-cuda,_Z15getOutValOptionPK17optionInputStructPfi,H100,GPT OSS,False,0.00392625
black-scholes-cuda,_Z15getOutValOptionPK17optionInputStructPfi,H100,Opus 4.6,False,0.13011
black-scholes-cuda,_Z15getOutValOptionPK17optionInputStructPfi,H100,Opus 4.6,True,0.291725
black-scholes-omp,_Z29runBlackScholesAnalyticEnginei_l237,3080,GPT 5.4,False,0.0527605
black-scholes-omp,_Z29runBlackScholesAnalyticEnginei_l237,3080,GPT 5.4,True,0.0993465
black-scholes-omp,_Z29runBlackScholesAnalyticEnginei_l237,3080,GPT OSS,False,0.001248398
black-scholes-omp,_Z29runBlackScholesAnalyticEnginei_l237,3080,GPT OSS,True,0.002057592
black-scholes-omp,_Z29runBlackScholesAnalyticEnginei_l237,3080,Opus 4.6,False,0.17264
black-scholes-omp,_Z29runBlackScholesAnalyticEnginei_l237,3080,Opus 4.6,True,0.30905
black-scholes-omp,_Z29runBlackScholesAnalyticEnginei_l237,A10,GPT 5.4,False,0.0508105
black-scholes-omp,_Z29runBlackScholesAnalyticEnginei_l237,A10,GPT 5.4,True,0.1008765
black-scholes-omp,_Z29runBlackScholesAnalyticEnginei_l237,A10,GPT OSS,False,0.001156394
black-scholes-omp,_Z29runBlackScholesAnalyticEnginei_l237,A10,GPT OSS,True,0.001950578
black-scholes-omp,_Z29runBlackScholesAnalyticEnginei_l237,A10,Opus 4.6,False,0.16744
black-scholes-omp,_Z29runBlackScholesAnalyticEnginei_l237,A10,Opus 4.6,True,0.31785
black-scholes-omp,_Z29runBlackScholesAnalyticEnginei_l237,A100,GPT 5.4,False,0.050338
black-scholes-omp,_Z29runBlackScholesAnalyticEnginei_l237,A100,GPT 5.4,True,0.103049
black-scholes-omp,_Z29runBlackScholesAnalyticEnginei_l237,A100,GPT OSS,False,0.00436375
black-scholes-omp,_Z29runBlackScholesAnalyticEnginei_l237,A100,GPT OSS,True,0.001933693
black-scholes-omp,_Z29runBlackScholesAnalyticEnginei_l237,A100,Opus 4.6,False,0.174705
black-scholes-omp,_Z29runBlackScholesAnalyticEnginei_l237,A100,Opus 4.6,True,0.306915
black-scholes-omp,_Z29runBlackScholesAnalyticEnginei_l237,H100,GPT 5.4,False,0.0484755
black-scholes-omp,_Z29runBlackScholesAnalyticEnginei_l237,H100,GPT 5.4,True,0.104444
black-scholes-omp,_Z29runBlackScholesAnalyticEnginei_l237,H100,GPT OSS,False,0.002785152
black-scholes-omp,_Z29runBlackScholesAnalyticEnginei_l237,H100,GPT OSS,True,0.001938335
black-scholes-omp,_Z29runBlackScholesAnalyticEnginei_l237,H100,Opus 4.6,False,0.16563
black-scholes-omp,_Z29runBlackScholesAnalyticEnginei_l237,H100,Opus 4.6,True,0.310365
blockAccess-cuda,_Z6kernelILi256ELi1024EEvPKfPhj,3080,GPT 5.4,False,0.027228
blockAccess-cuda,_Z6kernelILi256ELi1024EEvPKfPhj,3080,GPT 5.4,True,0.0305415
blockAccess-cuda,_Z6kernelILi256ELi1024EEvPKfPhj,3080,GPT OSS,False,0.00304093
blockAccess-cuda,_Z6kernelILi256ELi1024EEvPKfPhj,3080,GPT OSS,True,0.00247715
blockAccess-cuda,_Z6kernelILi256ELi1024EEvPKfPhj,3080,Opus 4.6,False,0.089745
blockAccess-cuda,_Z6kernelILi256ELi1024EEvPKfPhj,3080,Opus 4.6,True,0.100465
blockAccess-cuda,_Z6kernelILi256ELi1024EEvPKfPhj,A10,GPT 5.4,False,0.027713
blockAccess-cuda,_Z6kernelILi256ELi1024EEvPKfPhj,A10,GPT 5.4,True,0.0300815
blockAccess-cuda,_Z6kernelILi256ELi1024EEvPKfPhj,A10,GPT OSS,False,0.00281237
blockAccess-cuda,_Z6kernelILi256ELi1024EEvPKfPhj,A10,GPT OSS,True,0.002988
blockAccess-cuda,_Z6kernelILi256ELi1024EEvPKfPhj,A10,Opus 4.6,False,0.09334
blockAccess-cuda,_Z6kernelILi256ELi1024EEvPKfPhj,A10,Opus 4.6,True,0.10191
blockAccess-cuda,_Z6kernelILi256ELi1024EEvPKfPhj,A100,GPT 5.4,False,0.0274205
blockAccess-cuda,_Z6kernelILi256ELi1024EEvPKfPhj,A100,GPT 5.4,True,0.028994
blockAccess-cuda,_Z6kernelILi256ELi1024EEvPKfPhj,A100,GPT OSS,False,0.00067195
blockAccess-cuda,_Z6kernelILi256ELi1024EEvPKfPhj,A100,GPT OSS,True,0.00272445
blockAccess-cuda,_Z6kernelILi256ELi1024EEvPKfPhj,A100,Opus 4.6,False,0.09098
blockAccess-cuda,_Z6kernelILi256ELi1024EEvPKfPhj,A100,Opus 4.6,True,0.097475
blockAccess-cuda,_Z6kernelILi256ELi1024EEvPKfPhj,H100,GPT 5.4,False,0.02851
blockAccess-cuda,_Z6kernelILi256ELi1024EEvPKfPhj,H100,GPT 5.4,True,0.0304015
blockAccess-cuda,_Z6kernelILi256ELi1024EEvPKfPhj,H100,GPT OSS,False,0.00347195
blockAccess-cuda,_Z6kernelILi256ELi1024EEvPKfPhj,H100,GPT OSS,True,0.0029496
blockAccess-cuda,_Z6kernelILi256ELi1024EEvPKfPhj,H100,Opus 4.6,False,0.093505
blockAccess-cuda,_Z6kernelILi256ELi1024EEvPKfPhj,H100,Opus 4.6,True,0.09873
blockAccess-cuda,_Z9referencePKfPhj,3080,GPT 5.4,False,0.026293
blockAccess-cuda,_Z9referencePKfPhj,3080,GPT 5.4,True,0.029719
blockAccess-cuda,_Z9referencePKfPhj,3080,GPT OSS,False,0.00238815
blockAccess-cuda,_Z9referencePKfPhj,3080,GPT OSS,True,0.00291093
blockAccess-cuda,_Z9referencePKfPhj,3080,Opus 4.6,False,0.08613
blockAccess-cuda,_Z9referencePKfPhj,3080,Opus 4.6,True,0.09306
blockAccess-cuda,_Z9referencePKfPhj,A10,GPT 5.4,False,0.027138
blockAccess-cuda,_Z9referencePKfPhj,A10,GPT 5.4,True,0.027189
blockAccess-cuda,_Z9referencePKfPhj,A10,GPT OSS,False,0.000648443
blockAccess-cuda,_Z9referencePKfPhj,A10,GPT OSS,True,0.00330652
blockAccess-cuda,_Z9referencePKfPhj,A10,Opus 4.6,False,0.0847
blockAccess-cuda,_Z9referencePKfPhj,A10,Opus 4.6,True,0.095055
blockAccess-cuda,_Z9referencePKfPhj,A100,GPT 5.4,False,0.0269355
blockAccess-cuda,_Z9referencePKfPhj,A100,GPT 5.4,True,0.029034
blockAccess-cuda,_Z9referencePKfPhj,A100,GPT OSS,True,0.00295268
blockAccess-cuda,_Z9referencePKfPhj,A100,Opus 4.6,False,0.084965
blockAccess-cuda,_Z9referencePKfPhj,A100,Opus 4.6,True,0.10446
blockAccess-cuda,_Z9referencePKfPhj,H100,GPT 5.4,False,0.025793
blockAccess-cuda,_Z9referencePKfPhj,H100,GPT 5.4,True,0.0302415
blockAccess-cuda,_Z9referencePKfPhj,H100,GPT OSS,False,0.000636741
blockAccess-cuda,_Z9referencePKfPhj,H100,GPT OSS,True,0.00269178
blockAccess-cuda,_Z9referencePKfPhj,H100,Opus 4.6,False,0.085615
blockAccess-cuda,_Z9referencePKfPhj,H100,Opus 4.6,True,0.09377
blockexchange-cuda,_Z1kILi256ELi1024EEvPKiPii,3080,GPT 5.4,False,0.068533
blockexchange-cuda,_Z1kILi256ELi1024EEvPKiPii,3080,GPT 5.4,True,0.0739915
blockexchange-cuda,_Z1kILi256ELi1024EEvPKiPii,3080,GPT OSS,False,0.00532605
blockexchange-cuda,_Z1kILi256ELi1024EEvPKiPii,3080,GPT OSS,True,0.00136371
blockexchange-cuda,_Z1kILi256ELi1024EEvPKiPii,3080,Opus 4.6,False,0.19806
blockexchange-cuda,_Z1kILi256ELi1024EEvPKiPii,3080,Opus 4.6,True,0.218585
blockexchange-cuda,_Z1kILi256ELi1024EEvPKiPii,A10,GPT 5.4,False,0.069108
blockexchange-cuda,_Z1kILi256ELi1024EEvPKiPii,A10,GPT 5.4,True,0.0731115
blockexchange-cuda,_Z1kILi256ELi1024EEvPKiPii,A10,GPT OSS,False,0.00503505
blockexchange-cuda,_Z1kILi256ELi1024EEvPKiPii,A10,GPT OSS,True,0.00518113
blockexchange-cuda,_Z1kILi256ELi1024EEvPKiPii,A10,Opus 4.6,False,0.203255
blockexchange-cuda,_Z1kILi256ELi1024EEvPKiPii,A10,Opus 4.6,True,0.21423
blockexchange-cuda,_Z1kILi256ELi1024EEvPKiPii,A100,GPT 5.4,False,0.0685905
blockexchange-cuda,_Z1kILi256ELi1024EEvPKiPii,A100,GPT 5.4,True,0.072879
blockexchange-cuda,_Z1kILi256ELi1024EEvPKiPii,A100,GPT OSS,False,0.001372356
blockexchange-cuda,_Z1kILi256ELi1024EEvPKiPii,A100,Opus 4.6,False,0.203795
blockexchange-cuda,_Z1kILi256ELi1024EEvPKiPii,A100,Opus 4.6,True,0.216045
blockexchange-cuda,_Z1kILi256ELi1024EEvPKiPii,H100,GPT 5.4,False,0.068333
blockexchange-cuda,_Z1kILi256ELi1024EEvPKiPii,H100,GPT 5.4,True,0.0729065
blockexchange-cuda,_Z1kILi256ELi1024EEvPKiPii,H100,GPT OSS,False,0.00503955
blockexchange-cuda,_Z1kILi256ELi1024EEvPKiPii,H100,GPT OSS,True,0.001359848
blockexchange-cuda,_Z1kILi256ELi1024EEvPKiPii,H100,Opus 4.6,False,0.215095
blockexchange-cuda,_Z1kILi256ELi1024EEvPKiPii,H100,Opus 4.6,True,0.21791
bn-omp,_Z13computeKerneliiPKfPKbiiPfPii_l105,3080,GPT 5.4,False,0.167713
bn-omp,_Z13computeKerneliiPKfPKbiiPfPii_l105,3080,GPT 5.4,True,0.568215
bn-omp,_Z13computeKerneliiPKfPKbiiPfPii_l105,3080,GPT OSS,False,0.01138594
bn-omp,_Z13computeKerneliiPKfPKbiiPfPii_l105,3080,Opus 4.6,False,0.38032
bn-omp,_Z13computeKerneliiPKfPKbiiPfPii_l105,3080,Opus 4.6,True,1.35385
bn-omp,_Z13computeKerneliiPKfPKbiiPfPii_l105,A10,GPT 5.4,False,0.166243
bn-omp,_Z13computeKerneliiPKfPKbiiPfPii_l105,A10,GPT 5.4,True,0.561174
bn-omp,_Z13computeKerneliiPKfPKbiiPfPii_l105,A10,GPT OSS,False,0.0115884
bn-omp,_Z13computeKerneliiPKfPKbiiPfPii_l105,A10,Opus 4.6,False,0.38352
bn-omp,_Z13computeKerneliiPKfPKbiiPfPii_l105,A10,Opus 4.6,True,1.354075
bn-omp,_Z13computeKerneliiPKfPKbiiPfPii_l105,A100,GPT 5.4,False,0.1665055
bn-omp,_Z13computeKerneliiPKfPKbiiPfPii_l105,A100,GPT 5.4,True,0.5654165
bn-omp,_Z13computeKerneliiPKfPKbiiPfPii_l105,A100,GPT OSS,False,0.01208187
bn-omp,_Z13computeKerneliiPKfPKbiiPfPii_l105,A100,Opus 4.6,False,0.38341
bn-omp,_Z13computeKerneliiPKfPKbiiPfPii_l105,A100,Opus 4.6,True,1.36644
bn-omp,_Z13computeKerneliiPKfPKbiiPfPii_l105,H100,GPT 5.4,False,0.17364
bn-omp,_Z13computeKerneliiPKfPKbiiPfPii_l105,H100,GPT 5.4,True,0.572109
bn-omp,_Z13computeKerneliiPKfPKbiiPfPii_l105,H100,GPT OSS,False,0.01122165
bn-omp,_Z13computeKerneliiPKfPKbiiPfPii_l105,H100,Opus 4.6,False,0.38401
bn-omp,_Z13computeKerneliiPKfPKbiiPfPii_l105,H100,Opus 4.6,True,1.38224
bn-omp,_Z13findBestGraphPfPiS_Pb_l241,3080,GPT 5.4,False,0.167153
bn-omp,_Z13findBestGraphPfPiS_Pb_l241,3080,GPT 5.4,True,0.1781215
bn-omp,_Z13findBestGraphPfPiS_Pb_l241,3080,GPT OSS,True,0.00332406
bn-omp,_Z13findBestGraphPfPiS_Pb_l241,3080,Opus 4.6,False,0.372805
bn-omp,_Z13findBestGraphPfPiS_Pb_l241,3080,Opus 4.6,True,0.40404
bn-omp,_Z13findBestGraphPfPiS_Pb_l241,A10,GPT 5.4,False,0.167978
bn-omp,_Z13findBestGraphPfPiS_Pb_l241,A10,GPT 5.4,True,0.1772665
bn-omp,_Z13findBestGraphPfPiS_Pb_l241,A10,Opus 4.6,False,0.367355
bn-omp,_Z13findBestGraphPfPiS_Pb_l241,A10,Opus 4.6,True,0.402565
bn-omp,_Z13findBestGraphPfPiS_Pb_l241,A100,GPT 5.4,False,0.1668305
bn-omp,_Z13findBestGraphPfPiS_Pb_l241,A100,GPT 5.4,True,0.178839
bn-omp,_Z13findBestGraphPfPiS_Pb_l241,A100,Opus 4.6,False,0.36807
bn-omp,_Z13findBestGraphPfPiS_Pb_l241,A100,Opus 4.6,True,0.41227
bn-omp,_Z13findBestGraphPfPiS_Pb_l241,H100,GPT 5.4,False,0.169378
bn-omp,_Z13findBestGraphPfPiS_Pb_l241,H100,GPT 5.4,True,0.1801365
bn-omp,_Z13findBestGraphPfPiS_Pb_l241,H100,Opus 4.6,False,0.365645
bn-omp,_Z13findBestGraphPfPiS_Pb_l241,H100,Opus 4.6,True,0.409485
bn-omp,_Z13findBestGraphPfPiS_Pb_l244,3080,GPT 5.4,False,0.165893
bn-omp,_Z13findBestGraphPfPiS_Pb_l244,3080,GPT 5.4,True,0.1698665
bn-omp,_Z13findBestGraphPfPiS_Pb_l244,3080,GPT OSS,True,0.003123522
bn-omp,_Z13findBestGraphPfPiS_Pb_l244,3080,Opus 4.6,False,0.367355
bn-omp,_Z13findBestGraphPfPiS_Pb_l244,3080,Opus 4.6,True,0.385025
bn-omp,_Z13findBestGraphPfPiS_Pb_l244,A10,GPT 5.4,False,0.169043
bn-omp,_Z13findBestGraphPfPiS_Pb_l244,A10,GPT 5.4,True,0.1715615
bn-omp,_Z13findBestGraphPfPiS_Pb_l244,A10,Opus 4.6,False,0.37013
bn-omp,_Z13findBestGraphPfPiS_Pb_l244,A10,Opus 4.6,True,0.39095
bn-omp,_Z13findBestGraphPfPiS_Pb_l244,A100,GPT 5.4,False,0.1714475
bn-omp,_Z13findBestGraphPfPiS_Pb_l244,A100,GPT 5.4,True,0.171449
bn-omp,_Z13findBestGraphPfPiS_Pb_l244,A100,GPT OSS,True,0.01188855
bn-omp,_Z13findBestGraphPfPiS_Pb_l244,A100,Opus 4.6,False,0.371895
bn-omp,_Z13findBestGraphPfPiS_Pb_l244,A100,Opus 4.6,True,0.38744
bn-omp,_Z13findBestGraphPfPiS_Pb_l244,H100,GPT 5.4,False,0.167083
bn-omp,_Z13findBestGraphPfPiS_Pb_l244,H100,GPT 5.4,True,0.1729415
bn-omp,_Z13findBestGraphPfPiS_Pb_l244,H100,Opus 4.6,False,0.36882
bn-omp,_Z13findBestGraphPfPiS_Pb_l244,H100,Opus 4.6,True,0.41109
bn-omp,_Z14genScoreKerneliPfPKiPKf_l21,3080,GPT 5.4,False,0.164133
bn-omp,_Z14genScoreKerneliPfPKiPKf_l21,3080,GPT 5.4,True,0.176789
bn-omp,_Z14genScoreKerneliPfPKiPKf_l21,3080,Opus 4.6,False,0.366435
bn-omp,_Z14genScoreKerneliPfPKiPKf_l21,3080,Opus 4.6,True,0.41103
bn-omp,_Z14genScoreKerneliPfPKiPKf_l21,A10,GPT 5.4,False,0.17397
bn-omp,_Z14genScoreKerneliPfPKiPKf_l21,A10,GPT 5.4,True,0.182969
bn-omp,_Z14genScoreKerneliPfPKiPKf_l21,A10,Opus 4.6,False,0.36456
bn-omp,_Z14genScoreKerneliPfPKiPKf_l21,A10,Opus 4.6,True,0.40208
bn-omp,_Z14genScoreKerneliPfPKiPKf_l21,A100,GPT 5.4,False,0.1643955
bn-omp,_Z14genScoreKerneliPfPKiPKf_l21,A100,GPT 5.4,True,0.1778215
bn-omp,_Z14genScoreKerneliPfPKiPKf_l21,A100,GPT OSS,False,0.003158498
bn-omp,_Z14genScoreKerneliPfPKiPKf_l21,A100,Opus 4.6,False,0.3644
bn-omp,_Z14genScoreKerneliPfPKiPKf_l21,A100,Opus 4.6,True,0.41151
bn-omp,_Z14genScoreKerneliPfPKiPKf_l21,H100,GPT 5.4,False,0.163898
bn-omp,_Z14genScoreKerneliPfPKiPKf_l21,H100,GPT 5.4,True,0.1794115
bn-omp,_Z14genScoreKerneliPfPKiPKf_l21,H100,Opus 4.6,False,0.364625
bn-omp,_Z14genScoreKerneliPfPKiPKf_l21,H100,Opus 4.6,True,0.42124
bonds-cuda,_Z5bonds12inArgsStruct13resultsStructi,3080,GPT 5.4,False,0.0846605
bonds-cuda,_Z5bonds12inArgsStruct13resultsStructi,3080,GPT 5.4,True,0.453989
bonds-cuda,_Z5bonds12inArgsStruct13resultsStructi,3080,Opus 4.6,False,0.252025
bonds-cuda,_Z5bonds12inArgsStruct13resultsStructi,3080,Opus 4.6,True,1.147515
bonds-cuda,_Z5bonds12inArgsStruct13resultsStructi,A10,GPT 5.4,False,0.0846655
bonds-cuda,_Z5bonds12inArgsStruct13resultsStructi,A10,GPT 5.4,True,0.46072
bonds-cuda,_Z5bonds12inArgsStruct13resultsStructi,A10,Opus 4.6,False,0.24092
bonds-cuda,_Z5bonds12inArgsStruct13resultsStructi,A10,Opus 4.6,True,1.14611
bonds-cuda,_Z5bonds12inArgsStruct13resultsStructi,A100,GPT 5.4,False,0.085408
bonds-cuda,_Z5bonds12inArgsStruct13resultsStructi,A100,GPT 5.4,True,0.4637915
bonds-cuda,_Z5bonds12inArgsStruct13resultsStructi,A100,Opus 4.6,False,0.24116
bonds-cuda,_Z5bonds12inArgsStruct13resultsStructi,A100,Opus 4.6,True,1.17267
bonds-cuda,_Z5bonds12inArgsStruct13resultsStructi,H100,GPT 5.4,False,0.0849105
bonds-cuda,_Z5bonds12inArgsStruct13resultsStructi,H100,GPT 5.4,True,0.4625615
bonds-cuda,_Z5bonds12inArgsStruct13resultsStructi,H100,GPT OSS,False,0.001605084
bonds-cuda,_Z5bonds12inArgsStruct13resultsStructi,H100,Opus 4.6,False,0.24231
bonds-cuda,_Z5bonds12inArgsStruct13resultsStructi,H100,Opus 4.6,True,1.17049
boxfilter-cuda,_Z10col_kernelPKjPjiiif,3080,GPT 5.4,False,0.0719155
boxfilter-cuda,_Z10col_kernelPKjPjiiif,3080,GPT 5.4,True,0.1165515
boxfilter-cuda,_Z10col_kernelPKjPjiiif,3080,GPT OSS,False,0.001779948
boxfilter-cuda,_Z10col_kernelPKjPjiiif,3080,GPT OSS,True,0.0085806
boxfilter-cuda,_Z10col_kernelPKjPjiiif,3080,Opus 4.6,False,0.207805
boxfilter-cuda,_Z10col_kernelPKjPjiiif,3080,Opus 4.6,True,0.326055
boxfilter-cuda,_Z10col_kernelPKjPjiiif,A10,GPT 5.4,False,0.070893
boxfilter-cuda,_Z10col_kernelPKjPjiiif,A10,GPT 5.4,True,0.115754
boxfilter-cuda,_Z10col_kernelPKjPjiiif,A10,GPT OSS,False,0.001783431
boxfilter-cuda,_Z10col_kernelPKjPjiiif,A10,GPT OSS,True,0.002624915
boxfilter-cuda,_Z10col_kernelPKjPjiiif,A10,Opus 4.6,False,0.214585
boxfilter-cuda,_Z10col_kernelPKjPjiiif,A10,Opus 4.6,True,0.319185
boxfilter-cuda,_Z10col_kernelPKjPjiiif,A100,GPT 5.4,False,0.0709605
boxfilter-cuda,_Z10col_kernelPKjPjiiif,A100,GPT 5.4,True,0.1119315
boxfilter-cuda,_Z10col_kernelPKjPjiiif,A100,GPT OSS,False,0.001745738
boxfilter-cuda,_Z10col_kernelPKjPjiiif,A100,GPT OSS,True,0.002321912
boxfilter-cuda,_Z10col_kernelPKjPjiiif,A100,Opus 4.6,False,0.205225
boxfilter-cuda,_Z10col_kernelPKjPjiiif,A100,Opus 4.6,True,0.314675
boxfilter-cuda,_Z10col_kernelPKjPjiiif,H100,GPT 5.4,False,0.072143
boxfilter-cuda,_Z10col_kernelPKjPjiiif,H100,GPT 5.4,True,0.117544
boxfilter-cuda,_Z10col_kernelPKjPjiiif,H100,GPT OSS,True,0.002334199
boxfilter-cuda,_Z10col_kernelPKjPjiiif,H100,Opus 4.6,False,0.20585
boxfilter-cuda,_Z10col_kernelPKjPjiiif,H100,Opus 4.6,True,0.326005
boxfilter-cuda,_Z10row_kernelPK6uchar4Pjiiiifj,3080,GPT 5.4,False,0.0692355
boxfilter-cuda,_Z10row_kernelPK6uchar4Pjiiiifj,3080,GPT 5.4,True,0.0781265
boxfilter-cuda,_Z10row_kernelPK6uchar4Pjiiiifj,3080,GPT OSS,False,0.00161819
boxfilter-cuda,_Z10row_kernelPK6uchar4Pjiiiifj,3080,GPT OSS,True,0.0064146
boxfilter-cuda,_Z10row_kernelPK6uchar4Pjiiiifj,3080,Opus 4.6,False,0.214465
boxfilter-cuda,_Z10row_kernelPK6uchar4Pjiiiifj,3080,Opus 4.6,True,0.23878
boxfilter-cuda,_Z10row_kernelPK6uchar4Pjiiiifj,A10,GPT 5.4,False,0.069833
boxfilter-cuda,_Z10row_kernelPK6uchar4Pjiiiifj,A10,GPT 5.4,True,0.079249
boxfilter-cuda,_Z10row_kernelPK6uchar4Pjiiiifj,A10,GPT OSS,False,0.00621947
boxfilter-cuda,_Z10row_kernelPK6uchar4Pjiiiifj,A10,Opus 4.6,False,0.210895
boxfilter-cuda,_Z10row_kernelPK6uchar4Pjiiiifj,A10,Opus 4.6,True,0.231335
boxfilter-cuda,_Z10row_kernelPK6uchar4Pjiiiifj,A100,GPT 5.4,False,0.0701105
boxfilter-cuda,_Z10row_kernelPK6uchar4Pjiiiifj,A100,GPT 5.4,True,0.0792765
boxfilter-cuda,_Z10row_kernelPK6uchar4Pjiiiifj,A100,GPT OSS,False,0.0054234
boxfilter-cuda,_Z10row_kernelPK6uchar4Pjiiiifj,A100,GPT OSS,True,0.0064515
boxfilter-cuda,_Z10row_kernelPK6uchar4Pjiiiifj,A100,Opus 4.6,False,0.21081
boxfilter-cuda,_Z10row_kernelPK6uchar4Pjiiiifj,A100,Opus 4.6,True,0.239415
boxfilter-cuda,_Z10row_kernelPK6uchar4Pjiiiifj,H100,GPT 5.4,False,0.069943
boxfilter-cuda,_Z10row_kernelPK6uchar4Pjiiiifj,H100,GPT 5.4,True,0.0795265
boxfilter-cuda,_Z10row_kernelPK6uchar4Pjiiiifj,H100,GPT OSS,False,0.00533925
boxfilter-cuda,_Z10row_kernelPK6uchar4Pjiiiifj,H100,GPT OSS,True,0.0058842
boxfilter-cuda,_Z10row_kernelPK6uchar4Pjiiiifj,H100,Opus 4.6,False,0.20961
boxfilter-cuda,_Z10row_kernelPK6uchar4Pjiiiifj,H100,Opus 4.6,True,0.24728
boxfilter-omp,_Z12BoxFilterGPUPjS_S_iiiff_l127,3080,GPT 5.4,False,0.040193
boxfilter-omp,_Z12BoxFilterGPUPjS_S_iiiff_l127,3080,GPT 5.4,True,0.076619
boxfilter-omp,_Z12BoxFilterGPUPjS_S_iiiff_l127,3080,GPT OSS,False,0.000853571
boxfilter-omp,_Z12BoxFilterGPUPjS_S_iiiff_l127,3080,GPT OSS,True,0.001941135
boxfilter-omp,_Z12BoxFilterGPUPjS_S_iiiff_l127,3080,Opus 4.6,False,0.128645
boxfilter-omp,_Z12BoxFilterGPUPjS_S_iiiff_l127,3080,Opus 4.6,True,0.226455
boxfilter-omp,_Z12BoxFilterGPUPjS_S_iiiff_l127,A10,GPT 5.4,False,0.0411805
boxfilter-omp,_Z12BoxFilterGPUPjS_S_iiiff_l127,A10,GPT 5.4,True,0.0763915
boxfilter-omp,_Z12BoxFilterGPUPjS_S_iiiff_l127,A10,GPT OSS,False,0.00128679
boxfilter-omp,_Z12BoxFilterGPUPjS_S_iiiff_l127,A10,GPT OSS,True,0.002183784
boxfilter-omp,_Z12BoxFilterGPUPjS_S_iiiff_l127,A10,Opus 4.6,False,0.125365
boxfilter-omp,_Z12BoxFilterGPUPjS_S_iiiff_l127,A10,Opus 4.6,True,0.2275
boxfilter-omp,_Z12BoxFilterGPUPjS_S_iiiff_l127,A100,GPT 5.4,False,0.042538
boxfilter-omp,_Z12BoxFilterGPUPjS_S_iiiff_l127,A100,GPT 5.4,True,0.0774515
boxfilter-omp,_Z12BoxFilterGPUPjS_S_iiiff_l127,A100,Opus 4.6,False,0.12053
boxfilter-omp,_Z12BoxFilterGPUPjS_S_iiiff_l127,A100,Opus 4.6,True,0.245915
boxfilter-omp,_Z12BoxFilterGPUPjS_S_iiiff_l127,H100,GPT 5.4,False,0.0405255
boxfilter-omp,_Z12BoxFilterGPUPjS_S_iiiff_l127,H100,GPT 5.4,True,0.0852165
boxfilter-omp,_Z12BoxFilterGPUPjS_S_iiiff_l127,H100,GPT OSS,True,0.007806
boxfilter-omp,_Z12BoxFilterGPUPjS_S_iiiff_l127,H100,Opus 4.6,False,0.11908
boxfilter-omp,_Z12BoxFilterGPUPjS_S_iiiff_l127,H100,Opus 4.6,True,0.244725
bsearch-cuda,_Z10kernel_BS2IfEvPKT_S2_Pmmm,3080,GPT 5.4,False,0.018698
bsearch-cuda,_Z10kernel_BS2IfEvPKT_S2_Pmmm,3080,GPT 5.4,True,0.024659
bsearch-cuda,_Z10kernel_BS2IfEvPKT_S2_Pmmm,3080,GPT OSS,True,0.000779171
bsearch-cuda,_Z10kernel_BS2IfEvPKT_S2_Pmmm,3080,Opus 4.6,False,0.066
bsearch-cuda,_Z10kernel_BS2IfEvPKT_S2_Pmmm,3080,Opus 4.6,True,0.091415
bsearch-cuda,_Z10kernel_BS2IfEvPKT_S2_Pmmm,A10,GPT 5.4,False,0.019528
bsearch-cuda,_Z10kernel_BS2IfEvPKT_S2_Pmmm,A10,GPT 5.4,True,0.024004
bsearch-cuda,_Z10kernel_BS2IfEvPKT_S2_Pmmm,A10,GPT OSS,False,0.000670979
bsearch-cuda,_Z10kernel_BS2IfEvPKT_S2_Pmmm,A10,GPT OSS,True,0.00244425
bsearch-cuda,_Z10kernel_BS2IfEvPKT_S2_Pmmm,A10,Opus 4.6,False,0.07087
bsearch-cuda,_Z10kernel_BS2IfEvPKT_S2_Pmmm,A10,Opus 4.6,True,0.09376
bsearch-cuda,_Z10kernel_BS2IfEvPKT_S2_Pmmm,A100,GPT 5.4,False,0.0190105
bsearch-cuda,_Z10kernel_BS2IfEvPKT_S2_Pmmm,A100,GPT 5.4,True,0.0247165
bsearch-cuda,_Z10kernel_BS2IfEvPKT_S2_Pmmm,A100,GPT OSS,False,0.000647726
bsearch-cuda,_Z10kernel_BS2IfEvPKT_S2_Pmmm,A100,GPT OSS,True,0.000767922
bsearch-cuda,_Z10kernel_BS2IfEvPKT_S2_Pmmm,A100,Opus 4.6,False,0.06326
bsearch-cuda,_Z10kernel_BS2IfEvPKT_S2_Pmmm,A100,Opus 4.6,True,0.086625
bsearch-cuda,_Z10kernel_BS2IfEvPKT_S2_Pmmm,H100,GPT 5.4,False,0.01788
bsearch-cuda,_Z10kernel_BS2IfEvPKT_S2_Pmmm,H100,GPT 5.4,True,0.0256565
bsearch-cuda,_Z10kernel_BS2IfEvPKT_S2_Pmmm,H100,GPT OSS,False,0.00304516
bsearch-cuda,_Z10kernel_BS2IfEvPKT_S2_Pmmm,H100,GPT OSS,True,0.000732826
bsearch-cuda,_Z10kernel_BS2IfEvPKT_S2_Pmmm,H100,Opus 4.6,False,0.071935
bsearch-cuda,_Z10kernel_BS2IfEvPKT_S2_Pmmm,H100,Opus 4.6,True,0.08686
bsearch-cuda,_Z10kernel_BS3IfEvPKT_S2_Pmmm,3080,GPT 5.4,False,0.01967
bsearch-cuda,_Z10kernel_BS3IfEvPKT_S2_Pmmm,3080,GPT 5.4,True,0.025034
bsearch-cuda,_Z10kernel_BS3IfEvPKT_S2_Pmmm,3080,GPT OSS,False,0.00215085
bsearch-cuda,_Z10kernel_BS3IfEvPKT_S2_Pmmm,3080,GPT OSS,True,0.00248805
bsearch-cuda,_Z10kernel_BS3IfEvPKT_S2_Pmmm,3080,Opus 4.6,False,0.06865
bsearch-cuda,_Z10kernel_BS3IfEvPKT_S2_Pmmm,3080,Opus 4.6,True,0.08857
bsearch-cuda,_Z10kernel_BS3IfEvPKT_S2_Pmmm,A10,GPT 5.4,False,0.018988
bsearch-cuda,_Z10kernel_BS3IfEvPKT_S2_Pmmm,A10,GPT 5.4,True,0.023899
bsearch-cuda,_Z10kernel_BS3IfEvPKT_S2_Pmmm,A10,GPT OSS,False,0.00282448
bsearch-cuda,_Z10kernel_BS3IfEvPKT_S2_Pmmm,A10,GPT OSS,True,0.00250905
bsearch-cuda,_Z10kernel_BS3IfEvPKT_S2_Pmmm,A10,Opus 4.6,False,0.06942
bsearch-cuda,_Z10kernel_BS3IfEvPKT_S2_Pmmm,A10,Opus 4.6,True,0.07964
bsearch-cuda,_Z10kernel_BS3IfEvPKT_S2_Pmmm,A100,GPT 5.4,False,0.0191575
bsearch-cuda,_Z10kernel_BS3IfEvPKT_S2_Pmmm,A100,GPT 5.4,True,0.0249865
bsearch-cuda,_Z10kernel_BS3IfEvPKT_S2_Pmmm,A100,GPT OSS,False,0.0035032
bsearch-cuda,_Z10kernel_BS3IfEvPKT_S2_Pmmm,A100,GPT OSS,True,0.0024093
bsearch-cuda,_Z10kernel_BS3IfEvPKT_S2_Pmmm,A100,Opus 4.6,False,0.06606
bsearch-cuda,_Z10kernel_BS3IfEvPKT_S2_Pmmm,A100,Opus 4.6,True,0.083255
bsearch-cuda,_Z10kernel_BS3IfEvPKT_S2_Pmmm,H100,GPT 5.4,False,0.01887
bsearch-cuda,_Z10kernel_BS3IfEvPKT_S2_Pmmm,H100,GPT 5.4,True,0.0237865
bsearch-cuda,_Z10kernel_BS3IfEvPKT_S2_Pmmm,H100,GPT OSS,False,0.00306511
bsearch-cuda,_Z10kernel_BS3IfEvPKT_S2_Pmmm,H100,GPT OSS,True,0.0025503
bsearch-cuda,_Z10kernel_BS3IfEvPKT_S2_Pmmm,H100,Opus 4.6,False,0.063135
bsearch-cuda,_Z10kernel_BS3IfEvPKT_S2_Pmmm,H100,Opus 4.6,True,0.082195
bsearch-cuda,_Z10kernel_BS4IfEvPKT_S2_Pmmm,3080,GPT 5.4,False,0.019328
bsearch-cuda,_Z10kernel_BS4IfEvPKT_S2_Pmmm,3080,GPT 5.4,True,0.025494
bsearch-cuda,_Z10kernel_BS4IfEvPKT_S2_Pmmm,3080,GPT OSS,False,0.000596465
bsearch-cuda,_Z10kernel_BS4IfEvPKT_S2_Pmmm,3080,GPT OSS,True,0.000704501
bsearch-cuda,_Z10kernel_BS4IfEvPKT_S2_Pmmm,3080,Opus 4.6,False,0.064
bsearch-cuda,_Z10kernel_BS4IfEvPKT_S2_Pmmm,3080,Opus 4.6,True,0.08789
bsearch-cuda,_Z10kernel_BS4IfEvPKT_S2_Pmmm,A10,GPT 5.4,False,0.018913
bsearch-cuda,_Z10kernel_BS4IfEvPKT_S2_Pmmm,A10,GPT 5.4,True,0.024479
bsearch-cuda,_Z10kernel_BS4IfEvPKT_S2_Pmmm,A10,GPT OSS,True,0.00260595
bsearch-cuda,_Z10kernel_BS4IfEvPKT_S2_Pmmm,A10,Opus 4.6,False,0.06987
bsearch-cuda,_Z10kernel_BS4IfEvPKT_S2_Pmmm,A10,Opus 4.6,True,0.089285
bsearch-cuda,_Z10kernel_BS4IfEvPKT_S2_Pmmm,A100,GPT 5.4,False,0.0213055
bsearch-cuda,_Z10kernel_BS4IfEvPKT_S2_Pmmm,A100,GPT 5.4,True,0.0247865
bsearch-cuda,_Z10kernel_BS4IfEvPKT_S2_Pmmm,A100,GPT OSS,False,0.000745006
bsearch-cuda,_Z10kernel_BS4IfEvPKT_S2_Pmmm,A100,GPT OSS,True,0.000766592
bsearch-cuda,_Z10kernel_BS4IfEvPKT_S2_Pmmm,A100,Opus 4.6,False,0.06706
bsearch-cuda,_Z10kernel_BS4IfEvPKT_S2_Pmmm,A100,Opus 4.6,True,0.082975
bsearch-cuda,_Z10kernel_BS4IfEvPKT_S2_Pmmm,H100,GPT 5.4,False,0.019323
bsearch-cuda,_Z10kernel_BS4IfEvPKT_S2_Pmmm,H100,GPT 5.4,True,0.024299
bsearch-cuda,_Z10kernel_BS4IfEvPKT_S2_Pmmm,H100,GPT OSS,False,0.000718367
bsearch-cuda,_Z10kernel_BS4IfEvPKT_S2_Pmmm,H100,GPT OSS,True,0.000648959
bsearch-cuda,_Z10kernel_BS4IfEvPKT_S2_Pmmm,H100,Opus 4.6,False,0.07171
bsearch-cuda,_Z10kernel_BS4IfEvPKT_S2_Pmmm,H100,Opus 4.6,True,0.089225
bsearch-cuda,_Z9kernel_BSIfEvPKT_S2_Pmmm,3080,GPT 5.4,False,0.018363
bsearch-cuda,_Z9kernel_BSIfEvPKT_S2_Pmmm,3080,GPT 5.4,True,0.022769
bsearch-cuda,_Z9kernel_BSIfEvPKT_S2_Pmmm,3080,GPT OSS,True,0.000585303
bsearch-cuda,_Z9kernel_BSIfEvPKT_S2_Pmmm,3080,Opus 4.6,False,0.062685
bsearch-cuda,_Z9kernel_BSIfEvPKT_S2_Pmmm,3080,Opus 4.6,True,0.075115
bsearch-cuda,_Z9kernel_BSIfEvPKT_S2_Pmmm,A10,GPT 5.4,False,0.018623
bsearch-cuda,_Z9kernel_BSIfEvPKT_S2_Pmmm,A10,GPT 5.4,True,0.022054
bsearch-cuda,_Z9kernel_BSIfEvPKT_S2_Pmmm,A10,GPT OSS,False,0.000615041
bsearch-cuda,_Z9kernel_BSIfEvPKT_S2_Pmmm,A10,GPT OSS,True,0.000704847
bsearch-cuda,_Z9kernel_BSIfEvPKT_S2_Pmmm,A10,Opus 4.6,False,0.06358
bsearch-cuda,_Z9kernel_BSIfEvPKT_S2_Pmmm,A10,Opus 4.6,True,0.075235
bsearch-cuda,_Z9kernel_BSIfEvPKT_S2_Pmmm,A100,GPT 5.4,False,0.0183455
bsearch-cuda,_Z9kernel_BSIfEvPKT_S2_Pmmm,A100,GPT 5.4,True,0.0223965
bsearch-cuda,_Z9kernel_BSIfEvPKT_S2_Pmmm,A100,GPT OSS,False,0.000614018
bsearch-cuda,_Z9kernel_BSIfEvPKT_S2_Pmmm,A100,GPT OSS,True,0.000668562
bsearch-cuda,_Z9kernel_BSIfEvPKT_S2_Pmmm,A100,Opus 4.6,False,0.06502
bsearch-cuda,_Z9kernel_BSIfEvPKT_S2_Pmmm,A100,Opus 4.6,True,0.07634
bsearch-cuda,_Z9kernel_BSIfEvPKT_S2_Pmmm,H100,GPT 5.4,False,0.019108
bsearch-cuda,_Z9kernel_BSIfEvPKT_S2_Pmmm,H100,GPT 5.4,True,0.023304
bsearch-cuda,_Z9kernel_BSIfEvPKT_S2_Pmmm,H100,GPT OSS,False,0.000583959
bsearch-cuda,_Z9kernel_BSIfEvPKT_S2_Pmmm,H100,GPT OSS,True,0.000593791
bsearch-cuda,_Z9kernel_BSIfEvPKT_S2_Pmmm,H100,Opus 4.6,False,0.061595
bsearch-cuda,_Z9kernel_BSIfEvPKT_S2_Pmmm,H100,Opus 4.6,True,0.075745
bsearch-omp,_Z2bsIfEvmmPKT_S2_Pmmi_l21,3080,GPT 5.4,False,0.0188155
bsearch-omp,_Z2bsIfEvmmPKT_S2_Pmmi_l21,3080,GPT 5.4,True,0.035329
bsearch-omp,_Z2bsIfEvmmPKT_S2_Pmmi_l21,3080,GPT OSS,False,0.00248169
bsearch-omp,_Z2bsIfEvmmPKT_S2_Pmmi_l21,3080,GPT OSS,True,0.000850171
bsearch-omp,_Z2bsIfEvmmPKT_S2_Pmmi_l21,3080,Opus 4.6,False,0.06205
bsearch-omp,_Z2bsIfEvmmPKT_S2_Pmmi_l21,3080,Opus 4.6,True,0.114555
bsearch-omp,_Z2bsIfEvmmPKT_S2_Pmmi_l21,A10,GPT 5.4,False,0.0189505
bsearch-omp,_Z2bsIfEvmmPKT_S2_Pmmi_l21,A10,GPT 5.4,True,0.035734
bsearch-omp,_Z2bsIfEvmmPKT_S2_Pmmi_l21,A10,GPT OSS,False,0.00230795
bsearch-omp,_Z2bsIfEvmmPKT_S2_Pmmi_l21,A10,GPT OSS,True,0.000849557
bsearch-omp,_Z2bsIfEvmmPKT_S2_Pmmi_l21,A10,Opus 4.6,False,0.0616
bsearch-omp,_Z2bsIfEvmmPKT_S2_Pmmi_l21,A10,Opus 4.6,True,0.109755
bsearch-omp,_Z2bsIfEvmmPKT_S2_Pmmi_l21,A100,GPT 5.4,False,0.018643
bsearch-omp,_Z2bsIfEvmmPKT_S2_Pmmi_l21,A100,GPT 5.4,True,0.0376265
bsearch-omp,_Z2bsIfEvmmPKT_S2_Pmmi_l21,A100,GPT OSS,False,0.00238627
bsearch-omp,_Z2bsIfEvmmPKT_S2_Pmmi_l21,A100,GPT OSS,True,0.00081322
bsearch-omp,_Z2bsIfEvmmPKT_S2_Pmmi_l21,A100,Opus 4.6,False,0.061765
bsearch-omp,_Z2bsIfEvmmPKT_S2_Pmmi_l21,A100,Opus 4.6,True,0.122745
bsearch-omp,_Z2bsIfEvmmPKT_S2_Pmmi_l21,H100,GPT 5.4,False,0.0190755
bsearch-omp,_Z2bsIfEvmmPKT_S2_Pmmi_l21,H100,GPT 5.4,True,0.038904
bsearch-omp,_Z2bsIfEvmmPKT_S2_Pmmi_l21,H100,GPT OSS,False,0.00228828
bsearch-omp,_Z2bsIfEvmmPKT_S2_Pmmi_l21,H100,GPT OSS,True,0.000916731
bsearch-omp,_Z2bsIfEvmmPKT_S2_Pmmi_l21,H100,Opus 4.6,False,0.06304
bsearch-omp,_Z2bsIfEvmmPKT_S2_Pmmi_l21,H100,Opus 4.6,True,0.13285
bsearch-omp,_Z3bs3IfEvmmPKT_S2_Pmmi_l84,3080,GPT 5.4,False,0.0184725
bsearch-omp,_Z3bs3IfEvmmPKT_S2_Pmmi_l84,3080,GPT 5.4,True,0.037869
bsearch-omp,_Z3bs3IfEvmmPKT_S2_Pmmi_l84,3080,GPT OSS,False,0.000630808
bsearch-omp,_Z3bs3IfEvmmPKT_S2_Pmmi_l84,3080,GPT OSS,True,0.000931121
bsearch-omp,_Z3bs3IfEvmmPKT_S2_Pmmi_l84,3080,Opus 4.6,False,0.065385
bsearch-omp,_Z3bs3IfEvmmPKT_S2_Pmmi_l84,3080,Opus 4.6,True,0.119805
bsearch-omp,_Z3bs3IfEvmmPKT_S2_Pmmi_l84,A10,GPT 5.4,False,0.0206205
bsearch-omp,_Z3bs3IfEvmmPKT_S2_Pmmi_l84,A10,GPT 5.4,True,0.037809
bsearch-omp,_Z3bs3IfEvmmPKT_S2_Pmmi_l84,A10,GPT OSS,False,0.000732604
bsearch-omp,_Z3bs3IfEvmmPKT_S2_Pmmi_l84,A10,GPT OSS,True,0.000976487
bsearch-omp,_Z3bs3IfEvmmPKT_S2_Pmmi_l84,A10,Opus 4.6,False,0.06756
bsearch-omp,_Z3bs3IfEvmmPKT_S2_Pmmi_l84,A10,Opus 4.6,True,0.11278
bsearch-omp,_Z3bs3IfEvmmPKT_S2_Pmmi_l84,A100,GPT 5.4,False,0.01779
bsearch-omp,_Z3bs3IfEvmmPKT_S2_Pmmi_l84,A100,GPT 5.4,True,0.0403715
bsearch-omp,_Z3bs3IfEvmmPKT_S2_Pmmi_l84,A100,GPT OSS,False,0.000651591
bsearch-omp,_Z3bs3IfEvmmPKT_S2_Pmmi_l84,A100,GPT OSS,True,0.000912142
bsearch-omp,_Z3bs3IfEvmmPKT_S2_Pmmi_l84,A100,Opus 4.6,False,0.0653
bsearch-omp,_Z3bs3IfEvmmPKT_S2_Pmmi_l84,A100,Opus 4.6,True,0.12818
bsearch-omp,_Z3bs3IfEvmmPKT_S2_Pmmi_l84,H100,GPT 5.4,False,0.0181355
bsearch-omp,_Z3bs3IfEvmmPKT_S2_Pmmi_l84,H100,GPT 5.4,True,0.0410465
bsearch-omp,_Z3bs3IfEvmmPKT_S2_Pmmi_l84,H100,GPT OSS,False,0.000637302
bsearch-omp,_Z3bs3IfEvmmPKT_S2_Pmmi_l84,H100,GPT OSS,True,0.001032972
bsearch-omp,_Z3bs3IfEvmmPKT_S2_Pmmi_l84,H100,Opus 4.6,False,0.06715
bsearch-omp,_Z3bs3IfEvmmPKT_S2_Pmmi_l84,H100,Opus 4.6,True,0.13348
bsearch-omp,_Z3bs4IfEvmmPKT_S2_Pmmi_l117,3080,GPT 5.4,False,0.0186405
bsearch-omp,_Z3bs4IfEvmmPKT_S2_Pmmi_l117,3080,GPT 5.4,True,0.0282915
bsearch-omp,_Z3bs4IfEvmmPKT_S2_Pmmi_l117,3080,GPT OSS,False,0.000714408
bsearch-omp,_Z3bs4IfEvmmPKT_S2_Pmmi_l117,3080,GPT OSS,True,0.000741092
bsearch-omp,_Z3bs4IfEvmmPKT_S2_Pmmi_l117,3080,Opus 4.6,False,0.071835
bsearch-omp,_Z3bs4IfEvmmPKT_S2_Pmmi_l117,3080,Opus 4.6,True,0.089235
bsearch-omp,_Z3bs4IfEvmmPKT_S2_Pmmi_l117,A10,GPT 5.4,False,0.0185175
bsearch-omp,_Z3bs4IfEvmmPKT_S2_Pmmi_l117,A10,GPT 5.4,True,0.0284415
bsearch-omp,_Z3bs4IfEvmmPKT_S2_Pmmi_l117,A10,GPT OSS,False,0.000646154
bsearch-omp,_Z3bs4IfEvmmPKT_S2_Pmmi_l117,A10,GPT OSS,True,0.000864358
bsearch-omp,_Z3bs4IfEvmmPKT_S2_Pmmi_l117,A10,Opus 4.6,False,0.067135
bsearch-omp,_Z3bs4IfEvmmPKT_S2_Pmmi_l117,A10,Opus 4.6,True,0.093035
bsearch-omp,_Z3bs4IfEvmmPKT_S2_Pmmi_l117,A100,GPT 5.4,False,0.019188
bsearch-omp,_Z3bs4IfEvmmPKT_S2_Pmmi_l117,A100,GPT 5.4,True,0.028014
bsearch-omp,_Z3bs4IfEvmmPKT_S2_Pmmi_l117,A100,GPT OSS,False,0.000613591
bsearch-omp,_Z3bs4IfEvmmPKT_S2_Pmmi_l117,A100,GPT OSS,True,0.00285525
bsearch-omp,_Z3bs4IfEvmmPKT_S2_Pmmi_l117,A100,Opus 4.6,False,0.06385
bsearch-omp,_Z3bs4IfEvmmPKT_S2_Pmmi_l117,A100,Opus 4.6,True,0.090925
bsearch-omp,_Z3bs4IfEvmmPKT_S2_Pmmi_l117,H100,GPT 5.4,False,0.0196055
bsearch-omp,_Z3bs4IfEvmmPKT_S2_Pmmi_l117,H100,GPT 5.4,True,0.031519
bsearch-omp,_Z3bs4IfEvmmPKT_S2_Pmmi_l117,H100,GPT OSS,False,0.00300866
bsearch-omp,_Z3bs4IfEvmmPKT_S2_Pmmi_l117,H100,GPT OSS,True,0.000796343
bsearch-omp,_Z3bs4IfEvmmPKT_S2_Pmmi_l117,H100,Opus 4.6,False,0.0623
bsearch-omp,_Z3bs4IfEvmmPKT_S2_Pmmi_l117,H100,Opus 4.6,True,0.100795
bspline-vgh-cuda,_Z7bsplinePKflllPfS1_S1_S0_S0_S0_S0_S0_S0_S0_S0_S0_fffiiiii,3080,GPT 5.4,False,0.0301005
bspline-vgh-cuda,_Z7bsplinePKflllPfS1_S1_S0_S0_S0_S0_S0_S0_S0_S0_S0_fffiiiii,3080,GPT 5.4,True,0.0560665
bspline-vgh-cuda,_Z7bsplinePKflllPfS1_S1_S0_S0_S0_S0_S0_S0_S0_S0_S0_fffiiiii,3080,GPT OSS,True,0.00519
bspline-vgh-cuda,_Z7bsplinePKflllPfS1_S1_S0_S0_S0_S0_S0_S0_S0_S0_S0_fffiiiii,3080,Opus 4.6,False,0.117795
bspline-vgh-cuda,_Z7bsplinePKflllPfS1_S1_S0_S0_S0_S0_S0_S0_S0_S0_S0_fffiiiii,3080,Opus 4.6,True,0.1881
bspline-vgh-cuda,_Z7bsplinePKflllPfS1_S1_S0_S0_S0_S0_S0_S0_S0_S0_S0_fffiiiii,A10,GPT 5.4,False,0.0296705
bspline-vgh-cuda,_Z7bsplinePKflllPfS1_S1_S0_S0_S0_S0_S0_S0_S0_S0_S0_fffiiiii,A10,GPT 5.4,True,0.0567315
bspline-vgh-cuda,_Z7bsplinePKflllPfS1_S1_S0_S0_S0_S0_S0_S0_S0_S0_S0_fffiiiii,A10,GPT OSS,True,0.001369982
bspline-vgh-cuda,_Z7bsplinePKflllPfS1_S1_S0_S0_S0_S0_S0_S0_S0_S0_S0_fffiiiii,A10,Opus 4.6,False,0.10754
bspline-vgh-cuda,_Z7bsplinePKflllPfS1_S1_S0_S0_S0_S0_S0_S0_S0_S0_S0_fffiiiii,A10,Opus 4.6,True,0.184445
bspline-vgh-cuda,_Z7bsplinePKflllPfS1_S1_S0_S0_S0_S0_S0_S0_S0_S0_S0_fffiiiii,A100,GPT 5.4,False,0.030188
bspline-vgh-cuda,_Z7bsplinePKflllPfS1_S1_S0_S0_S0_S0_S0_S0_S0_S0_S0_fffiiiii,A100,GPT 5.4,True,0.0557165
bspline-vgh-cuda,_Z7bsplinePKflllPfS1_S1_S0_S0_S0_S0_S0_S0_S0_S0_S0_fffiiiii,A100,GPT OSS,True,0.001344174
bspline-vgh-cuda,_Z7bsplinePKflllPfS1_S1_S0_S0_S0_S0_S0_S0_S0_S0_S0_fffiiiii,A100,Opus 4.6,False,0.12303
bspline-vgh-cuda,_Z7bsplinePKflllPfS1_S1_S0_S0_S0_S0_S0_S0_S0_S0_S0_fffiiiii,A100,Opus 4.6,True,0.210585
bspline-vgh-cuda,_Z7bsplinePKflllPfS1_S1_S0_S0_S0_S0_S0_S0_S0_S0_S0_fffiiiii,H100,GPT 5.4,False,0.0323005
bspline-vgh-cuda,_Z7bsplinePKflllPfS1_S1_S0_S0_S0_S0_S0_S0_S0_S0_S0_fffiiiii,H100,GPT 5.4,True,0.0545265
bspline-vgh-cuda,_Z7bsplinePKflllPfS1_S1_S0_S0_S0_S0_S0_S0_S0_S0_S0_fffiiiii,H100,GPT OSS,False,0.001023542
bspline-vgh-cuda,_Z7bsplinePKflllPfS1_S1_S0_S0_S0_S0_S0_S0_S0_S0_S0_fffiiiii,H100,GPT OSS,True,0.0049224
bspline-vgh-cuda,_Z7bsplinePKflllPfS1_S1_S0_S0_S0_S0_S0_S0_S0_S0_S0_fffiiiii,H100,Opus 4.6,False,0.114555
bspline-vgh-cuda,_Z7bsplinePKflllPfS1_S1_S0_S0_S0_S0_S0_S0_S0_S0_S0_fffiiiii,H100,Opus 4.6,True,0.17886
bspline-vgh-omp,main_l245,3080,GPT 5.4,False,0.0279355
bspline-vgh-omp,main_l245,3080,GPT 5.4,True,0.059879
bspline-vgh-omp,main_l245,3080,GPT OSS,True,0.00522315
bspline-vgh-omp,main_l245,3080,Opus 4.6,False,0.119585
bspline-vgh-omp,main_l245,3080,Opus 4.6,True,0.297665
bspline-vgh-omp,main_l245,A10,GPT 5.4,False,0.0283855
bspline-vgh-omp,main_l245,A10,GPT 5.4,True,0.063269
bspline-vgh-omp,main_l245,A10,GPT OSS,True,0.001246835
bspline-vgh-omp,main_l245,A10,Opus 4.6,False,0.114685
bspline-vgh-omp,main_l245,A10,Opus 4.6,True,0.20334
bspline-vgh-omp,main_l245,A100,GPT 5.4,False,0.029263
bspline-vgh-omp,main_l245,A100,GPT 5.4,True,0.0623415
bspline-vgh-omp,main_l245,A100,GPT OSS,False,0.00217245
bspline-vgh-omp,main_l245,A100,GPT OSS,True,0.0042564
bspline-vgh-omp,main_l245,A100,Opus 4.6,False,0.1207
bspline-vgh-omp,main_l245,A100,Opus 4.6,True,0.22273
bspline-vgh-omp,main_l245,H100,GPT 5.4,False,0.0288405
bspline-vgh-omp,main_l245,H100,GPT 5.4,True,0.063789
bspline-vgh-omp,main_l245,H100,GPT OSS,False,0.000700274
bspline-vgh-omp,main_l245,H100,GPT OSS,True,0.00535125
bspline-vgh-omp,main_l245,H100,Opus 4.6,False,0.130175
bspline-vgh-omp,main_l245,H100,Opus 4.6,True,0.230585
btree-cuda,_ZN8GpuBTree7kernels10init_btreeI13PoolAllocatorEEvPjT_,3080,GPT 5.4,False,0.039423
btree-cuda,_ZN8GpuBTree7kernels10init_btreeI13PoolAllocatorEEvPjT_,3080,GPT 5.4,True,0.041999
btree-cuda,_ZN8GpuBTree7kernels10init_btreeI13PoolAllocatorEEvPjT_,3080,GPT OSS,False,0.00310716
btree-cuda,_ZN8GpuBTree7kernels10init_btreeI13PoolAllocatorEEvPjT_,3080,Opus 4.6,False,0.11888
btree-cuda,_ZN8GpuBTree7kernels10init_btreeI13PoolAllocatorEEvPjT_,3080,Opus 4.6,True,0.13081
btree-cuda,_ZN8GpuBTree7kernels10init_btreeI13PoolAllocatorEEvPjT_,A10,GPT 5.4,False,0.039353
btree-cuda,_ZN8GpuBTree7kernels10init_btreeI13PoolAllocatorEEvPjT_,A10,GPT 5.4,True,0.042349
btree-cuda,_ZN8GpuBTree7kernels10init_btreeI13PoolAllocatorEEvPjT_,A10,GPT OSS,False,0.00292515
btree-cuda,_ZN8GpuBTree7kernels10init_btreeI13PoolAllocatorEEvPjT_,A10,GPT OSS,True,0.000952265
btree-cuda,_ZN8GpuBTree7kernels10init_btreeI13PoolAllocatorEEvPjT_,A10,Opus 4.6,False,0.122
btree-cuda,_ZN8GpuBTree7kernels10init_btreeI13PoolAllocatorEEvPjT_,A10,Opus 4.6,True,0.12903
btree-cuda,_ZN8GpuBTree7kernels10init_btreeI13PoolAllocatorEEvPjT_,A100,GPT 5.4,False,0.0392705
btree-cuda,_ZN8GpuBTree7kernels10init_btreeI13PoolAllocatorEEvPjT_,A100,GPT 5.4,True,0.043144
btree-cuda,_ZN8GpuBTree7kernels10init_btreeI13PoolAllocatorEEvPjT_,A100,GPT OSS,False,0.00287237
btree-cuda,_ZN8GpuBTree7kernels10init_btreeI13PoolAllocatorEEvPjT_,A100,GPT OSS,True,0.000906271
btree-cuda,_ZN8GpuBTree7kernels10init_btreeI13PoolAllocatorEEvPjT_,A100,Opus 4.6,False,0.121865
btree-cuda,_ZN8GpuBTree7kernels10init_btreeI13PoolAllocatorEEvPjT_,A100,Opus 4.6,True,0.13211
btree-cuda,_ZN8GpuBTree7kernels10init_btreeI13PoolAllocatorEEvPjT_,H100,GPT 5.4,False,0.039463
btree-cuda,_ZN8GpuBTree7kernels10init_btreeI13PoolAllocatorEEvPjT_,H100,GPT 5.4,True,0.0409115
btree-cuda,_ZN8GpuBTree7kernels10init_btreeI13PoolAllocatorEEvPjT_,H100,GPT OSS,False,0.00298813
btree-cuda,_ZN8GpuBTree7kernels10init_btreeI13PoolAllocatorEEvPjT_,H100,GPT OSS,True,0.000906248
btree-cuda,_ZN8GpuBTree7kernels10init_btreeI13PoolAllocatorEEvPjT_,H100,Opus 4.6,False,0.118615
btree-cuda,_ZN8GpuBTree7kernels10init_btreeI13PoolAllocatorEEvPjT_,H100,Opus 4.6,True,0.127755
burger-cuda,_Z4corePdS_PKdS1_iidddd,3080,GPT 5.4,False,0.0229455
burger-cuda,_Z4corePdS_PKdS1_iidddd,3080,GPT 5.4,True,0.040659
burger-cuda,_Z4corePdS_PKdS1_iidddd,3080,GPT OSS,False,0.00490182
burger-cuda,_Z4corePdS_PKdS1_iidddd,3080,GPT OSS,True,0.001211217
burger-cuda,_Z4corePdS_PKdS1_iidddd,3080,Opus 4.6,False,0.090675
burger-cuda,_Z4corePdS_PKdS1_iidddd,3080,Opus 4.6,True,0.14428
burger-cuda,_Z4corePdS_PKdS1_iidddd,A10,GPT 5.4,False,0.0234905
burger-cuda,_Z4corePdS_PKdS1_iidddd,A10,GPT 5.4,True,0.041129
burger-cuda,_Z4corePdS_PKdS1_iidddd,A10,GPT OSS,False,0.0031137
burger-cuda,_Z4corePdS_PKdS1_iidddd,A10,GPT OSS,True,0.001045001
burger-cuda,_Z4corePdS_PKdS1_iidddd,A10,Opus 4.6,False,0.094095
burger-cuda,_Z4corePdS_PKdS1_iidddd,A10,Opus 4.6,True,0.159875
burger-cuda,_Z4corePdS_PKdS1_iidddd,A100,GPT 5.4,False,0.020378
burger-cuda,_Z4corePdS_PKdS1_iidddd,A100,GPT 5.4,True,0.040579
burger-cuda,_Z4corePdS_PKdS1_iidddd,A100,GPT OSS,False,0.000962429
burger-cuda,_Z4corePdS_PKdS1_iidddd,A100,Opus 4.6,False,0.098335
burger-cuda,_Z4corePdS_PKdS1_iidddd,A100,Opus 4.6,True,0.15276
burger-cuda,_Z4corePdS_PKdS1_iidddd,H100,GPT 5.4,False,0.0215725
burger-cuda,_Z4corePdS_PKdS1_iidddd,H100,GPT 5.4,True,0.039519
burger-cuda,_Z4corePdS_PKdS1_iidddd,H100,GPT OSS,False,0.00096524
burger-cuda,_Z4corePdS_PKdS1_iidddd,H100,GPT OSS,True,0.001208565
burger-cuda,_Z4corePdS_PKdS1_iidddd,H100,Opus 4.6,False,0.09806
burger-cuda,_Z4corePdS_PKdS1_iidddd,H100,Opus 4.6,True,0.14815
burger-cuda,_Z6updatePdS_PKdS1_i,3080,GPT 5.4,False,0.0186855
burger-cuda,_Z6updatePdS_PKdS1_i,3080,GPT 5.4,True,0.020889
burger-cuda,_Z6updatePdS_PKdS1_i,3080,GPT OSS,False,0.00058903
burger-cuda,_Z6updatePdS_PKdS1_i,3080,GPT OSS,True,0.00124785
burger-cuda,_Z6updatePdS_PKdS1_i,3080,Opus 4.6,False,0.063215
burger-cuda,_Z6updatePdS_PKdS1_i,3080,Opus 4.6,True,0.0786
burger-cuda,_Z6updatePdS_PKdS1_i,A10,GPT 5.4,False,0.0192875
burger-cuda,_Z6updatePdS_PKdS1_i,A10,GPT 5.4,True,0.020774
burger-cuda,_Z6updatePdS_PKdS1_i,A10,GPT OSS,False,0.000292094
burger-cuda,_Z6updatePdS_PKdS1_i,A10,GPT OSS,True,0.00124245
burger-cuda,_Z6updatePdS_PKdS1_i,A10,Opus 4.6,False,0.063685
burger-cuda,_Z6updatePdS_PKdS1_i,A10,Opus 4.6,True,0.07202
burger-cuda,_Z6updatePdS_PKdS1_i,A100,GPT 5.4,False,0.018533
burger-cuda,_Z6updatePdS_PKdS1_i,A100,GPT 5.4,True,0.021209
burger-cuda,_Z6updatePdS_PKdS1_i,A100,GPT OSS,False,0.000533891
burger-cuda,_Z6updatePdS_PKdS1_i,A100,GPT OSS,True,0.00229305
burger-cuda,_Z6updatePdS_PKdS1_i,A100,Opus 4.6,False,0.065525
burger-cuda,_Z6updatePdS_PKdS1_i,A100,Opus 4.6,True,0.0715
burger-cuda,_Z6updatePdS_PKdS1_i,H100,GPT 5.4,False,0.0189505
burger-cuda,_Z6updatePdS_PKdS1_i,H100,GPT 5.4,True,0.0203865
burger-cuda,_Z6updatePdS_PKdS1_i,H100,GPT OSS,False,0.000512002
burger-cuda,_Z6updatePdS_PKdS1_i,H100,GPT OSS,True,0.0019485
burger-cuda,_Z6updatePdS_PKdS1_i,H100,Opus 4.6,False,0.063775
burger-cuda,_Z6updatePdS_PKdS1_i,H100,Opus 4.6,True,0.073935
burger-cuda,_Z7bound_hPdS_ii,3080,GPT 5.4,False,0.0178655
burger-cuda,_Z7bound_hPdS_ii,3080,GPT 5.4,True,0.019079
burger-cuda,_Z7bound_hPdS_ii,3080,GPT OSS,False,0.00234693
burger-cuda,_Z7bound_hPdS_ii,3080,GPT OSS,True,0.000456765
burger-cuda,_Z7bound_hPdS_ii,3080,Opus 4.6,False,0.07553
burger-cuda,_Z7bound_hPdS_ii,3080,Opus 4.6,True,0.077145
burger-cuda,_Z7bound_hPdS_ii,A10,GPT 5.4,False,0.0185455
burger-cuda,_Z7bound_hPdS_ii,A10,GPT 5.4,True,0.020299
burger-cuda,_Z7bound_hPdS_ii,A10,GPT OSS,False,0.000637738
burger-cuda,_Z7bound_hPdS_ii,A10,GPT OSS,True,0.000510569
burger-cuda,_Z7bound_hPdS_ii,A10,Opus 4.6,False,0.0709
burger-cuda,_Z7bound_hPdS_ii,A10,Opus 4.6,True,0.078815
burger-cuda,_Z7bound_hPdS_ii,A100,GPT 5.4,False,0.0184
burger-cuda,_Z7bound_hPdS_ii,A100,GPT 5.4,True,0.020539
burger-cuda,_Z7bound_hPdS_ii,A100,GPT OSS,False,0.00224894
burger-cuda,_Z7bound_hPdS_ii,A100,GPT OSS,True,0.00197415
burger-cuda,_Z7bound_hPdS_ii,A100,Opus 4.6,False,0.071115
burger-cuda,_Z7bound_hPdS_ii,A100,Opus 4.6,True,0.08479
burger-cuda,_Z7bound_hPdS_ii,H100,GPT 5.4,False,0.0184455
burger-cuda,_Z7bound_hPdS_ii,H100,GPT 5.4,True,0.020574
burger-cuda,_Z7bound_hPdS_ii,H100,GPT OSS,False,0.0026744
burger-cuda,_Z7bound_hPdS_ii,H100,GPT OSS,True,0.000620119
burger-cuda,_Z7bound_hPdS_ii,H100,Opus 4.6,False,0.07194
burger-cuda,_Z7bound_hPdS_ii,H100,Opus 4.6,True,0.07904
burger-cuda,_Z7bound_vPdS_ii,3080,GPT 5.4,False,0.0175475
burger-cuda,_Z7bound_vPdS_ii,3080,GPT 5.4,True,0.020954
burger-cuda,_Z7bound_vPdS_ii,3080,GPT OSS,True,0.00198765
burger-cuda,_Z7bound_vPdS_ii,3080,Opus 4.6,False,0.078805
burger-cuda,_Z7bound_vPdS_ii,3080,Opus 4.6,True,0.079015
burger-cuda,_Z7bound_vPdS_ii,A10,GPT 5.4,False,0.0183175
burger-cuda,_Z7bound_vPdS_ii,A10,GPT 5.4,True,0.019954
burger-cuda,_Z7bound_vPdS_ii,A10,GPT OSS,False,0.00200057
burger-cuda,_Z7bound_vPdS_ii,A10,GPT OSS,True,0.00178605
burger-cuda,_Z7bound_vPdS_ii,A10,Opus 4.6,False,0.0688
burger-cuda,_Z7bound_vPdS_ii,A10,Opus 4.6,True,0.078935
burger-cuda,_Z7bound_vPdS_ii,A100,GPT 5.4,False,0.018628
burger-cuda,_Z7bound_vPdS_ii,A100,GPT 5.4,True,0.020004
burger-cuda,_Z7bound_vPdS_ii,A100,GPT OSS,False,0.000462105
burger-cuda,_Z7bound_vPdS_ii,A100,GPT OSS,True,0.00224985
burger-cuda,_Z7bound_vPdS_ii,A100,Opus 4.6,False,0.06779
burger-cuda,_Z7bound_vPdS_ii,A100,Opus 4.6,True,0.081255
burger-cuda,_Z7bound_vPdS_ii,H100,GPT 5.4,False,0.0187155
burger-cuda,_Z7bound_vPdS_ii,H100,GPT 5.4,True,0.020799
burger-cuda,_Z7bound_vPdS_ii,H100,GPT OSS,False,0.000503296
burger-cuda,_Z7bound_vPdS_ii,H100,GPT OSS,True,0.000569389
burger-cuda,_Z7bound_vPdS_ii,H100,Opus 4.6,False,0.070065
burger-cuda,_Z7bound_vPdS_ii,H100,Opus 4.6,True,0.075035
burger-omp,main_l101,3080,GPT 5.4,False,0.020818
burger-omp,main_l101,3080,GPT 5.4,True,0.021534
burger-omp,main_l101,3080,GPT OSS,False,0.000753711
burger-omp,main_l101,3080,GPT OSS,True,0.00285795
burger-omp,main_l101,3080,Opus 4.6,False,0.091695
burger-omp,main_l101,3080,Opus 4.6,True,0.087965
burger-omp,main_l101,A10,GPT 5.4,False,0.021088
burger-omp,main_l101,A10,GPT 5.4,True,0.022194
burger-omp,main_l101,A10,GPT OSS,False,0.000836887
burger-omp,main_l101,A10,GPT OSS,True,0.00270165
burger-omp,main_l101,A10,Opus 4.6,False,0.089295
burger-omp,main_l101,A10,Opus 4.6,True,0.092765
burger-omp,main_l101,A100,GPT 5.4,False,0.0206755
burger-omp,main_l101,A100,GPT 5.4,True,0.0233065
burger-omp,main_l101,A100,GPT OSS,False,0.000838524
burger-omp,main_l101,A100,Opus 4.6,False,0.087985
burger-omp,main_l101,A100,Opus 4.6,True,0.10075
burger-omp,main_l101,H100,GPT 5.4,False,0.021333
burger-omp,main_l101,H100,GPT 5.4,True,0.0229865
burger-omp,main_l101,H100,GPT OSS,False,0.000877815
burger-omp,main_l101,H100,Opus 4.6,False,0.083535
burger-omp,main_l101,H100,Opus 4.6,True,0.111475
burger-omp,main_l110,3080,GPT 5.4,False,0.021373
burger-omp,main_l110,3080,GPT 5.4,True,0.0245915
burger-omp,main_l110,3080,GPT OSS,False,0.000807481
burger-omp,main_l110,3080,Opus 4.6,False,0.10392
burger-omp,main_l110,3080,Opus 4.6,True,0.0871
burger-omp,main_l110,A10,GPT 5.4,False,0.021958
burger-omp,main_l110,A10,GPT 5.4,True,0.0240065
burger-omp,main_l110,A10,GPT OSS,False,0.00298665
burger-omp,main_l110,A10,GPT OSS,True,0.000872752
burger-omp,main_l110,A10,Opus 4.6,False,0.094395
burger-omp,main_l110,A10,Opus 4.6,True,0.0944
burger-omp,main_l110,A100,GPT 5.4,False,0.0212155
burger-omp,main_l110,A100,GPT 5.4,True,0.026214
burger-omp,main_l110,A100,GPT OSS,False,0.000860184
burger-omp,main_l110,A100,GPT OSS,True,0.00397305
burger-omp,main_l110,A100,Opus 4.6,False,0.097035
burger-omp,main_l110,A100,Opus 4.6,True,0.09067
burger-omp,main_l110,H100,GPT 5.4,False,0.020178
burger-omp,main_l110,H100,GPT 5.4,True,0.029054
burger-omp,main_l110,H100,GPT OSS,False,0.000787755
burger-omp,main_l110,H100,GPT OSS,True,0.001016471
burger-omp,main_l110,H100,Opus 4.6,False,0.105585
burger-omp,main_l110,H100,Opus 4.6,True,0.09031
burger-omp,main_l77,3080,GPT 5.4,False,0.022513
burger-omp,main_l77,3080,GPT 5.4,True,0.058715
burger-omp,main_l77,3080,GPT OSS,False,0.000779171
burger-omp,main_l77,3080,GPT OSS,True,0.001438763
burger-omp,main_l77,3080,Opus 4.6,False,0.110695
burger-omp,main_l77,3080,Opus 4.6,True,0.221535
burger-omp,main_l77,A10,GPT 5.4,False,0.021448
burger-omp,main_l77,A10,GPT 5.4,True,0.052484
burger-omp,main_l77,A10,GPT OSS,False,0.000832897
burger-omp,main_l77,A10,GPT OSS,True,0.001298689
burger-omp,main_l77,A10,Opus 4.6,False,0.093895
burger-omp,main_l77,A10,Opus 4.6,True,0.20401
burger-omp,main_l77,A100,GPT 5.4,False,0.0217255
burger-omp,main_l77,A100,GPT 5.4,True,0.053269
burger-omp,main_l77,A100,GPT OSS,False,0.000846884
burger-omp,main_l77,A100,Opus 4.6,False,0.084185
burger-omp,main_l77,A100,Opus 4.6,True,0.21008
burger-omp,main_l77,H100,GPT 5.4,False,0.021633
burger-omp,main_l77,H100,GPT 5.4,True,0.057039
burger-omp,main_l77,H100,GPT OSS,False,0.000714225
burger-omp,main_l77,H100,Opus 4.6,False,0.099085
burger-omp,main_l77,H100,Opus 4.6,True,0.194375
burger-omp,main_l93,3080,GPT 5.4,False,0.020818
burger-omp,main_l93,3080,GPT 5.4,True,0.0231765
burger-omp,main_l93,3080,GPT OSS,False,0.001031301
burger-omp,main_l93,3080,GPT OSS,True,0.0026139
burger-omp,main_l93,3080,Opus 4.6,False,0.10342
burger-omp,main_l93,3080,Opus 4.6,True,0.091295
burger-omp,main_l93,A10,GPT 5.4,False,0.022573
burger-omp,main_l93,A10,GPT 5.4,True,0.0229065
burger-omp,main_l93,A10,GPT OSS,False,0.000844867
burger-omp,main_l93,A10,GPT OSS,True,0.0037206
burger-omp,main_l93,A10,Opus 4.6,False,0.09342
burger-omp,main_l93,A10,Opus 4.6,True,0.09787
burger-omp,main_l93,A100,GPT 5.4,False,0.0210055
burger-omp,main_l93,A100,GPT 5.4,True,0.027214
burger-omp,main_l93,A100,GPT OSS,False,0.001005344
burger-omp,main_l93,A100,GPT OSS,True,0.000840137
burger-omp,main_l93,A100,Opus 4.6,False,0.086885
burger-omp,main_l93,A100,Opus 4.6,True,0.103365
burger-omp,main_l93,H100,GPT 5.4,False,0.020463
burger-omp,main_l93,H100,GPT 5.4,True,0.0241965
burger-omp,main_l93,H100,GPT OSS,False,0.000930445
burger-omp,main_l93,H100,GPT OSS,True,0.001419794
burger-omp,main_l93,H100,Opus 4.6,False,0.093435
burger-omp,main_l93,H100,Opus 4.6,True,0.099745
bwt-cuda,_Z14generate_tablePiii,3080,GPT 5.4,False,0.0164705
bwt-cuda,_Z14generate_tablePiii,3080,GPT 5.4,True,0.022544
bwt-cuda,_Z14generate_tablePiii,3080,GPT OSS,False,0.000421636
bwt-cuda,_Z14generate_tablePiii,3080,GPT OSS,True,0.000623815
bwt-cuda,_Z14generate_tablePiii,3080,Opus 4.6,False,0.05581
bwt-cuda,_Z14generate_tablePiii,3080,Opus 4.6,True,0.074005
bwt-cuda,_Z14generate_tablePiii,A10,GPT 5.4,False,0.015713
bwt-cuda,_Z14generate_tablePiii,A10,GPT 5.4,True,0.0214415
bwt-cuda,_Z14generate_tablePiii,A10,GPT OSS,False,0.000453205
bwt-cuda,_Z14generate_tablePiii,A10,GPT OSS,True,0.000520674
bwt-cuda,_Z14generate_tablePiii,A10,Opus 4.6,False,0.053655
bwt-cuda,_Z14generate_tablePiii,A10,Opus 4.6,True,0.079175
bwt-cuda,_Z14generate_tablePiii,A100,GPT 5.4,False,0.0165905
bwt-cuda,_Z14generate_tablePiii,A100,GPT 5.4,True,0.0220265
bwt-cuda,_Z14generate_tablePiii,A100,GPT OSS,False,0.000418362
bwt-cuda,_Z14generate_tablePiii,A100,GPT OSS,True,0.000537044
bwt-cuda,_Z14generate_tablePiii,A100,Opus 4.6,False,0.05437
bwt-cuda,_Z14generate_tablePiii,A100,Opus 4.6,True,0.08152
bwt-cuda,_Z14generate_tablePiii,H100,GPT 5.4,False,0.016408
bwt-cuda,_Z14generate_tablePiii,H100,GPT 5.4,True,0.021644
bwt-cuda,_Z14generate_tablePiii,H100,GPT OSS,False,0.000433143
bwt-cuda,_Z14generate_tablePiii,H100,GPT OSS,True,0.000519255
bwt-cuda,_Z14generate_tablePiii,H100,Opus 4.6,False,0.053995
bwt-cuda,_Z14generate_tablePiii,H100,Opus 4.6,True,0.075335
bwt-cuda,_Z17bitonic_sort_stepPiiiiPKci,3080,GPT 5.4,False,0.023313
bwt-cuda,_Z17bitonic_sort_stepPiiiiPKci,3080,GPT 5.4,True,0.030969
bwt-cuda,_Z17bitonic_sort_stepPiiiiPKci,3080,GPT OSS,False,0.000654893
bwt-cuda,_Z17bitonic_sort_stepPiiiiPKci,3080,GPT OSS,True,0.000876541
bwt-cuda,_Z17bitonic_sort_stepPiiiiPKci,3080,Opus 4.6,False,0.069325
bwt-cuda,_Z17bitonic_sort_stepPiiiiPKci,3080,Opus 4.6,True,0.107255
bwt-cuda,_Z17bitonic_sort_stepPiiiiPKci,A10,GPT 5.4,False,0.0192705
bwt-cuda,_Z17bitonic_sort_stepPiiiiPKci,A10,GPT 5.4,True,0.0260565
bwt-cuda,_Z17bitonic_sort_stepPiiiiPKci,A10,GPT OSS,False,0.000670692
bwt-cuda,_Z17bitonic_sort_stepPiiiiPKci,A10,GPT OSS,True,0.00093661
bwt-cuda,_Z17bitonic_sort_stepPiiiiPKci,A10,Opus 4.6,False,0.07112
bwt-cuda,_Z17bitonic_sort_stepPiiiiPKci,A10,Opus 4.6,True,0.101825
bwt-cuda,_Z17bitonic_sort_stepPiiiiPKci,A100,GPT 5.4,False,0.021855
bwt-cuda,_Z17bitonic_sort_stepPiiiiPKci,A100,GPT 5.4,True,0.026259
bwt-cuda,_Z17bitonic_sort_stepPiiiiPKci,A100,GPT OSS,False,0.000800009
bwt-cuda,_Z17bitonic_sort_stepPiiiiPKci,A100,GPT OSS,True,0.000925225
bwt-cuda,_Z17bitonic_sort_stepPiiiiPKci,A100,Opus 4.6,False,0.064485
bwt-cuda,_Z17bitonic_sort_stepPiiiiPKci,A100,Opus 4.6,True,0.105255
bwt-cuda,_Z17bitonic_sort_stepPiiiiPKci,H100,GPT 5.4,False,0.0188705
bwt-cuda,_Z17bitonic_sort_stepPiiiiPKci,H100,GPT 5.4,True,0.0279965
bwt-cuda,_Z17bitonic_sort_stepPiiiiPKci,H100,GPT OSS,False,0.00065101
bwt-cuda,_Z17bitonic_sort_stepPiiiiPKci,H100,Opus 4.6,False,0.06786
bwt-cuda,_Z17bitonic_sort_stepPiiiiPKci,H100,Opus 4.6,True,0.09722
bwt-cuda,_Z20reconstruct_sequencePKiPKcPci,3080,GPT 5.4,False,0.017093
bwt-cuda,_Z20reconstruct_sequencePKiPKcPci,3080,GPT 5.4,True,0.0331365
bwt-cuda,_Z20reconstruct_sequencePKiPKcPci,3080,GPT OSS,False,0.000556127
bwt-cuda,_Z20reconstruct_sequencePKiPKcPci,3080,GPT OSS,True,0.0024681
bwt-cuda,_Z20reconstruct_sequencePKiPKcPci,3080,Opus 4.6,False,0.069685
bwt-cuda,_Z20reconstruct_sequencePKiPKcPci,3080,Opus 4.6,True,0.119295
bwt-cuda,_Z20reconstruct_sequencePKiPKcPci,A10,GPT 5.4,False,0.0163025
bwt-cuda,_Z20reconstruct_sequencePKiPKcPci,A10,GPT 5.4,True,0.031179
bwt-cuda,_Z20reconstruct_sequencePKiPKcPci,A10,GPT OSS,False,0.000644316
bwt-cuda,_Z20reconstruct_sequencePKiPKcPci,A10,Opus 4.6,False,0.06653
bwt-cuda,_Z20reconstruct_sequencePKiPKcPci,A10,Opus 4.6,True,0.119115
bwt-cuda,_Z20reconstruct_sequencePKiPKcPci,A100,GPT 5.4,False,0.01679
bwt-cuda,_Z20reconstruct_sequencePKiPKcPci,A100,GPT 5.4,True,0.0333665
bwt-cuda,_Z20reconstruct_sequencePKiPKcPci,A100,GPT OSS,False,0.000534233
bwt-cuda,_Z20reconstruct_sequencePKiPKcPci,A100,GPT OSS,True,0.0030639
bwt-cuda,_Z20reconstruct_sequencePKiPKcPci,A100,Opus 4.6,False,0.06847
bwt-cuda,_Z20reconstruct_sequencePKiPKcPci,A100,Opus 4.6,True,0.12053
bwt-cuda,_Z20reconstruct_sequencePKiPKcPci,H100,GPT 5.4,False,0.0169405
bwt-cuda,_Z20reconstruct_sequencePKiPKcPci,H100,GPT 5.4,True,0.0335915
bwt-cuda,_Z20reconstruct_sequencePKiPKcPci,H100,GPT OSS,False,0.000434824
bwt-cuda,_Z20reconstruct_sequencePKiPKcPci,H100,GPT OSS,True,0.0032898
bwt-cuda,_Z20reconstruct_sequencePKiPKcPci,H100,Opus 4.6,False,0.06997
bwt-cuda,_Z20reconstruct_sequencePKiPKcPci,H100,Opus 4.6,True,0.13155
bwt-omp,_Z14generate_tablePiii_l9,3080,GPT 5.4,False,0.0139655
bwt-omp,_Z14generate_tablePiii_l9,3080,GPT 5.4,True,0.019479
bwt-omp,_Z14generate_tablePiii_l9,3080,GPT OSS,False,0.00038785
bwt-omp,_Z14generate_tablePiii_l9,3080,GPT OSS,True,0.000460499
bwt-omp,_Z14generate_tablePiii_l9,3080,Opus 4.6,False,0.050285
bwt-omp,_Z14generate_tablePiii_l9,3080,Opus 4.6,True,0.0698
bwt-omp,_Z14generate_tablePiii_l9,A10,GPT 5.4,False,0.014693
bwt-omp,_Z14generate_tablePiii_l9,A10,GPT 5.4,True,0.0189915
bwt-omp,_Z14generate_tablePiii_l9,A10,GPT OSS,False,0.00135345
bwt-omp,_Z14generate_tablePiii_l9,A10,GPT OSS,True,0.000481428
bwt-omp,_Z14generate_tablePiii_l9,A10,Opus 4.6,False,0.050705
bwt-omp,_Z14generate_tablePiii_l9,A10,Opus 4.6,True,0.07617
bwt-omp,_Z14generate_tablePiii_l9,A100,GPT 5.4,False,0.0145055
bwt-omp,_Z14generate_tablePiii_l9,A100,GPT 5.4,True,0.019179
bwt-omp,_Z14generate_tablePiii_l9,A100,GPT OSS,False,0.000419726
bwt-omp,_Z14generate_tablePiii_l9,A100,GPT OSS,True,0.000477745
bwt-omp,_Z14generate_tablePiii_l9,A100,Opus 4.6,False,0.05492
bwt-omp,_Z14generate_tablePiii_l9,A100,Opus 4.6,True,0.069035
bwt-omp,_Z14generate_tablePiii_l9,H100,GPT 5.4,False,0.014833
bwt-omp,_Z14generate_tablePiii_l9,H100,GPT 5.4,True,0.0198465
bwt-omp,_Z14generate_tablePiii_l9,H100,GPT OSS,False,0.00169046
bwt-omp,_Z14generate_tablePiii_l9,H100,GPT OSS,True,0.000493372
bwt-omp,_Z14generate_tablePiii_l9,H100,Opus 4.6,False,0.05102
bwt-omp,_Z14generate_tablePiii_l9,H100,Opus 4.6,True,0.071445
bwt-omp,_Z17bitonic_sort_stepPiiiiPKci_l27,3080,GPT 5.4,False,0.01746
bwt-omp,_Z17bitonic_sort_stepPiiiiPKci_l27,3080,GPT 5.4,True,0.027674
bwt-omp,_Z17bitonic_sort_stepPiiiiPKci_l27,3080,GPT OSS,False,0.000535607
bwt-omp,_Z17bitonic_sort_stepPiiiiPKci_l27,3080,GPT OSS,True,0.00327135
bwt-omp,_Z17bitonic_sort_stepPiiiiPKci_l27,3080,Opus 4.6,False,0.064775
bwt-omp,_Z17bitonic_sort_stepPiiiiPKci_l27,3080,Opus 4.6,True,0.10212
bwt-omp,_Z17bitonic_sort_stepPiiiiPKci_l27,A10,GPT 5.4,False,0.0175155
bwt-omp,_Z17bitonic_sort_stepPiiiiPKci_l27,A10,GPT 5.4,True,0.0271115
bwt-omp,_Z17bitonic_sort_stepPiiiiPKci_l27,A10,GPT OSS,False,0.000516446
bwt-omp,_Z17bitonic_sort_stepPiiiiPKci_l27,A10,Opus 4.6,False,0.063645
bwt-omp,_Z17bitonic_sort_stepPiiiiPKci_l27,A10,Opus 4.6,True,0.10974
bwt-omp,_Z17bitonic_sort_stepPiiiiPKci_l27,A100,GPT 5.4,False,0.017208
bwt-omp,_Z17bitonic_sort_stepPiiiiPKci_l27,A100,GPT 5.4,True,0.0302465
bwt-omp,_Z17bitonic_sort_stepPiiiiPKci_l27,A100,GPT OSS,False,0.000543923
bwt-omp,_Z17bitonic_sort_stepPiiiiPKci_l27,A100,Opus 4.6,False,0.064385
bwt-omp,_Z17bitonic_sort_stepPiiiiPKci_l27,A100,Opus 4.6,True,0.115315
bwt-omp,_Z17bitonic_sort_stepPiiiiPKci_l27,H100,GPT 5.4,False,0.0187655
bwt-omp,_Z17bitonic_sort_stepPiiiiPKci_l27,H100,GPT 5.4,True,0.0294465
bwt-omp,_Z17bitonic_sort_stepPiiiiPKci_l27,H100,GPT OSS,False,0.000523174
bwt-omp,_Z17bitonic_sort_stepPiiiiPKci_l27,H100,GPT OSS,True,0.002769
bwt-omp,_Z17bitonic_sort_stepPiiiiPKci_l27,H100,Opus 4.6,False,0.065635
bwt-omp,_Z17bitonic_sort_stepPiiiiPKci_l27,H100,Opus 4.6,True,0.114175
car-cuda,_Z3carPKfS0_S0_S0_Pf6paramsiim,3080,GPT 5.4,False,0.0217805
car-cuda,_Z3carPKfS0_S0_S0_Pf6paramsiim,3080,GPT 5.4,True,0.071359
car-cuda,_Z3carPKfS0_S0_S0_Pf6paramsiim,3080,GPT OSS,False,0.00092453
car-cuda,_Z3carPKfS0_S0_S0_Pf6paramsiim,3080,GPT OSS,True,0.00615585
car-cuda,_Z3carPKfS0_S0_S0_Pf6paramsiim,3080,Opus 4.6,False,0.099365
car-cuda,_Z3carPKfS0_S0_S0_Pf6paramsiim,3080,Opus 4.6,True,0.28855
car-cuda,_Z3carPKfS0_S0_S0_Pf6paramsiim,A10,GPT 5.4,False,0.0222655
car-cuda,_Z3carPKfS0_S0_S0_Pf6paramsiim,A10,GPT 5.4,True,0.070629
car-cuda,_Z3carPKfS0_S0_S0_Pf6paramsiim,A10,GPT OSS,False,0.000887324
car-cuda,_Z3carPKfS0_S0_S0_Pf6paramsiim,A10,GPT OSS,True,0.00572085
car-cuda,_Z3carPKfS0_S0_S0_Pf6paramsiim,A10,Opus 4.6,False,0.132435
car-cuda,_Z3carPKfS0_S0_S0_Pf6paramsiim,A10,Opus 4.6,True,0.284745
car-cuda,_Z3carPKfS0_S0_S0_Pf6paramsiim,A100,GPT 5.4,False,0.022168
car-cuda,_Z3carPKfS0_S0_S0_Pf6paramsiim,A100,GPT 5.4,True,0.0744265
car-cuda,_Z3carPKfS0_S0_S0_Pf6paramsiim,A100,GPT OSS,False,0.00316635
car-cuda,_Z3carPKfS0_S0_S0_Pf6paramsiim,A100,GPT OSS,True,0.0051723
car-cuda,_Z3carPKfS0_S0_S0_Pf6paramsiim,A100,Opus 4.6,False,0.092725
car-cuda,_Z3carPKfS0_S0_S0_Pf6paramsiim,A100,Opus 4.6,True,0.3447
car-cuda,_Z3carPKfS0_S0_S0_Pf6paramsiim,H100,GPT 5.4,False,0.0232755
car-cuda,_Z3carPKfS0_S0_S0_Pf6paramsiim,H100,GPT 5.4,True,0.0686015
car-cuda,_Z3carPKfS0_S0_S0_Pf6paramsiim,H100,GPT OSS,False,0.000926352
car-cuda,_Z3carPKfS0_S0_S0_Pf6paramsiim,H100,GPT OSS,True,0.0058356
car-cuda,_Z3carPKfS0_S0_S0_Pf6paramsiim,H100,Opus 4.6,False,0.13265
car-cuda,_Z3carPKfS0_S0_S0_Pf6paramsiim,H100,Opus 4.6,True,0.268455
car-omp,_Z3carPKfS0_S0_S0_Pf6paramsiim_l35,3080,GPT 5.4,False,0.023163
car-omp,_Z3carPKfS0_S0_S0_Pf6paramsiim_l35,3080,GPT 5.4,True,0.0612915
car-omp,_Z3carPKfS0_S0_S0_Pf6paramsiim_l35,3080,GPT OSS,False,0.001039265
car-omp,_Z3carPKfS0_S0_S0_Pf6paramsiim_l35,3080,GPT OSS,True,0.0049431
car-omp,_Z3carPKfS0_S0_S0_Pf6paramsiim_l35,3080,Opus 4.6,False,0.097875
car-omp,_Z3carPKfS0_S0_S0_Pf6paramsiim_l35,3080,Opus 4.6,True,0.20532
car-omp,_Z3carPKfS0_S0_S0_Pf6paramsiim_l35,A10,GPT 5.4,False,0.022038
car-omp,_Z3carPKfS0_S0_S0_Pf6paramsiim_l35,A10,GPT 5.4,True,0.0624015
car-omp,_Z3carPKfS0_S0_S0_Pf6paramsiim_l35,A10,GPT OSS,False,0.000954671
car-omp,_Z3carPKfS0_S0_S0_Pf6paramsiim_l35,A10,GPT OSS,True,0.001446376
car-omp,_Z3carPKfS0_S0_S0_Pf6paramsiim_l35,A10,Opus 4.6,False,0.098775
car-omp,_Z3carPKfS0_S0_S0_Pf6paramsiim_l35,A10,Opus 4.6,True,0.22612
car-omp,_Z3carPKfS0_S0_S0_Pf6paramsiim_l35,A100,GPT 5.4,False,0.0218025
car-omp,_Z3carPKfS0_S0_S0_Pf6paramsiim_l35,A100,GPT 5.4,True,0.062584
car-omp,_Z3carPKfS0_S0_S0_Pf6paramsiim_l35,A100,GPT OSS,False,0.000828438
car-omp,_Z3carPKfS0_S0_S0_Pf6paramsiim_l35,A100,GPT OSS,True,0.00541905
car-omp,_Z3carPKfS0_S0_S0_Pf6paramsiim_l35,A100,Opus 4.6,False,0.13774
car-omp,_Z3carPKfS0_S0_S0_Pf6paramsiim_l35,A100,Opus 4.6,True,0.215935
car-omp,_Z3carPKfS0_S0_S0_Pf6paramsiim_l35,H100,GPT 5.4,False,0.02189
car-omp,_Z3carPKfS0_S0_S0_Pf6paramsiim_l35,H100,GPT 5.4,True,0.0624215
car-omp,_Z3carPKfS0_S0_S0_Pf6paramsiim_l35,H100,GPT OSS,False,0.000925109
car-omp,_Z3carPKfS0_S0_S0_Pf6paramsiim_l35,H100,Opus 4.6,False,0.101265
car-omp,_Z3carPKfS0_S0_S0_Pf6paramsiim_l35,H100,Opus 4.6,True,0.236085
cbsfil-cuda,_Z9toCoef2DXPfjjj,3080,GPT 5.4,False,0.022253
cbsfil-cuda,_Z9toCoef2DXPfjjj,3080,GPT 5.4,True,0.0458065
cbsfil-cuda,_Z9toCoef2DXPfjjj,3080,GPT OSS,False,0.000840879
cbsfil-cuda,_Z9toCoef2DXPfjjj,3080,GPT OSS,True,0.0041064
cbsfil-cuda,_Z9toCoef2DXPfjjj,3080,Opus 4.6,False,0.07634
cbsfil-cuda,_Z9toCoef2DXPfjjj,3080,Opus 4.6,True,0.15007
cbsfil-cuda,_Z9toCoef2DXPfjjj,A10,GPT 5.4,False,0.021358
cbsfil-cuda,_Z9toCoef2DXPfjjj,A10,GPT 5.4,True,0.0439515
cbsfil-cuda,_Z9toCoef2DXPfjjj,A10,GPT OSS,False,0.000991963
cbsfil-cuda,_Z9toCoef2DXPfjjj,A10,GPT OSS,True,0.004056
cbsfil-cuda,_Z9toCoef2DXPfjjj,A10,Opus 4.6,False,0.07341
cbsfil-cuda,_Z9toCoef2DXPfjjj,A10,Opus 4.6,True,0.143715
cbsfil-cuda,_Z9toCoef2DXPfjjj,A100,GPT 5.4,False,0.0215725
cbsfil-cuda,_Z9toCoef2DXPfjjj,A100,GPT 5.4,True,0.046739
cbsfil-cuda,_Z9toCoef2DXPfjjj,A100,GPT OSS,False,0.00072893
cbsfil-cuda,_Z9toCoef2DXPfjjj,A100,GPT OSS,True,0.00365745
cbsfil-cuda,_Z9toCoef2DXPfjjj,A100,Opus 4.6,False,0.086525
cbsfil-cuda,_Z9toCoef2DXPfjjj,A100,Opus 4.6,True,0.15245
cbsfil-cuda,_Z9toCoef2DXPfjjj,H100,GPT 5.4,False,0.021768
cbsfil-cuda,_Z9toCoef2DXPfjjj,H100,GPT 5.4,True,0.0475115
cbsfil-cuda,_Z9toCoef2DXPfjjj,H100,GPT OSS,True,0.0043344
cbsfil-cuda,_Z9toCoef2DXPfjjj,H100,Opus 4.6,False,0.079925
cbsfil-cuda,_Z9toCoef2DXPfjjj,H100,Opus 4.6,True,0.16398
cbsfil-cuda,_Z9toCoef2DYPfjjj,3080,GPT 5.4,False,0.0179205
cbsfil-cuda,_Z9toCoef2DYPfjjj,3080,GPT 5.4,True,0.052919
cbsfil-cuda,_Z9toCoef2DYPfjjj,3080,GPT OSS,False,0.000886138
cbsfil-cuda,_Z9toCoef2DYPfjjj,3080,GPT OSS,True,0.001436189
cbsfil-cuda,_Z9toCoef2DYPfjjj,3080,Opus 4.6,False,0.081365
cbsfil-cuda,_Z9toCoef2DYPfjjj,3080,Opus 4.6,True,0.16712
cbsfil-cuda,_Z9toCoef2DYPfjjj,A10,GPT 5.4,False,0.0214475
cbsfil-cuda,_Z9toCoef2DYPfjjj,A10,GPT 5.4,True,0.054964
cbsfil-cuda,_Z9toCoef2DYPfjjj,A10,GPT OSS,False,0.000917712
cbsfil-cuda,_Z9toCoef2DYPfjjj,A10,GPT OSS,True,0.001401833
cbsfil-cuda,_Z9toCoef2DYPfjjj,A10,Opus 4.6,False,0.090935
cbsfil-cuda,_Z9toCoef2DYPfjjj,A10,Opus 4.6,True,0.17504
cbsfil-cuda,_Z9toCoef2DYPfjjj,A100,GPT 5.4,False,0.020225
cbsfil-cuda,_Z9toCoef2DYPfjjj,A100,GPT 5.4,True,0.0553265
cbsfil-cuda,_Z9toCoef2DYPfjjj,A100,GPT OSS,False,0.000881729
cbsfil-cuda,_Z9toCoef2DYPfjjj,A100,GPT OSS,True,0.001589126
cbsfil-cuda,_Z9toCoef2DYPfjjj,A100,Opus 4.6,False,0.094725
cbsfil-cuda,_Z9toCoef2DYPfjjj,A100,Opus 4.6,True,0.18412
cbsfil-cuda,_Z9toCoef2DYPfjjj,H100,GPT 5.4,False,0.0205855
cbsfil-cuda,_Z9toCoef2DYPfjjj,H100,GPT 5.4,True,0.0545665
cbsfil-cuda,_Z9toCoef2DYPfjjj,H100,GPT OSS,False,0.00083476
cbsfil-cuda,_Z9toCoef2DYPfjjj,H100,GPT OSS,True,0.001485762
cbsfil-cuda,_Z9toCoef2DYPfjjj,H100,Opus 4.6,False,0.077325
cbsfil-cuda,_Z9toCoef2DYPfjjj,H100,Opus 4.6,True,0.178695
cbsfil-omp,_Z9toCoef2DXPfjjjj_l77,3080,GPT 5.4,False,0.0235455
cbsfil-omp,_Z9toCoef2DXPfjjjj_l77,3080,GPT 5.4,True,0.070779
cbsfil-omp,_Z9toCoef2DXPfjjjj_l77,3080,GPT OSS,False,0.00355343
cbsfil-omp,_Z9toCoef2DXPfjjjj_l77,3080,GPT OSS,True,0.001728829
cbsfil-omp,_Z9toCoef2DXPfjjjj_l77,3080,Opus 4.6,False,0.08586
cbsfil-omp,_Z9toCoef2DXPfjjjj_l77,3080,Opus 4.6,True,0.27498
cbsfil-omp,_Z9toCoef2DXPfjjjj_l77,A10,GPT 5.4,False,0.0228105
cbsfil-omp,_Z9toCoef2DXPfjjjj_l77,A10,GPT 5.4,True,0.070719
cbsfil-omp,_Z9toCoef2DXPfjjjj_l77,A10,GPT OSS,False,0.00397154
cbsfil-omp,_Z9toCoef2DXPfjjjj_l77,A10,GPT OSS,True,0.001539355
cbsfil-omp,_Z9toCoef2DXPfjjjj_l77,A10,Opus 4.6,False,0.08341
cbsfil-omp,_Z9toCoef2DXPfjjjj_l77,A10,Opus 4.6,True,0.236805
cbsfil-omp,_Z9toCoef2DXPfjjjj_l77,A100,GPT 5.4,False,0.02319
cbsfil-omp,_Z9toCoef2DXPfjjjj_l77,A100,GPT 5.4,True,0.074799
cbsfil-omp,_Z9toCoef2DXPfjjjj_l77,A100,GPT OSS,False,0.00381711
cbsfil-omp,_Z9toCoef2DXPfjjjj_l77,A100,GPT OSS,True,0.001625695
cbsfil-omp,_Z9toCoef2DXPfjjjj_l77,A100,Opus 4.6,False,0.0743
cbsfil-omp,_Z9toCoef2DXPfjjjj_l77,A100,Opus 4.6,True,0.2546
cbsfil-omp,_Z9toCoef2DXPfjjjj_l77,H100,GPT 5.4,False,0.0215705
cbsfil-omp,_Z9toCoef2DXPfjjjj_l77,H100,GPT 5.4,True,0.0749765
cbsfil-omp,_Z9toCoef2DXPfjjjj_l77,H100,GPT OSS,False,0.0025827
cbsfil-omp,_Z9toCoef2DXPfjjjj_l77,H100,Opus 4.6,False,0.081425
cbsfil-omp,_Z9toCoef2DXPfjjjj_l77,H100,Opus 4.6,True,0.26866
ccsd-trpdrv-cuda,_Z11ccsd_kernelPKdS0_S0_S0_S0_S0_S0_S0_S0_S0_S0_S0_S0_S0_S0_dPdS1_S1_S1_iii,3080,GPT 5.4,False,0.0390805
ccsd-trpdrv-cuda,_Z11ccsd_kernelPKdS0_S0_S0_S0_S0_S0_S0_S0_S0_S0_S0_S0_S0_S0_dPdS1_S1_S1_iii,3080,GPT 5.4,True,0.082384
ccsd-trpdrv-cuda,_Z11ccsd_kernelPKdS0_S0_S0_S0_S0_S0_S0_S0_S0_S0_S0_S0_S0_S0_dPdS1_S1_S1_iii,3080,GPT OSS,False,0.00600636
ccsd-trpdrv-cuda,_Z11ccsd_kernelPKdS0_S0_S0_S0_S0_S0_S0_S0_S0_S0_S0_S0_S0_S0_dPdS1_S1_S1_iii,3080,GPT OSS,True,0.001972235
ccsd-trpdrv-cuda,_Z11ccsd_kernelPKdS0_S0_S0_S0_S0_S0_S0_S0_S0_S0_S0_S0_S0_S0_dPdS1_S1_S1_iii,3080,Opus 4.6,False,0.203035
ccsd-trpdrv-cuda,_Z11ccsd_kernelPKdS0_S0_S0_S0_S0_S0_S0_S0_S0_S0_S0_S0_S0_S0_dPdS1_S1_S1_iii,3080,Opus 4.6,True,0.311325
ccsd-trpdrv-cuda,_Z11ccsd_kernelPKdS0_S0_S0_S0_S0_S0_S0_S0_S0_S0_S0_S0_S0_S0_dPdS1_S1_S1_iii,A10,GPT 5.4,False,0.0398155
ccsd-trpdrv-cuda,_Z11ccsd_kernelPKdS0_S0_S0_S0_S0_S0_S0_S0_S0_S0_S0_S0_S0_S0_dPdS1_S1_S1_iii,A10,GPT 5.4,True,0.081169
ccsd-trpdrv-cuda,_Z11ccsd_kernelPKdS0_S0_S0_S0_S0_S0_S0_S0_S0_S0_S0_S0_S0_S0_dPdS1_S1_S1_iii,A10,GPT OSS,False,0.0045924
ccsd-trpdrv-cuda,_Z11ccsd_kernelPKdS0_S0_S0_S0_S0_S0_S0_S0_S0_S0_S0_S0_S0_S0_dPdS1_S1_S1_iii,A10,GPT OSS,True,0.002281701
ccsd-trpdrv-cuda,_Z11ccsd_kernelPKdS0_S0_S0_S0_S0_S0_S0_S0_S0_S0_S0_S0_S0_S0_dPdS1_S1_S1_iii,A10,Opus 4.6,False,0.162885
ccsd-trpdrv-cuda,_Z11ccsd_kernelPKdS0_S0_S0_S0_S0_S0_S0_S0_S0_S0_S0_S0_S0_S0_dPdS1_S1_S1_iii,A10,Opus 4.6,True,0.265925
ccsd-trpdrv-cuda,_Z11ccsd_kernelPKdS0_S0_S0_S0_S0_S0_S0_S0_S0_S0_S0_S0_S0_S0_dPdS1_S1_S1_iii,A100,GPT 5.4,False,0.038683
ccsd-trpdrv-cuda,_Z11ccsd_kernelPKdS0_S0_S0_S0_S0_S0_S0_S0_S0_S0_S0_S0_S0_S0_dPdS1_S1_S1_iii,A100,GPT 5.4,True,0.0839615
ccsd-trpdrv-cuda,_Z11ccsd_kernelPKdS0_S0_S0_S0_S0_S0_S0_S0_S0_S0_S0_S0_S0_S0_dPdS1_S1_S1_iii,A100,GPT OSS,False,0.00581784
ccsd-trpdrv-cuda,_Z11ccsd_kernelPKdS0_S0_S0_S0_S0_S0_S0_S0_S0_S0_S0_S0_S0_S0_dPdS1_S1_S1_iii,A100,GPT OSS,True,0.002158474
ccsd-trpdrv-cuda,_Z11ccsd_kernelPKdS0_S0_S0_S0_S0_S0_S0_S0_S0_S0_S0_S0_S0_S0_dPdS1_S1_S1_iii,A100,Opus 4.6,False,0.15855
ccsd-trpdrv-cuda,_Z11ccsd_kernelPKdS0_S0_S0_S0_S0_S0_S0_S0_S0_S0_S0_S0_S0_S0_dPdS1_S1_S1_iii,A100,Opus 4.6,True,0.266295
ccsd-trpdrv-cuda,_Z11ccsd_kernelPKdS0_S0_S0_S0_S0_S0_S0_S0_S0_S0_S0_S0_S0_S0_dPdS1_S1_S1_iii,H100,GPT 5.4,False,0.0389055
ccsd-trpdrv-cuda,_Z11ccsd_kernelPKdS0_S0_S0_S0_S0_S0_S0_S0_S0_S0_S0_S0_S0_S0_dPdS1_S1_S1_iii,H100,GPT 5.4,True,0.074039
ccsd-trpdrv-cuda,_Z11ccsd_kernelPKdS0_S0_S0_S0_S0_S0_S0_S0_S0_S0_S0_S0_S0_S0_dPdS1_S1_S1_iii,H100,GPT OSS,False,0.0058424
ccsd-trpdrv-cuda,_Z11ccsd_kernelPKdS0_S0_S0_S0_S0_S0_S0_S0_S0_S0_S0_S0_S0_S0_dPdS1_S1_S1_iii,H100,GPT OSS,True,0.00644265
ccsd-trpdrv-cuda,_Z11ccsd_kernelPKdS0_S0_S0_S0_S0_S0_S0_S0_S0_S0_S0_S0_S0_S0_dPdS1_S1_S1_iii,H100,Opus 4.6,False,0.142075
ccsd-trpdrv-cuda,_Z11ccsd_kernelPKdS0_S0_S0_S0_S0_S0_S0_S0_S0_S0_S0_S0_S0_S0_dPdS1_S1_S1_iii,H100,Opus 4.6,True,0.2567
ccsd-trpdrv-omp,_Z14ccsd_tengy_gpuPKdS0_S0_S0_S0_S0_S0_S0_S0_S0_S0_S0_S0_S0_S0_dPdS1_S1_S1_iii_l43,3080,GPT 5.4,False,0.034738
ccsd-trpdrv-omp,_Z14ccsd_tengy_gpuPKdS0_S0_S0_S0_S0_S0_S0_S0_S0_S0_S0_S0_S0_S0_dPdS1_S1_S1_iii_l43,3080,GPT 5.4,True,0.1375765
ccsd-trpdrv-omp,_Z14ccsd_tengy_gpuPKdS0_S0_S0_S0_S0_S0_S0_S0_S0_S0_S0_S0_S0_S0_dPdS1_S1_S1_iii_l43,3080,GPT OSS,False,0.001255121
ccsd-trpdrv-omp,_Z14ccsd_tengy_gpuPKdS0_S0_S0_S0_S0_S0_S0_S0_S0_S0_S0_S0_S0_S0_dPdS1_S1_S1_iii_l43,3080,GPT OSS,True,0.00294003
ccsd-trpdrv-omp,_Z14ccsd_tengy_gpuPKdS0_S0_S0_S0_S0_S0_S0_S0_S0_S0_S0_S0_S0_S0_dPdS1_S1_S1_iii_l43,3080,Opus 4.6,False,0.18059
ccsd-trpdrv-omp,_Z14ccsd_tengy_gpuPKdS0_S0_S0_S0_S0_S0_S0_S0_S0_S0_S0_S0_S0_S0_dPdS1_S1_S1_iii_l43,3080,Opus 4.6,True,0.39845
ccsd-trpdrv-omp,_Z14ccsd_tengy_gpuPKdS0_S0_S0_S0_S0_S0_S0_S0_S0_S0_S0_S0_S0_S0_dPdS1_S1_S1_iii_l43,A10,GPT 5.4,False,0.035998
ccsd-trpdrv-omp,_Z14ccsd_tengy_gpuPKdS0_S0_S0_S0_S0_S0_S0_S0_S0_S0_S0_S0_S0_S0_dPdS1_S1_S1_iii_l43,A10,GPT 5.4,True,0.1379815
ccsd-trpdrv-omp,_Z14ccsd_tengy_gpuPKdS0_S0_S0_S0_S0_S0_S0_S0_S0_S0_S0_S0_S0_S0_dPdS1_S1_S1_iii_l43,A10,GPT OSS,False,0.00640742
ccsd-trpdrv-omp,_Z14ccsd_tengy_gpuPKdS0_S0_S0_S0_S0_S0_S0_S0_S0_S0_S0_S0_S0_S0_dPdS1_S1_S1_iii_l43,A10,Opus 4.6,False,0.144705
ccsd-trpdrv-omp,_Z14ccsd_tengy_gpuPKdS0_S0_S0_S0_S0_S0_S0_S0_S0_S0_S0_S0_S0_S0_dPdS1_S1_S1_iii_l43,A10,Opus 4.6,True,0.39244
ccsd-trpdrv-omp,_Z14ccsd_tengy_gpuPKdS0_S0_S0_S0_S0_S0_S0_S0_S0_S0_S0_S0_S0_S0_dPdS1_S1_S1_iii_l43,A100,GPT 5.4,False,0.0364555
ccsd-trpdrv-omp,_Z14ccsd_tengy_gpuPKdS0_S0_S0_S0_S0_S0_S0_S0_S0_S0_S0_S0_S0_S0_dPdS1_S1_S1_iii_l43,A100,GPT 5.4,True,0.1401465
ccsd-trpdrv-omp,_Z14ccsd_tengy_gpuPKdS0_S0_S0_S0_S0_S0_S0_S0_S0_S0_S0_S0_S0_S0_dPdS1_S1_S1_iii_l43,A100,GPT OSS,False,0.00600219
ccsd-trpdrv-omp,_Z14ccsd_tengy_gpuPKdS0_S0_S0_S0_S0_S0_S0_S0_S0_S0_S0_S0_S0_S0_dPdS1_S1_S1_iii_l43,A100,Opus 4.6,False,0.147995
ccsd-trpdrv-omp,_Z14ccsd_tengy_gpuPKdS0_S0_S0_S0_S0_S0_S0_S0_S0_S0_S0_S0_S0_S0_dPdS1_S1_S1_iii_l43,A100,Opus 4.6,True,0.403095
ccsd-trpdrv-omp,_Z14ccsd_tengy_gpuPKdS0_S0_S0_S0_S0_S0_S0_S0_S0_S0_S0_S0_S0_S0_dPdS1_S1_S1_iii_l43,H100,GPT 5.4,False,0.034848
ccsd-trpdrv-omp,_Z14ccsd_tengy_gpuPKdS0_S0_S0_S0_S0_S0_S0_S0_S0_S0_S0_S0_S0_S0_dPdS1_S1_S1_iii_l43,H100,GPT 5.4,True,0.1146765
ccsd-trpdrv-omp,_Z14ccsd_tengy_gpuPKdS0_S0_S0_S0_S0_S0_S0_S0_S0_S0_S0_S0_S0_S0_dPdS1_S1_S1_iii_l43,H100,GPT OSS,False,0.001158781
ccsd-trpdrv-omp,_Z14ccsd_tengy_gpuPKdS0_S0_S0_S0_S0_S0_S0_S0_S0_S0_S0_S0_S0_S0_dPdS1_S1_S1_iii_l43,H100,GPT OSS,True,0.002521486
ccsd-trpdrv-omp,_Z14ccsd_tengy_gpuPKdS0_S0_S0_S0_S0_S0_S0_S0_S0_S0_S0_S0_S0_S0_dPdS1_S1_S1_iii_l43,H100,Opus 4.6,False,0.13427
ccsd-trpdrv-omp,_Z14ccsd_tengy_gpuPKdS0_S0_S0_S0_S0_S0_S0_S0_S0_S0_S0_S0_S0_S0_dPdS1_S1_S1_iii_l43,H100,Opus 4.6,True,0.35589
ced-cuda,_Z11hyst_kernelPKhPhii,3080,GPT 5.4,False,0.0402205
ced-cuda,_Z11hyst_kernelPKhPhii,3080,GPT 5.4,True,0.042554
ced-cuda,_Z11hyst_kernelPKhPhii,3080,GPT OSS,True,0.00324825
ced-cuda,_Z11hyst_kernelPKhPhii,3080,Opus 4.6,False,0.13153
ced-cuda,_Z11hyst_kernelPKhPhii,3080,Opus 4.6,True,0.12709
ced-cuda,_Z11hyst_kernelPKhPhii,A10,GPT 5.4,False,0.039668
ced-cuda,_Z11hyst_kernelPKhPhii,A10,GPT 5.4,True,0.0424665
ced-cuda,_Z11hyst_kernelPKhPhii,A10,Opus 4.6,False,0.12809
ced-cuda,_Z11hyst_kernelPKhPhii,A10,Opus 4.6,True,0.127725
ced-cuda,_Z11hyst_kernelPKhPhii,A100,GPT 5.4,False,0.0400805
ced-cuda,_Z11hyst_kernelPKhPhii,A100,GPT 5.4,True,0.045009
ced-cuda,_Z11hyst_kernelPKhPhii,A100,GPT OSS,False,0.000882616
ced-cuda,_Z11hyst_kernelPKhPhii,A100,GPT OSS,True,0.00331275
ced-cuda,_Z11hyst_kernelPKhPhii,A100,Opus 4.6,False,0.131555
ced-cuda,_Z11hyst_kernelPKhPhii,A100,Opus 4.6,True,0.137625
ced-cuda,_Z11hyst_kernelPKhPhii,H100,GPT 5.4,False,0.039448
ced-cuda,_Z11hyst_kernelPKhPhii,H100,GPT 5.4,True,0.043854
ced-cuda,_Z11hyst_kernelPKhPhii,H100,Opus 4.6,False,0.129105
ced-cuda,_Z11hyst_kernelPKhPhii,H100,Opus 4.6,True,0.14362
ced-cuda,_Z12sobel_kernelPKhPhS1_ii,3080,GPT 5.4,False,0.0438355
ced-cuda,_Z12sobel_kernelPKhPhS1_ii,3080,GPT 5.4,True,0.0727165
ced-cuda,_Z12sobel_kernelPKhPhS1_ii,3080,Opus 4.6,False,0.14114
ced-cuda,_Z12sobel_kernelPKhPhS1_ii,3080,Opus 4.6,True,0.2392
ced-cuda,_Z12sobel_kernelPKhPhS1_ii,A10,GPT 5.4,False,0.044078
ced-cuda,_Z12sobel_kernelPKhPhS1_ii,A10,GPT 5.4,True,0.073049
ced-cuda,_Z12sobel_kernelPKhPhS1_ii,A10,Opus 4.6,False,0.140725
ced-cuda,_Z12sobel_kernelPKhPhS1_ii,A10,Opus 4.6,True,0.24011
ced-cuda,_Z12sobel_kernelPKhPhS1_ii,A100,GPT 5.4,False,0.0426155
ced-cuda,_Z12sobel_kernelPKhPhS1_ii,A100,GPT 5.4,True,0.0729915
ced-cuda,_Z12sobel_kernelPKhPhS1_ii,A100,GPT OSS,False,0.00096569
ced-cuda,_Z12sobel_kernelPKhPhS1_ii,A100,GPT OSS,True,0.002493372
ced-cuda,_Z12sobel_kernelPKhPhS1_ii,A100,Opus 4.6,False,0.139965
ced-cuda,_Z12sobel_kernelPKhPhS1_ii,A100,Opus 4.6,True,0.235795
ced-cuda,_Z12sobel_kernelPKhPhS1_ii,H100,GPT 5.4,False,0.042118
ced-cuda,_Z12sobel_kernelPKhPhS1_ii,H100,GPT 5.4,True,0.074784
ced-cuda,_Z12sobel_kernelPKhPhS1_ii,H100,Opus 4.6,False,0.137565
ced-cuda,_Z12sobel_kernelPKhPhS1_ii,H100,Opus 4.6,True,0.23868
ced-cuda,_Z15gaussian_kernelPKhPhii,3080,GPT 5.4,False,0.040268
ced-cuda,_Z15gaussian_kernelPKhPhii,3080,GPT 5.4,True,0.052649
ced-cuda,_Z15gaussian_kernelPKhPhii,3080,Opus 4.6,False,0.133495
ced-cuda,_Z15gaussian_kernelPKhPhii,3080,Opus 4.6,True,0.14975
ced-cuda,_Z15gaussian_kernelPKhPhii,A10,GPT 5.4,False,0.0401355
ced-cuda,_Z15gaussian_kernelPKhPhii,A10,GPT 5.4,True,0.0503415
ced-cuda,_Z15gaussian_kernelPKhPhii,A10,GPT OSS,False,0.0037107
ced-cuda,_Z15gaussian_kernelPKhPhii,A10,GPT OSS,True,0.00107751
ced-cuda,_Z15gaussian_kernelPKhPhii,A10,Opus 4.6,False,0.12618
ced-cuda,_Z15gaussian_kernelPKhPhii,A10,Opus 4.6,True,0.153285
ced-cuda,_Z15gaussian_kernelPKhPhii,A100,GPT 5.4,False,0.041313
ced-cuda,_Z15gaussian_kernelPKhPhii,A100,GPT 5.4,True,0.0494365
ced-cuda,_Z15gaussian_kernelPKhPhii,A100,GPT OSS,False,0.00334335
ced-cuda,_Z15gaussian_kernelPKhPhii,A100,GPT OSS,True,0.0041394
ced-cuda,_Z15gaussian_kernelPKhPhii,A100,Opus 4.6,False,0.12717
ced-cuda,_Z15gaussian_kernelPKhPhii,A100,Opus 4.6,True,0.14733
ced-cuda,_Z15gaussian_kernelPKhPhii,H100,GPT 5.4,False,0.0418355
ced-cuda,_Z15gaussian_kernelPKhPhii,H100,GPT 5.4,True,0.0521115
ced-cuda,_Z15gaussian_kernelPKhPhii,H100,GPT OSS,False,0.0060612
ced-cuda,_Z15gaussian_kernelPKhPhii,H100,Opus 4.6,False,0.12607
ced-cuda,_Z15gaussian_kernelPKhPhii,H100,Opus 4.6,True,0.1517
ced-cuda,_Z19non_max_supp_kernelPKhPhS0_ii,3080,GPT 5.4,False,0.0400705
ced-cuda,_Z19non_max_supp_kernelPKhPhS0_ii,3080,GPT 5.4,True,0.0508165
ced-cuda,_Z19non_max_supp_kernelPKhPhS0_ii,3080,Opus 4.6,False,0.12341
ced-cuda,_Z19non_max_supp_kernelPKhPhS0_ii,3080,Opus 4.6,True,0.14728
ced-cuda,_Z19non_max_supp_kernelPKhPhS0_ii,A10,GPT 5.4,False,0.041063
ced-cuda,_Z19non_max_supp_kernelPKhPhS0_ii,A10,GPT 5.4,True,0.050939
ced-cuda,_Z19non_max_supp_kernelPKhPhS0_ii,A10,GPT OSS,True,0.00395175
ced-cuda,_Z19non_max_supp_kernelPKhPhS0_ii,A10,Opus 4.6,False,0.11827
ced-cuda,_Z19non_max_supp_kernelPKhPhS0_ii,A10,Opus 4.6,True,0.14764
ced-cuda,_Z19non_max_supp_kernelPKhPhS0_ii,A100,GPT 5.4,False,0.0417005
ced-cuda,_Z19non_max_supp_kernelPKhPhS0_ii,A100,GPT 5.4,True,0.0508065
ced-cuda,_Z19non_max_supp_kernelPKhPhS0_ii,A100,GPT OSS,True,0.0038103
ced-cuda,_Z19non_max_supp_kernelPKhPhS0_ii,A100,Opus 4.6,False,0.121235
ced-cuda,_Z19non_max_supp_kernelPKhPhS0_ii,A100,Opus 4.6,True,0.1485
ced-cuda,_Z19non_max_supp_kernelPKhPhS0_ii,H100,GPT 5.4,False,0.046585
ced-cuda,_Z19non_max_supp_kernelPKhPhS0_ii,H100,GPT 5.4,True,0.0525715
ced-cuda,_Z19non_max_supp_kernelPKhPhS0_ii,H100,GPT OSS,False,0.00480754
ced-cuda,_Z19non_max_supp_kernelPKhPhS0_ii,H100,Opus 4.6,False,0.12111
ced-cuda,_Z19non_max_supp_kernelPKhPhS0_ii,H100,Opus 4.6,True,0.14828
cfd-cuda,_Z12compute_fluxiPiPfS0_S0_S0_P6Float3S2_S2_S2_,3080,GPT 5.4,False,0.037143
cfd-cuda,_Z12compute_fluxiPiPfS0_S0_S0_P6Float3S2_S2_S2_,3080,GPT 5.4,True,0.115984
cfd-cuda,_Z12compute_fluxiPiPfS0_S0_S0_P6Float3S2_S2_S2_,3080,GPT OSS,False,0.00437565
cfd-cuda,_Z12compute_fluxiPiPfS0_S0_S0_P6Float3S2_S2_S2_,3080,GPT OSS,True,0.002568045
cfd-cuda,_Z12compute_fluxiPiPfS0_S0_S0_P6Float3S2_S2_S2_,3080,Opus 4.6,False,0.1581
cfd-cuda,_Z12compute_fluxiPiPfS0_S0_S0_P6Float3S2_S2_S2_,3080,Opus 4.6,True,0.347225
cfd-cuda,_Z12compute_fluxiPiPfS0_S0_S0_P6Float3S2_S2_S2_,A10,GPT 5.4,False,0.034643
cfd-cuda,_Z12compute_fluxiPiPfS0_S0_S0_P6Float3S2_S2_S2_,A10,GPT 5.4,True,0.12453
cfd-cuda,_Z12compute_fluxiPiPfS0_S0_S0_P6Float3S2_S2_S2_,A10,GPT OSS,False,0.00326265
cfd-cuda,_Z12compute_fluxiPiPfS0_S0_S0_P6Float3S2_S2_S2_,A10,Opus 4.6,False,0.139145
cfd-cuda,_Z12compute_fluxiPiPfS0_S0_S0_P6Float3S2_S2_S2_,A10,Opus 4.6,True,0.359095
cfd-cuda,_Z12compute_fluxiPiPfS0_S0_S0_P6Float3S2_S2_S2_,A100,GPT 5.4,False,0.0331205
cfd-cuda,_Z12compute_fluxiPiPfS0_S0_S0_P6Float3S2_S2_S2_,A100,GPT 5.4,True,0.1204965
cfd-cuda,_Z12compute_fluxiPiPfS0_S0_S0_P6Float3S2_S2_S2_,A100,GPT OSS,False,0.0038715
cfd-cuda,_Z12compute_fluxiPiPfS0_S0_S0_P6Float3S2_S2_S2_,A100,GPT OSS,True,0.002392512
cfd-cuda,_Z12compute_fluxiPiPfS0_S0_S0_P6Float3S2_S2_S2_,A100,Opus 4.6,False,0.138435
cfd-cuda,_Z12compute_fluxiPiPfS0_S0_S0_P6Float3S2_S2_S2_,A100,Opus 4.6,True,0.3944
cfd-cuda,_Z12compute_fluxiPiPfS0_S0_S0_P6Float3S2_S2_S2_,H100,GPT 5.4,False,0.034813
cfd-cuda,_Z12compute_fluxiPiPfS0_S0_S0_P6Float3S2_S2_S2_,H100,GPT 5.4,True,0.1184915
cfd-cuda,_Z12compute_fluxiPiPfS0_S0_S0_P6Float3S2_S2_S2_,H100,GPT OSS,False,0.00407175
cfd-cuda,_Z12compute_fluxiPiPfS0_S0_S0_P6Float3S2_S2_S2_,H100,Opus 4.6,False,0.137835
cfd-cuda,_Z12compute_fluxiPiPfS0_S0_S0_P6Float3S2_S2_S2_,H100,Opus 4.6,True,0.365595
cfd-cuda,_Z17initialize_bufferPffi,3080,GPT 5.4,False,0.030213
cfd-cuda,_Z17initialize_bufferPffi,3080,GPT 5.4,True,0.0318665
cfd-cuda,_Z17initialize_bufferPffi,3080,GPT OSS,False,0.00283662
cfd-cuda,_Z17initialize_bufferPffi,3080,Opus 4.6,False,0.09421
cfd-cuda,_Z17initialize_bufferPffi,3080,Opus 4.6,True,0.099185
cfd-cuda,_Z17initialize_bufferPffi,A10,GPT 5.4,False,0.030113
cfd-cuda,_Z17initialize_bufferPffi,A10,Opus 4.6,False,0.09283
cfd-cuda,_Z17initialize_bufferPffi,A10,Opus 4.6,True,0.09698
cfd-cuda,_Z17initialize_bufferPffi,A100,GPT 5.4,False,0.0305855
cfd-cuda,_Z17initialize_bufferPffi,A100,GPT OSS,False,0.0022275
cfd-cuda,_Z17initialize_bufferPffi,A100,Opus 4.6,False,0.092545
cfd-cuda,_Z17initialize_bufferPffi,A100,Opus 4.6,True,0.102485
cfd-cuda,_Z17initialize_bufferPffi,H100,GPT 5.4,False,0.029923
cfd-cuda,_Z17initialize_bufferPffi,H100,Opus 4.6,False,0.09557
cfd-cuda,_Z17initialize_bufferPffi,H100,Opus 4.6,True,0.098155
cfd-cuda,_Z19compute_step_factoriPfS_S_,3080,GPT 5.4,False,0.0315955
cfd-cuda,_Z19compute_step_factoriPfS_S_,3080,GPT OSS,False,0.000875776
cfd-cuda,_Z19compute_step_factoriPfS_S_,3080,Opus 4.6,False,0.12051
cfd-cuda,_Z19compute_step_factoriPfS_S_,3080,Opus 4.6,True,0.17153
cfd-cuda,_Z19compute_step_factoriPfS_S_,A10,GPT 5.4,False,0.0330105
cfd-cuda,_Z19compute_step_factoriPfS_S_,A10,GPT OSS,False,0.0025401
cfd-cuda,_Z19compute_step_factoriPfS_S_,A10,GPT OSS,True,0.00122179
cfd-cuda,_Z19compute_step_factoriPfS_S_,A10,Opus 4.6,False,0.114005
cfd-cuda,_Z19compute_step_factoriPfS_S_,A10,Opus 4.6,True,0.1704
cfd-cuda,_Z19compute_step_factoriPfS_S_,A100,GPT 5.4,False,0.031443
cfd-cuda,_Z19compute_step_factoriPfS_S_,A100,GPT OSS,False,0.00287175
cfd-cuda,_Z19compute_step_factoriPfS_S_,A100,GPT OSS,True,0.001208974
cfd-cuda,_Z19compute_step_factoriPfS_S_,A100,Opus 4.6,False,0.116345
cfd-cuda,_Z19compute_step_factoriPfS_S_,A100,Opus 4.6,True,0.176835
cfd-cuda,_Z19compute_step_factoriPfS_S_,H100,GPT 5.4,False,0.0313205
cfd-cuda,_Z19compute_step_factoriPfS_S_,H100,GPT OSS,False,0.00391842
cfd-cuda,_Z19compute_step_factoriPfS_S_,H100,GPT OSS,True,0.001135095
cfd-cuda,_Z19compute_step_factoriPfS_S_,H100,Opus 4.6,False,0.11272
cfd-cuda,_Z19compute_step_factoriPfS_S_,H100,Opus 4.6,True,0.168535
cfd-cuda,_Z20initialize_variablesiPfPKf,3080,GPT 5.4,False,0.0310875
cfd-cuda,_Z20initialize_variablesiPfPKf,3080,GPT OSS,False,0.00066415
cfd-cuda,_Z20initialize_variablesiPfPKf,3080,GPT OSS,True,0.000767163
cfd-cuda,_Z20initialize_variablesiPfPKf,3080,Opus 4.6,False,0.09903
cfd-cuda,_Z20initialize_variablesiPfPKf,3080,Opus 4.6,True,0.106205
cfd-cuda,_Z20initialize_variablesiPfPKf,A10,GPT 5.4,False,0.0304805
cfd-cuda,_Z20initialize_variablesiPfPKf,A10,GPT OSS,False,0.000720804
cfd-cuda,_Z20initialize_variablesiPfPKf,A10,GPT OSS,True,0.000756557
cfd-cuda,_Z20initialize_variablesiPfPKf,A10,Opus 4.6,False,0.100925
cfd-cuda,_Z20initialize_variablesiPfPKf,A10,Opus 4.6,True,0.107025
cfd-cuda,_Z20initialize_variablesiPfPKf,A100,GPT 5.4,False,0.032198
cfd-cuda,_Z20initialize_variablesiPfPKf,A100,GPT OSS,False,0.000777541
cfd-cuda,_Z20initialize_variablesiPfPKf,A100,GPT OSS,True,0.000828553
cfd-cuda,_Z20initialize_variablesiPfPKf,A100,Opus 4.6,False,0.099815
cfd-cuda,_Z20initialize_variablesiPfPKf,A100,Opus 4.6,True,0.108455
cfd-cuda,_Z20initialize_variablesiPfPKf,H100,GPT 5.4,False,0.0313705
cfd-cuda,_Z20initialize_variablesiPfPKf,H100,GPT OSS,False,0.000732092
cfd-cuda,_Z20initialize_variablesiPfPKf,H100,GPT OSS,True,0.000742044
cfd-cuda,_Z20initialize_variablesiPfPKf,H100,Opus 4.6,False,0.100315
cfd-cuda,_Z20initialize_variablesiPfPKf,H100,Opus 4.6,True,0.105395
cfd-cuda,_Z9time_stepiiPKfPfS0_S0_,3080,GPT 5.4,False,0.0309705
cfd-cuda,_Z9time_stepiiPKfPfS0_S0_,3080,GPT OSS,False,0.000830108
cfd-cuda,_Z9time_stepiiPKfPfS0_S0_,3080,GPT OSS,True,0.001064653
cfd-cuda,_Z9time_stepiiPKfPfS0_S0_,3080,Opus 4.6,False,0.10933
cfd-cuda,_Z9time_stepiiPKfPfS0_S0_,3080,Opus 4.6,True,0.151565
cfd-cuda,_Z9time_stepiiPKfPfS0_S0_,A10,GPT 5.4,False,0.0308855
cfd-cuda,_Z9time_stepiiPKfPfS0_S0_,A10,GPT OSS,False,0.000908042
cfd-cuda,_Z9time_stepiiPKfPfS0_S0_,A10,GPT OSS,True,0.000991727
cfd-cuda,_Z9time_stepiiPKfPfS0_S0_,A10,Opus 4.6,False,0.116475
cfd-cuda,_Z9time_stepiiPKfPfS0_S0_,A10,Opus 4.6,True,0.14181
cfd-cuda,_Z9time_stepiiPKfPfS0_S0_,A100,GPT 5.4,False,0.031883
cfd-cuda,_Z9time_stepiiPKfPfS0_S0_,A100,GPT OSS,False,0.000834249
cfd-cuda,_Z9time_stepiiPKfPfS0_S0_,A100,GPT OSS,True,0.001049946
cfd-cuda,_Z9time_stepiiPKfPfS0_S0_,A100,Opus 4.6,False,0.10759
cfd-cuda,_Z9time_stepiiPKfPfS0_S0_,A100,Opus 4.6,True,0.155815
cfd-cuda,_Z9time_stepiiPKfPfS0_S0_,H100,GPT 5.4,False,0.0325105
cfd-cuda,_Z9time_stepiiPKfPfS0_S0_,H100,GPT OSS,True,0.000946392
cfd-cuda,_Z9time_stepiiPKfPfS0_S0_,H100,Opus 4.6,False,0.111065
cfd-cuda,_Z9time_stepiiPKfPfS0_S0_,H100,Opus 4.6,True,0.14516
cfd-omp,_Z12compute_fluxiPiPfS0_S0_S0_6Float3S1_S1_S1__l200,3080,GPT 5.4,False,0.0354905
cfd-omp,_Z12compute_fluxiPiPfS0_S0_S0_6Float3S1_S1_S1__l200,3080,GPT OSS,False,0.0039237
cfd-omp,_Z12compute_fluxiPiPfS0_S0_S0_6Float3S1_S1_S1__l200,3080,GPT OSS,True,0.002396245
cfd-omp,_Z12compute_fluxiPiPfS0_S0_S0_6Float3S1_S1_S1__l200,3080,Opus 4.6,False,0.14313
cfd-omp,_Z12compute_fluxiPiPfS0_S0_S0_6Float3S1_S1_S1__l200,3080,Opus 4.6,True,0.317115
cfd-omp,_Z12compute_fluxiPiPfS0_S0_S0_6Float3S1_S1_S1__l200,A10,GPT 5.4,False,0.0330905
cfd-omp,_Z12compute_fluxiPiPfS0_S0_S0_6Float3S1_S1_S1__l200,A10,GPT OSS,False,0.0034698
cfd-omp,_Z12compute_fluxiPiPfS0_S0_S0_6Float3S1_S1_S1__l200,A10,GPT OSS,True,0.002337301
cfd-omp,_Z12compute_fluxiPiPfS0_S0_S0_6Float3S1_S1_S1__l200,A10,Opus 4.6,False,0.16148
cfd-omp,_Z12compute_fluxiPiPfS0_S0_S0_6Float3S1_S1_S1__l200,A10,Opus 4.6,True,0.33964
cfd-omp,_Z12compute_fluxiPiPfS0_S0_S0_6Float3S1_S1_S1__l200,A100,GPT 5.4,False,0.035813
cfd-omp,_Z12compute_fluxiPiPfS0_S0_S0_6Float3S1_S1_S1__l200,A100,GPT OSS,False,0.00445965
cfd-omp,_Z12compute_fluxiPiPfS0_S0_S0_6Float3S1_S1_S1__l200,A100,Opus 4.6,False,0.137145
cfd-omp,_Z12compute_fluxiPiPfS0_S0_S0_6Float3S1_S1_S1__l200,A100,Opus 4.6,True,0.31763
cfd-omp,_Z12compute_fluxiPiPfS0_S0_S0_6Float3S1_S1_S1__l200,H100,GPT 5.4,False,0.0371305
cfd-omp,_Z12compute_fluxiPiPfS0_S0_S0_6Float3S1_S1_S1__l200,H100,GPT OSS,False,0.0041673
cfd-omp,_Z12compute_fluxiPiPfS0_S0_S0_6Float3S1_S1_S1__l200,H100,GPT OSS,True,0.002369601
cfd-omp,_Z12compute_fluxiPiPfS0_S0_S0_6Float3S1_S1_S1__l200,H100,Opus 4.6,False,0.152795
cfd-omp,_Z12compute_fluxiPiPfS0_S0_S0_6Float3S1_S1_S1__l200,H100,Opus 4.6,True,0.34881
cfd-omp,_Z19compute_step_factoriPfS_S__l167,3080,GPT 5.4,False,0.0323905
cfd-omp,_Z19compute_step_factoriPfS_S__l167,3080,GPT OSS,False,0.000828472
cfd-omp,_Z19compute_step_factoriPfS_S__l167,3080,GPT OSS,True,0.00449415
cfd-omp,_Z19compute_step_factoriPfS_S__l167,3080,Opus 4.6,False,0.114685
cfd-omp,_Z19compute_step_factoriPfS_S__l167,3080,Opus 4.6,True,0.166965
cfd-omp,_Z19compute_step_factoriPfS_S__l167,A10,GPT 5.4,False,0.0314605
cfd-omp,_Z19compute_step_factoriPfS_S__l167,A10,GPT OSS,True,0.00428745
cfd-omp,_Z19compute_step_factoriPfS_S__l167,A10,Opus 4.6,False,0.109935
cfd-omp,_Z19compute_step_factoriPfS_S__l167,A10,Opus 4.6,True,0.16869
cfd-omp,_Z19compute_step_factoriPfS_S__l167,A100,GPT 5.4,False,0.032608
cfd-omp,_Z19compute_step_factoriPfS_S__l167,A100,GPT OSS,True,0.00438825
cfd-omp,_Z19compute_step_factoriPfS_S__l167,A100,Opus 4.6,False,0.1094
cfd-omp,_Z19compute_step_factoriPfS_S__l167,A100,Opus 4.6,True,0.182795
cfd-omp,_Z19compute_step_factoriPfS_S__l167,H100,GPT 5.4,False,0.0327255
cfd-omp,_Z19compute_step_factoriPfS_S__l167,H100,GPT OSS,True,0.0042648
cfd-omp,_Z19compute_step_factoriPfS_S__l167,H100,Opus 4.6,False,0.11235
cfd-omp,_Z19compute_step_factoriPfS_S__l167,H100,Opus 4.6,True,0.196705
cfd-omp,_Z20initialize_variablesiPfS__l157,3080,GPT 5.4,False,0.0305605
cfd-omp,_Z20initialize_variablesiPfS__l157,3080,GPT OSS,False,0.001893
cfd-omp,_Z20initialize_variablesiPfS__l157,3080,GPT OSS,True,0.000830314
cfd-omp,_Z20initialize_variablesiPfS__l157,3080,Opus 4.6,False,0.09452
cfd-omp,_Z20initialize_variablesiPfS__l157,3080,Opus 4.6,True,0.124035
cfd-omp,_Z20initialize_variablesiPfS__l157,A10,GPT 5.4,False,0.0306955
cfd-omp,_Z20initialize_variablesiPfS__l157,A10,GPT OSS,False,0.0028371
cfd-omp,_Z20initialize_variablesiPfS__l157,A10,Opus 4.6,False,0.095295
cfd-omp,_Z20initialize_variablesiPfS__l157,A10,Opus 4.6,True,0.117335
cfd-omp,_Z20initialize_variablesiPfS__l157,A100,GPT 5.4,False,0.029848
cfd-omp,_Z20initialize_variablesiPfS__l157,A100,Opus 4.6,False,0.094235
cfd-omp,_Z20initialize_variablesiPfS__l157,A100,Opus 4.6,True,0.127385
cfd-omp,_Z20initialize_variablesiPfS__l157,H100,GPT 5.4,False,0.0298755
cfd-omp,_Z20initialize_variablesiPfS__l157,H100,GPT OSS,False,0.0025038
cfd-omp,_Z20initialize_variablesiPfS__l157,H100,Opus 4.6,False,0.09431
cfd-omp,_Z20initialize_variablesiPfS__l157,H100,Opus 4.6,True,0.118285
cfd-omp,_Z4copyPfPKfi_l112,3080,GPT 5.4,False,0.031063
cfd-omp,_Z4copyPfPKfi_l112,3080,GPT OSS,False,0.00242415
cfd-omp,_Z4copyPfPKfi_l112,3080,GPT OSS,True,0.00271305
cfd-omp,_Z4copyPfPKfi_l112,3080,Opus 4.6,False,0.090455
cfd-omp,_Z4copyPfPKfi_l112,3080,Opus 4.6,True,0.119445
cfd-omp,_Z4copyPfPKfi_l112,A10,GPT 5.4,False,0.029203
cfd-omp,_Z4copyPfPKfi_l112,A10,GPT OSS,False,0.000649097
cfd-omp,_Z4copyPfPKfi_l112,A10,GPT OSS,True,0.000787721
cfd-omp,_Z4copyPfPKfi_l112,A10,Opus 4.6,False,0.09003
cfd-omp,_Z4copyPfPKfi_l112,A10,Opus 4.6,True,0.11257
cfd-omp,_Z4copyPfPKfi_l112,A100,GPT 5.4,False,0.0298555
cfd-omp,_Z4copyPfPKfi_l112,A100,GPT OSS,True,0.000744616
cfd-omp,_Z4copyPfPKfi_l112,A100,Opus 4.6,False,0.096345
cfd-omp,_Z4copyPfPKfi_l112,A100,Opus 4.6,True,0.13113
cfd-omp,_Z4copyPfPKfi_l112,H100,GPT 5.4,False,0.029493
cfd-omp,_Z4copyPfPKfi_l112,H100,GPT OSS,True,0.00074926
cfd-omp,_Z4copyPfPKfi_l112,H100,Opus 4.6,False,0.090495
cfd-omp,_Z4copyPfPKfi_l112,H100,Opus 4.6,True,0.114945
cfd-omp,_Z9time_stepiiPKfPfS0_S0__l345,3080,GPT 5.4,False,0.0309705
cfd-omp,_Z9time_stepiiPKfPfS0_S0__l345,3080,GPT OSS,False,0.000890724
cfd-omp,_Z9time_stepiiPKfPfS0_S0__l345,3080,GPT OSS,True,0.00390525
cfd-omp,_Z9time_stepiiPKfPfS0_S0__l345,3080,Opus 4.6,False,0.10858
cfd-omp,_Z9time_stepiiPKfPfS0_S0__l345,3080,Opus 4.6,True,0.16573
cfd-omp,_Z9time_stepiiPKfPfS0_S0__l345,A10,GPT 5.4,False,0.0327705
cfd-omp,_Z9time_stepiiPKfPfS0_S0__l345,A10,Opus 4.6,False,0.104805
cfd-omp,_Z9time_stepiiPKfPfS0_S0__l345,A10,Opus 4.6,True,0.15498
cfd-omp,_Z9time_stepiiPKfPfS0_S0__l345,A100,GPT 5.4,False,0.032658
cfd-omp,_Z9time_stepiiPKfPfS0_S0__l345,A100,GPT OSS,True,0.003855
cfd-omp,_Z9time_stepiiPKfPfS0_S0__l345,A100,Opus 4.6,False,0.111645
cfd-omp,_Z9time_stepiiPKfPfS0_S0__l345,A100,Opus 4.6,True,0.16253
cfd-omp,_Z9time_stepiiPKfPfS0_S0__l345,H100,GPT 5.4,False,0.0323105
cfd-omp,_Z9time_stepiiPKfPfS0_S0__l345,H100,GPT OSS,False,0.000757758
cfd-omp,_Z9time_stepiiPKfPfS0_S0__l345,H100,GPT OSS,True,0.001037274
cfd-omp,_Z9time_stepiiPKfPfS0_S0__l345,H100,Opus 4.6,False,0.11267
cfd-omp,_Z9time_stepiiPKfPfS0_S0__l345,H100,Opus 4.6,True,0.16465
chacha20-cuda,_Z15test_keystreamsPKcS0_S0_PKhPhS3_S3_S3_iii,3080,GPT 5.4,False,0.0207955
chacha20-cuda,_Z15test_keystreamsPKcS0_S0_PKhPhS3_S3_S3_iii,3080,GPT OSS,False,0.0035351
chacha20-cuda,_Z15test_keystreamsPKcS0_S0_PKhPhS3_S3_S3_iii,3080,GPT OSS,True,0.002217709
chacha20-cuda,_Z15test_keystreamsPKcS0_S0_PKhPhS3_S3_S3_iii,3080,Opus 4.6,False,0.072715
chacha20-cuda,_Z15test_keystreamsPKcS0_S0_PKhPhS3_S3_S3_iii,3080,Opus 4.6,True,0.31256
chacha20-cuda,_Z15test_keystreamsPKcS0_S0_PKhPhS3_S3_S3_iii,A10,GPT 5.4,False,0.0192405
chacha20-cuda,_Z15test_keystreamsPKcS0_S0_PKhPhS3_S3_S3_iii,A10,GPT OSS,False,0.0028725
chacha20-cuda,_Z15test_keystreamsPKcS0_S0_PKhPhS3_S3_S3_iii,A10,Opus 4.6,False,0.069235
chacha20-cuda,_Z15test_keystreamsPKcS0_S0_PKhPhS3_S3_S3_iii,A10,Opus 4.6,True,0.31633
chacha20-cuda,_Z15test_keystreamsPKcS0_S0_PKhPhS3_S3_S3_iii,A100,GPT 5.4,False,0.020298
chacha20-cuda,_Z15test_keystreamsPKcS0_S0_PKhPhS3_S3_S3_iii,A100,GPT OSS,False,0.00253635
chacha20-cuda,_Z15test_keystreamsPKcS0_S0_PKhPhS3_S3_S3_iii,A100,GPT OSS,True,0.002122236
chacha20-cuda,_Z15test_keystreamsPKcS0_S0_PKhPhS3_S3_S3_iii,A100,Opus 4.6,False,0.06785
chacha20-cuda,_Z15test_keystreamsPKcS0_S0_PKhPhS3_S3_S3_iii,A100,Opus 4.6,True,0.31461
chacha20-cuda,_Z15test_keystreamsPKcS0_S0_PKhPhS3_S3_S3_iii,H100,GPT 5.4,False,0.0193955
chacha20-cuda,_Z15test_keystreamsPKcS0_S0_PKhPhS3_S3_S3_iii,H100,GPT OSS,False,0.0024288
chacha20-cuda,_Z15test_keystreamsPKcS0_S0_PKhPhS3_S3_S3_iii,H100,Opus 4.6,False,0.07325
chacha20-cuda,_Z15test_keystreamsPKcS0_S0_PKhPhS3_S3_S3_iii,H100,Opus 4.6,True,0.31142
chacha20-omp,main_l87,3080,GPT 5.4,False,0.019738
chacha20-omp,main_l87,3080,GPT OSS,False,0.000626613
chacha20-omp,main_l87,3080,GPT OSS,True,0.000750687
chacha20-omp,main_l87,3080,Opus 4.6,False,0.0662
chacha20-omp,main_l87,3080,Opus 4.6,True,0.076925
chacha20-omp,main_l87,A10,GPT 5.4,False,0.019498
chacha20-omp,main_l87,A10,GPT OSS,False,0.000626569
chacha20-omp,main_l87,A10,GPT OSS,True,0.000736393
chacha20-omp,main_l87,A10,Opus 4.6,False,0.067625
chacha20-omp,main_l87,A10,Opus 4.6,True,0.077275
chacha20-omp,main_l87,A100,GPT 5.4,False,0.0185455
chacha20-omp,main_l87,A100,GPT OSS,False,0.000606736
chacha20-omp,main_l87,A100,GPT OSS,True,0.00063144
chacha20-omp,main_l87,A100,Opus 4.6,False,0.064765
chacha20-omp,main_l87,A100,Opus 4.6,True,0.08199
chacha20-omp,main_l87,H100,GPT 5.4,False,0.018483
chacha20-omp,main_l87,H100,GPT OSS,False,0.000702457
chacha20-omp,main_l87,H100,GPT OSS,True,0.000777553
chacha20-omp,main_l87,H100,Opus 4.6,False,0.062765
chacha20-omp,main_l87,H100,Opus 4.6,True,0.079165
channelShuffle-cuda,_Z24ChannelShuffleNCHWKernelIfLb0EEviiiPKT_PS0_,3080,GPT 5.4,False,0.0181205
channelShuffle-cuda,_Z24ChannelShuffleNCHWKernelIfLb0EEviiiPKT_PS0_,3080,GPT OSS,False,0.0018567
channelShuffle-cuda,_Z24ChannelShuffleNCHWKernelIfLb0EEviiiPKT_PS0_,3080,Opus 4.6,False,0.06447
channelShuffle-cuda,_Z24ChannelShuffleNCHWKernelIfLb0EEviiiPKT_PS0_,3080,Opus 4.6,True,0.098065
channelShuffle-cuda,_Z24ChannelShuffleNCHWKernelIfLb0EEviiiPKT_PS0_,A10,GPT 5.4,False,0.0184225
channelShuffle-cuda,_Z24ChannelShuffleNCHWKernelIfLb0EEviiiPKT_PS0_,A10,GPT OSS,False,0.000588646
channelShuffle-cuda,_Z24ChannelShuffleNCHWKernelIfLb0EEviiiPKT_PS0_,A10,GPT OSS,True,0.000671462
channelShuffle-cuda,_Z24ChannelShuffleNCHWKernelIfLb0EEviiiPKT_PS0_,A10,Opus 4.6,False,0.06419
channelShuffle-cuda,_Z24ChannelShuffleNCHWKernelIfLb0EEviiiPKT_PS0_,A10,Opus 4.6,True,0.08516
channelShuffle-cuda,_Z24ChannelShuffleNCHWKernelIfLb0EEviiiPKT_PS0_,A100,GPT 5.4,False,0.018613
channelShuffle-cuda,_Z24ChannelShuffleNCHWKernelIfLb0EEviiiPKT_PS0_,A100,GPT OSS,False,0.000581543
channelShuffle-cuda,_Z24ChannelShuffleNCHWKernelIfLb0EEviiiPKT_PS0_,A100,GPT OSS,True,0.000583205
channelShuffle-cuda,_Z24ChannelShuffleNCHWKernelIfLb0EEviiiPKT_PS0_,A100,Opus 4.6,False,0.06713
channelShuffle-cuda,_Z24ChannelShuffleNCHWKernelIfLb0EEviiiPKT_PS0_,A100,Opus 4.6,True,0.090085
channelShuffle-cuda,_Z24ChannelShuffleNCHWKernelIfLb0EEviiiPKT_PS0_,H100,GPT 5.4,False,0.0185955
channelShuffle-cuda,_Z24ChannelShuffleNCHWKernelIfLb0EEviiiPKT_PS0_,H100,GPT OSS,False,0.000559654
channelShuffle-cuda,_Z24ChannelShuffleNCHWKernelIfLb0EEviiiPKT_PS0_,H100,GPT OSS,True,0.00210885
channelShuffle-cuda,_Z24ChannelShuffleNCHWKernelIfLb0EEviiiPKT_PS0_,H100,Opus 4.6,False,0.064555
channelShuffle-cuda,_Z24ChannelShuffleNCHWKernelIfLb0EEviiiPKT_PS0_,H100,Opus 4.6,True,0.09079
channelShuffle-cuda,_Z24ChannelShuffleNHWCKernelIfLi128EEviiPKT_PS0_,3080,GPT 5.4,False,0.0181005
channelShuffle-cuda,_Z24ChannelShuffleNHWCKernelIfLi128EEviiPKT_PS0_,3080,GPT OSS,False,0.000639834
channelShuffle-cuda,_Z24ChannelShuffleNHWCKernelIfLi128EEviiPKT_PS0_,3080,GPT OSS,True,0.000608396
channelShuffle-cuda,_Z24ChannelShuffleNHWCKernelIfLi128EEviiPKT_PS0_,3080,Opus 4.6,False,0.06504
channelShuffle-cuda,_Z24ChannelShuffleNHWCKernelIfLi128EEviiPKT_PS0_,3080,Opus 4.6,True,0.08484
channelShuffle-cuda,_Z24ChannelShuffleNHWCKernelIfLi128EEviiPKT_PS0_,A10,GPT 5.4,False,0.0175955
channelShuffle-cuda,_Z24ChannelShuffleNHWCKernelIfLi128EEviiPKT_PS0_,A10,GPT OSS,False,0.000663808
channelShuffle-cuda,_Z24ChannelShuffleNHWCKernelIfLi128EEviiPKT_PS0_,A10,GPT OSS,True,0.0022482
channelShuffle-cuda,_Z24ChannelShuffleNHWCKernelIfLi128EEviiPKT_PS0_,A10,Opus 4.6,False,0.06571
channelShuffle-cuda,_Z24ChannelShuffleNHWCKernelIfLi128EEviiPKT_PS0_,A10,Opus 4.6,True,0.084635
channelShuffle-cuda,_Z24ChannelShuffleNHWCKernelIfLi128EEviiPKT_PS0_,A100,GPT 5.4,False,0.0188
channelShuffle-cuda,_Z24ChannelShuffleNHWCKernelIfLi128EEviiPKT_PS0_,A100,GPT OSS,False,0.000630675
channelShuffle-cuda,_Z24ChannelShuffleNHWCKernelIfLi128EEviiPKT_PS0_,A100,GPT OSS,True,0.000621847
channelShuffle-cuda,_Z24ChannelShuffleNHWCKernelIfLi128EEviiPKT_PS0_,A100,Opus 4.6,False,0.071025
channelShuffle-cuda,_Z24ChannelShuffleNHWCKernelIfLi128EEviiPKT_PS0_,A100,Opus 4.6,True,0.0853
channelShuffle-cuda,_Z24ChannelShuffleNHWCKernelIfLi128EEviiPKT_PS0_,H100,GPT 5.4,False,0.0177055
channelShuffle-cuda,_Z24ChannelShuffleNHWCKernelIfLi128EEviiPKT_PS0_,H100,GPT OSS,False,0.000673006
channelShuffle-cuda,_Z24ChannelShuffleNHWCKernelIfLi128EEviiPKT_PS0_,H100,GPT OSS,True,0.0028101
channelShuffle-cuda,_Z24ChannelShuffleNHWCKernelIfLi128EEviiPKT_PS0_,H100,Opus 4.6,False,0.06305
channelShuffle-cuda,_Z24ChannelShuffleNHWCKernelIfLi128EEviiPKT_PS0_,H100,Opus 4.6,True,0.09165
channelShuffle-cuda,_Z24ChannelShuffleNHWCKernelIfLi32EEviiPKT_PS0_,3080,GPT 5.4,False,0.0187005
channelShuffle-cuda,_Z24ChannelShuffleNHWCKernelIfLi32EEviiPKT_PS0_,3080,GPT OSS,False,0.0018036
channelShuffle-cuda,_Z24ChannelShuffleNHWCKernelIfLi32EEviiPKT_PS0_,3080,GPT OSS,True,0.0020916
channelShuffle-cuda,_Z24ChannelShuffleNHWCKernelIfLi32EEviiPKT_PS0_,3080,Opus 4.6,False,0.065565
channelShuffle-cuda,_Z24ChannelShuffleNHWCKernelIfLi32EEviiPKT_PS0_,3080,Opus 4.6,True,0.084565
channelShuffle-cuda,_Z24ChannelShuffleNHWCKernelIfLi32EEviiPKT_PS0_,A10,GPT 5.4,False,0.0185555
channelShuffle-cuda,_Z24ChannelShuffleNHWCKernelIfLi32EEviiPKT_PS0_,A10,GPT OSS,False,0.0018756
channelShuffle-cuda,_Z24ChannelShuffleNHWCKernelIfLi32EEviiPKT_PS0_,A10,GPT OSS,True,0.00057271
channelShuffle-cuda,_Z24ChannelShuffleNHWCKernelIfLi32EEviiPKT_PS0_,A10,Opus 4.6,False,0.06631
channelShuffle-cuda,_Z24ChannelShuffleNHWCKernelIfLi32EEviiPKT_PS0_,A10,Opus 4.6,True,0.08316
channelShuffle-cuda,_Z24ChannelShuffleNHWCKernelIfLi32EEviiPKT_PS0_,A100,GPT 5.4,False,0.017975
channelShuffle-cuda,_Z24ChannelShuffleNHWCKernelIfLi32EEviiPKT_PS0_,A100,GPT OSS,False,0.00186105
channelShuffle-cuda,_Z24ChannelShuffleNHWCKernelIfLi32EEviiPKT_PS0_,A100,GPT OSS,True,0.000571687
channelShuffle-cuda,_Z24ChannelShuffleNHWCKernelIfLi32EEviiPKT_PS0_,A100,Opus 4.6,False,0.0658
channelShuffle-cuda,_Z24ChannelShuffleNHWCKernelIfLi32EEviiPKT_PS0_,A100,Opus 4.6,True,0.084425
channelShuffle-cuda,_Z24ChannelShuffleNHWCKernelIfLi32EEviiPKT_PS0_,H100,GPT 5.4,False,0.0187855
channelShuffle-cuda,_Z24ChannelShuffleNHWCKernelIfLi32EEviiPKT_PS0_,H100,GPT OSS,False,0.0018681
channelShuffle-cuda,_Z24ChannelShuffleNHWCKernelIfLi32EEviiPKT_PS0_,H100,GPT OSS,True,0.000600646
channelShuffle-cuda,_Z24ChannelShuffleNHWCKernelIfLi32EEviiPKT_PS0_,H100,Opus 4.6,False,0.062975
channelShuffle-cuda,_Z24ChannelShuffleNHWCKernelIfLi32EEviiPKT_PS0_,H100,Opus 4.6,True,0.087075
channelShuffle-cuda,_Z24ChannelShuffleNHWCKernelIfLi512EEviiPKT_PS0_,3080,GPT 5.4,False,0.0176655
channelShuffle-cuda,_Z24ChannelShuffleNHWCKernelIfLi512EEviiPKT_PS0_,3080,GPT OSS,False,0.000687334
channelShuffle-cuda,_Z24ChannelShuffleNHWCKernelIfLi512EEviiPKT_PS0_,3080,GPT OSS,True,0.000619986
channelShuffle-cuda,_Z24ChannelShuffleNHWCKernelIfLi512EEviiPKT_PS0_,3080,Opus 4.6,False,0.06419
channelShuffle-cuda,_Z24ChannelShuffleNHWCKernelIfLi512EEviiPKT_PS0_,3080,Opus 4.6,True,0.09009
channelShuffle-cuda,_Z24ChannelShuffleNHWCKernelIfLi512EEviiPKT_PS0_,A10,GPT 5.4,False,0.0198905
channelShuffle-cuda,_Z24ChannelShuffleNHWCKernelIfLi512EEviiPKT_PS0_,A10,GPT OSS,False,0.000602818
channelShuffle-cuda,_Z24ChannelShuffleNHWCKernelIfLi512EEviiPKT_PS0_,A10,Opus 4.6,False,0.066785
channelShuffle-cuda,_Z24ChannelShuffleNHWCKernelIfLi512EEviiPKT_PS0_,A10,Opus 4.6,True,0.083835
channelShuffle-cuda,_Z24ChannelShuffleNHWCKernelIfLi512EEviiPKT_PS0_,A100,GPT 5.4,False,0.017903
channelShuffle-cuda,_Z24ChannelShuffleNHWCKernelIfLi512EEviiPKT_PS0_,A100,GPT OSS,False,0.00275994
channelShuffle-cuda,_Z24ChannelShuffleNHWCKernelIfLi512EEviiPKT_PS0_,A100,GPT OSS,True,0.000620897
channelShuffle-cuda,_Z24ChannelShuffleNHWCKernelIfLi512EEviiPKT_PS0_,A100,Opus 4.6,False,0.063975
channelShuffle-cuda,_Z24ChannelShuffleNHWCKernelIfLi512EEviiPKT_PS0_,A100,Opus 4.6,True,0.089
channelShuffle-cuda,_Z24ChannelShuffleNHWCKernelIfLi512EEviiPKT_PS0_,H100,GPT 5.4,False,0.0183955
channelShuffle-cuda,_Z24ChannelShuffleNHWCKernelIfLi512EEviiPKT_PS0_,H100,GPT OSS,False,0.000637856
channelShuffle-cuda,_Z24ChannelShuffleNHWCKernelIfLi512EEviiPKT_PS0_,H100,GPT OSS,True,0.000603686
channelShuffle-cuda,_Z24ChannelShuffleNHWCKernelIfLi512EEviiPKT_PS0_,H100,Opus 4.6,False,0.0653
channelShuffle-cuda,_Z24ChannelShuffleNHWCKernelIfLi512EEviiPKT_PS0_,H100,Opus 4.6,True,0.0888
channelShuffle-omp,_Z24ChannelShuffleNCHWKernelIfEviiiiPKT_PS0__l20,3080,GPT 5.4,False,0.016878
channelShuffle-omp,_Z24ChannelShuffleNCHWKernelIfEviiiiPKT_PS0__l20,3080,GPT OSS,False,0.000550347
channelShuffle-omp,_Z24ChannelShuffleNCHWKernelIfEviiiiPKT_PS0__l20,3080,GPT OSS,True,0.00081118
channelShuffle-omp,_Z24ChannelShuffleNCHWKernelIfEviiiiPKT_PS0__l20,3080,Opus 4.6,False,0.062035
channelShuffle-omp,_Z24ChannelShuffleNCHWKernelIfEviiiiPKT_PS0__l20,3080,Opus 4.6,True,0.136025
channelShuffle-omp,_Z24ChannelShuffleNCHWKernelIfEviiiiPKT_PS0__l20,A10,GPT 5.4,False,0.017883
channelShuffle-omp,_Z24ChannelShuffleNCHWKernelIfEviiiiPKT_PS0__l20,A10,GPT OSS,False,0.000515343
channelShuffle-omp,_Z24ChannelShuffleNCHWKernelIfEviiiiPKT_PS0__l20,A10,GPT OSS,True,0.000887326
channelShuffle-omp,_Z24ChannelShuffleNCHWKernelIfEviiiiPKT_PS0__l20,A10,Opus 4.6,False,0.06531
channelShuffle-omp,_Z24ChannelShuffleNCHWKernelIfEviiiiPKT_PS0__l20,A10,Opus 4.6,True,0.14425
channelShuffle-omp,_Z24ChannelShuffleNCHWKernelIfEviiiiPKT_PS0__l20,A100,GPT 5.4,False,0.0173625
channelShuffle-omp,_Z24ChannelShuffleNCHWKernelIfEviiiiPKT_PS0__l20,A100,GPT OSS,False,0.00056201
channelShuffle-omp,_Z24ChannelShuffleNCHWKernelIfEviiiiPKT_PS0__l20,A100,GPT OSS,True,0.001081848
channelShuffle-omp,_Z24ChannelShuffleNCHWKernelIfEviiiiPKT_PS0__l20,A100,Opus 4.6,False,0.05795
channelShuffle-omp,_Z24ChannelShuffleNCHWKernelIfEviiiiPKT_PS0__l20,A100,Opus 4.6,True,0.146515
channelShuffle-omp,_Z24ChannelShuffleNCHWKernelIfEviiiiPKT_PS0__l20,H100,GPT 5.4,False,0.017903
channelShuffle-omp,_Z24ChannelShuffleNCHWKernelIfEviiiiPKT_PS0__l20,H100,GPT OSS,False,0.000566911
channelShuffle-omp,_Z24ChannelShuffleNCHWKernelIfEviiiiPKT_PS0__l20,H100,GPT OSS,True,0.000996789
channelShuffle-omp,_Z24ChannelShuffleNCHWKernelIfEviiiiPKT_PS0__l20,H100,Opus 4.6,False,0.063625
channelShuffle-omp,_Z24ChannelShuffleNCHWKernelIfEviiiiPKT_PS0__l20,H100,Opus 4.6,True,0.141475
channelShuffle-omp,_Z24ChannelShuffleNHWCKernelIfEviiiPKT_PS0__l32,3080,GPT 5.4,False,0.01798
channelShuffle-omp,_Z24ChannelShuffleNHWCKernelIfEviiiPKT_PS0__l32,3080,GPT OSS,False,0.000536399
channelShuffle-omp,_Z24ChannelShuffleNHWCKernelIfEviiiPKT_PS0__l32,3080,GPT OSS,True,0.00285825
channelShuffle-omp,_Z24ChannelShuffleNHWCKernelIfEviiiPKT_PS0__l32,3080,Opus 4.6,False,0.061685
channelShuffle-omp,_Z24ChannelShuffleNHWCKernelIfEviiiPKT_PS0__l32,3080,Opus 4.6,True,0.12483
channelShuffle-omp,_Z24ChannelShuffleNHWCKernelIfEviiiPKT_PS0__l32,A10,GPT 5.4,False,0.018118
channelShuffle-omp,_Z24ChannelShuffleNHWCKernelIfEviiiPKT_PS0__l32,A10,GPT OSS,True,0.000789377
channelShuffle-omp,_Z24ChannelShuffleNHWCKernelIfEviiiPKT_PS0__l32,A10,Opus 4.6,False,0.06271
channelShuffle-omp,_Z24ChannelShuffleNHWCKernelIfEviiiPKT_PS0__l32,A10,Opus 4.6,True,0.12208
channelShuffle-omp,_Z24ChannelShuffleNHWCKernelIfEviiiPKT_PS0__l32,A100,GPT 5.4,False,0.0191305
channelShuffle-omp,_Z24ChannelShuffleNHWCKernelIfEviiiPKT_PS0__l32,A100,GPT OSS,False,0.000526782
channelShuffle-omp,_Z24ChannelShuffleNHWCKernelIfEviiiPKT_PS0__l32,A100,GPT OSS,True,0.000920214
channelShuffle-omp,_Z24ChannelShuffleNHWCKernelIfEviiiPKT_PS0__l32,A100,Opus 4.6,False,0.0635
channelShuffle-omp,_Z24ChannelShuffleNHWCKernelIfEviiiPKT_PS0__l32,A100,Opus 4.6,True,0.13147
channelShuffle-omp,_Z24ChannelShuffleNHWCKernelIfEviiiPKT_PS0__l32,H100,GPT 5.4,False,0.017688
channelShuffle-omp,_Z24ChannelShuffleNHWCKernelIfEviiiPKT_PS0__l32,H100,GPT OSS,False,0.00176475
channelShuffle-omp,_Z24ChannelShuffleNHWCKernelIfEviiiPKT_PS0__l32,H100,GPT OSS,True,0.00078632
channelShuffle-omp,_Z24ChannelShuffleNHWCKernelIfEviiiPKT_PS0__l32,H100,Opus 4.6,False,0.059875
channelShuffle-omp,_Z24ChannelShuffleNHWCKernelIfEviiiPKT_PS0__l32,H100,Opus 4.6,True,0.138675
channelSum-cuda,_Z14ChannelSumNCHWIiLi1ELi128EEviiiPKT_PS0_S3_,3080,GPT 5.4,False,0.0197255
channelSum-cuda,_Z14ChannelSumNCHWIiLi1ELi128EEviiiPKT_PS0_S3_,3080,GPT OSS,False,0.002145
channelSum-cuda,_Z14ChannelSumNCHWIiLi1ELi128EEviiiPKT_PS0_S3_,3080,GPT OSS,True,0.000683368
channelSum-cuda,_Z14ChannelSumNCHWIiLi1ELi128EEviiiPKT_PS0_S3_,3080,Opus 4.6,False,0.06492
channelSum-cuda,_Z14ChannelSumNCHWIiLi1ELi128EEviiiPKT_PS0_S3_,3080,Opus 4.6,True,0.08245
channelSum-cuda,_Z14ChannelSumNCHWIiLi1ELi128EEviiiPKT_PS0_S3_,A10,GPT 5.4,False,0.0182275
channelSum-cuda,_Z14ChannelSumNCHWIiLi1ELi128EEviiiPKT_PS0_S3_,A10,GPT OSS,False,0.0018612
channelSum-cuda,_Z14ChannelSumNCHWIiLi1ELi128EEviiiPKT_PS0_S3_,A10,Opus 4.6,False,0.065565
channelSum-cuda,_Z14ChannelSumNCHWIiLi1ELi128EEviiiPKT_PS0_S3_,A10,Opus 4.6,True,0.081945
channelSum-cuda,_Z14ChannelSumNCHWIiLi1ELi128EEviiiPKT_PS0_S3_,A100,GPT 5.4,False,0.018823
channelSum-cuda,_Z14ChannelSumNCHWIiLi1ELi128EEviiiPKT_PS0_S3_,A100,GPT OSS,True,0.00064648
channelSum-cuda,_Z14ChannelSumNCHWIiLi1ELi128EEviiiPKT_PS0_S3_,A100,Opus 4.6,False,0.06938
channelSum-cuda,_Z14ChannelSumNCHWIiLi1ELi128EEviiiPKT_PS0_S3_,A100,Opus 4.6,True,0.095995
channelSum-cuda,_Z14ChannelSumNCHWIiLi1ELi128EEviiiPKT_PS0_S3_,H100,GPT 5.4,False,0.0197505
channelSum-cuda,_Z14ChannelSumNCHWIiLi1ELi128EEviiiPKT_PS0_S3_,H100,GPT OSS,False,0.000521804
channelSum-cuda,_Z14ChannelSumNCHWIiLi1ELi128EEviiiPKT_PS0_S3_,H100,GPT OSS,True,0.000651852
channelSum-cuda,_Z14ChannelSumNCHWIiLi1ELi128EEviiiPKT_PS0_S3_,H100,Opus 4.6,False,0.064455
channelSum-cuda,_Z14ChannelSumNCHWIiLi1ELi128EEviiiPKT_PS0_S3_,H100,Opus 4.6,True,0.094295
channelSum-cuda,_Z14ChannelSumNHWCIiEviiiPKT_PS0_S3_,3080,GPT 5.4,False,0.017838
channelSum-cuda,_Z14ChannelSumNHWCIiEviiiPKT_PS0_S3_,3080,GPT OSS,False,0.000481319
channelSum-cuda,_Z14ChannelSumNHWCIiEviiiPKT_PS0_S3_,3080,GPT OSS,True,0.000656798
channelSum-cuda,_Z14ChannelSumNHWCIiEviiiPKT_PS0_S3_,3080,Opus 4.6,False,0.07134
channelSum-cuda,_Z14ChannelSumNHWCIiEviiiPKT_PS0_S3_,3080,Opus 4.6,True,0.07795
channelSum-cuda,_Z14ChannelSumNHWCIiEviiiPKT_PS0_S3_,A10,GPT 5.4,False,0.017423
channelSum-cuda,_Z14ChannelSumNHWCIiEviiiPKT_PS0_S3_,A10,GPT OSS,False,0.000487433
channelSum-cuda,_Z14ChannelSumNHWCIiEviiiPKT_PS0_S3_,A10,GPT OSS,True,0.000630042
channelSum-cuda,_Z14ChannelSumNHWCIiEviiiPKT_PS0_S3_,A10,Opus 4.6,False,0.06121
channelSum-cuda,_Z14ChannelSumNHWCIiEviiiPKT_PS0_S3_,A10,Opus 4.6,True,0.07747
channelSum-cuda,_Z14ChannelSumNHWCIiEviiiPKT_PS0_S3_,A100,GPT 5.4,False,0.0178175
channelSum-cuda,_Z14ChannelSumNHWCIiEviiiPKT_PS0_S3_,A100,GPT OSS,False,0.00054683
channelSum-cuda,_Z14ChannelSumNHWCIiEviiiPKT_PS0_S3_,A100,GPT OSS,True,0.000638958
channelSum-cuda,_Z14ChannelSumNHWCIiEviiiPKT_PS0_S3_,A100,Opus 4.6,False,0.064
channelSum-cuda,_Z14ChannelSumNHWCIiEviiiPKT_PS0_S3_,A100,Opus 4.6,True,0.082475
channelSum-cuda,_Z14ChannelSumNHWCIiEviiiPKT_PS0_S3_,H100,GPT 5.4,False,0.017983
channelSum-cuda,_Z14ChannelSumNHWCIiEviiiPKT_PS0_S3_,H100,GPT OSS,True,0.000638513
channelSum-cuda,_Z14ChannelSumNHWCIiEviiiPKT_PS0_S3_,H100,Opus 4.6,False,0.06185
channelSum-cuda,_Z14ChannelSumNHWCIiEviiiPKT_PS0_S3_,H100,Opus 4.6,True,0.079605
channelSum-omp,_Z14ChannelSumNCHWIiEviiiPKT_PS0_S3__l22,3080,GPT 5.4,False,0.0169455
channelSum-omp,_Z14ChannelSumNCHWIiEviiiPKT_PS0_S3__l22,3080,GPT OSS,False,0.0018852
channelSum-omp,_Z14ChannelSumNCHWIiEviiiPKT_PS0_S3__l22,3080,GPT OSS,True,0.00469935
channelSum-omp,_Z14ChannelSumNCHWIiEviiiPKT_PS0_S3__l22,3080,Opus 4.6,False,0.062135
channelSum-omp,_Z14ChannelSumNCHWIiEviiiPKT_PS0_S3__l22,3080,Opus 4.6,True,0.206825
channelSum-omp,_Z14ChannelSumNCHWIiEviiiPKT_PS0_S3__l22,A10,GPT 5.4,False,0.0173955
channelSum-omp,_Z14ChannelSumNCHWIiEviiiPKT_PS0_S3__l22,A10,GPT OSS,True,0.001265691
channelSum-omp,_Z14ChannelSumNCHWIiEviiiPKT_PS0_S3__l22,A10,Opus 4.6,False,0.06251
channelSum-omp,_Z14ChannelSumNCHWIiEviiiPKT_PS0_S3__l22,A10,Opus 4.6,True,0.1984
channelSum-omp,_Z14ChannelSumNCHWIiEviiiPKT_PS0_S3__l22,A100,GPT 5.4,False,0.017253
channelSum-omp,_Z14ChannelSumNCHWIiEviiiPKT_PS0_S3__l22,A100,GPT OSS,False,0.000484063
channelSum-omp,_Z14ChannelSumNCHWIiEviiiPKT_PS0_S3__l22,A100,GPT OSS,True,0.001283546
channelSum-omp,_Z14ChannelSumNCHWIiEviiiPKT_PS0_S3__l22,A100,Opus 4.6,False,0.065225
channelSum-omp,_Z14ChannelSumNCHWIiEviiiPKT_PS0_S3__l22,A100,Opus 4.6,True,0.21381
channelSum-omp,_Z14ChannelSumNCHWIiEviiiPKT_PS0_S3__l22,H100,GPT 5.4,False,0.0157505
channelSum-omp,_Z14ChannelSumNCHWIiEviiiPKT_PS0_S3__l22,H100,GPT OSS,False,0.0017958
channelSum-omp,_Z14ChannelSumNCHWIiEviiiPKT_PS0_S3__l22,H100,GPT OSS,True,0.001374497
channelSum-omp,_Z14ChannelSumNCHWIiEviiiPKT_PS0_S3__l22,H100,Opus 4.6,False,0.062175
channelSum-omp,_Z14ChannelSumNCHWIiEviiiPKT_PS0_S3__l22,H100,Opus 4.6,True,0.23722
channelSum-omp,_Z14ChannelSumNHWCIiEviiiPKT_PS0_S3__l48,3080,GPT OSS,False,0.000416121
channelSum-omp,_Z14ChannelSumNHWCIiEviiiPKT_PS0_S3__l48,3080,GPT OSS,True,0.00425685
channelSum-omp,_Z14ChannelSumNHWCIiEviiiPKT_PS0_S3__l48,3080,Opus 4.6,False,0.05762
channelSum-omp,_Z14ChannelSumNHWCIiEviiiPKT_PS0_S3__l48,3080,Opus 4.6,True,0.17248
channelSum-omp,_Z14ChannelSumNHWCIiEviiiPKT_PS0_S3__l48,A10,GPT OSS,False,0.000496257
channelSum-omp,_Z14ChannelSumNHWCIiEviiiPKT_PS0_S3__l48,A10,GPT OSS,True,0.00418515
channelSum-omp,_Z14ChannelSumNHWCIiEviiiPKT_PS0_S3__l48,A10,Opus 4.6,False,0.05887
channelSum-omp,_Z14ChannelSumNHWCIiEviiiPKT_PS0_S3__l48,A10,Opus 4.6,True,0.172855
channelSum-omp,_Z14ChannelSumNHWCIiEviiiPKT_PS0_S3__l48,A100,GPT OSS,False,0.000433294
channelSum-omp,_Z14ChannelSumNHWCIiEviiiPKT_PS0_S3__l48,A100,GPT OSS,True,0.00440145
channelSum-omp,_Z14ChannelSumNHWCIiEviiiPKT_PS0_S3__l48,A100,Opus 4.6,False,0.059385
channelSum-omp,_Z14ChannelSumNHWCIiEviiiPKT_PS0_S3__l48,A100,Opus 4.6,True,0.1929
channelSum-omp,_Z14ChannelSumNHWCIiEviiiPKT_PS0_S3__l48,H100,GPT OSS,False,0.000451495
channelSum-omp,_Z14ChannelSumNHWCIiEviiiPKT_PS0_S3__l48,H100,GPT OSS,True,0.0043464
channelSum-omp,_Z14ChannelSumNHWCIiEviiiPKT_PS0_S3__l48,H100,Opus 4.6,False,0.05866
channelSum-omp,_Z14ChannelSumNHWCIiEviiiPKT_PS0_S3__l48,H100,Opus 4.6,True,0.19209
che-cuda,_Z12cahnHilliardPA256_A256_dPA256_A256_KdS5_ddddd,3080,GPT OSS,False,0.000791846
che-cuda,_Z12cahnHilliardPA256_A256_dPA256_A256_KdS5_ddddd,3080,GPT OSS,True,0.000916803
che-cuda,_Z12cahnHilliardPA256_A256_dPA256_A256_KdS5_ddddd,3080,Opus 4.6,False,0.084885
che-cuda,_Z12cahnHilliardPA256_A256_dPA256_A256_KdS5_ddddd,3080,Opus 4.6,True,0.139495
che-cuda,_Z12cahnHilliardPA256_A256_dPA256_A256_KdS5_ddddd,A10,GPT OSS,False,0.00077155
che-cuda,_Z12cahnHilliardPA256_A256_dPA256_A256_KdS5_ddddd,A10,GPT OSS,True,0.00324795
che-cuda,_Z12cahnHilliardPA256_A256_dPA256_A256_KdS5_ddddd,A10,Opus 4.6,False,0.08008
che-cuda,_Z12cahnHilliardPA256_A256_dPA256_A256_KdS5_ddddd,A10,Opus 4.6,True,0.131465
che-cuda,_Z12cahnHilliardPA256_A256_dPA256_A256_KdS5_ddddd,A100,GPT OSS,False,0.000864957
che-cuda,_Z12cahnHilliardPA256_A256_dPA256_A256_KdS5_ddddd,A100,GPT OSS,True,0.000891866
che-cuda,_Z12cahnHilliardPA256_A256_dPA256_A256_KdS5_ddddd,A100,Opus 4.6,False,0.07527
che-cuda,_Z12cahnHilliardPA256_A256_dPA256_A256_KdS5_ddddd,A100,Opus 4.6,True,0.138725
che-cuda,_Z12cahnHilliardPA256_A256_dPA256_A256_KdS5_ddddd,H100,GPT OSS,False,0.000718998
che-cuda,_Z12cahnHilliardPA256_A256_dPA256_A256_KdS5_ddddd,H100,Opus 4.6,False,0.082645
che-cuda,_Z12cahnHilliardPA256_A256_dPA256_A256_KdS5_ddddd,H100,Opus 4.6,True,0.12958
che-cuda,_Z17chemicalPotentialPA256_A256_KdPA256_A256_dddddddd,3080,GPT OSS,False,0.000820107
che-cuda,_Z17chemicalPotentialPA256_A256_KdPA256_A256_dddddddd,3080,GPT OSS,True,0.0044745
che-cuda,_Z17chemicalPotentialPA256_A256_KdPA256_A256_dddddddd,3080,Opus 4.6,False,0.08284
che-cuda,_Z17chemicalPotentialPA256_A256_KdPA256_A256_dddddddd,3080,Opus 4.6,True,0.139865
che-cuda,_Z17chemicalPotentialPA256_A256_KdPA256_A256_dddddddd,A10,GPT OSS,False,0.000938891
che-cuda,_Z17chemicalPotentialPA256_A256_KdPA256_A256_dddddddd,A10,Opus 4.6,False,0.09016
che-cuda,_Z17chemicalPotentialPA256_A256_KdPA256_A256_dddddddd,A10,Opus 4.6,True,0.14306
che-cuda,_Z17chemicalPotentialPA256_A256_KdPA256_A256_dddddddd,A100,GPT OSS,False,0.001012158
che-cuda,_Z17chemicalPotentialPA256_A256_KdPA256_A256_dddddddd,A100,Opus 4.6,False,0.089
che-cuda,_Z17chemicalPotentialPA256_A256_KdPA256_A256_dddddddd,A100,Opus 4.6,True,0.152955
che-cuda,_Z17chemicalPotentialPA256_A256_KdPA256_A256_dddddddd,H100,GPT OSS,False,0.000905149
che-cuda,_Z17chemicalPotentialPA256_A256_KdPA256_A256_dddddddd,H100,GPT OSS,True,0.00706245
che-cuda,_Z17chemicalPotentialPA256_A256_KdPA256_A256_dddddddd,H100,Opus 4.6,False,0.0928
che-cuda,_Z17chemicalPotentialPA256_A256_KdPA256_A256_dddddddd,H100,Opus 4.6,True,0.151585
che-cuda,_Z25localFreeEnergyFunctionalPA256_A256_KdPA256_A256_dddddddd,3080,GPT OSS,False,0.0024234
che-cuda,_Z25localFreeEnergyFunctionalPA256_A256_KdPA256_A256_dddddddd,3080,GPT OSS,True,0.001227701
che-cuda,_Z25localFreeEnergyFunctionalPA256_A256_KdPA256_A256_dddddddd,3080,Opus 4.6,False,0.10198
che-cuda,_Z25localFreeEnergyFunctionalPA256_A256_KdPA256_A256_dddddddd,3080,Opus 4.6,True,0.16333
che-cuda,_Z25localFreeEnergyFunctionalPA256_A256_KdPA256_A256_dddddddd,A10,GPT OSS,False,0.0030306
che-cuda,_Z25localFreeEnergyFunctionalPA256_A256_KdPA256_A256_dddddddd,A10,GPT OSS,True,0.001213865
che-cuda,_Z25localFreeEnergyFunctionalPA256_A256_KdPA256_A256_dddddddd,A10,Opus 4.6,False,0.0896
che-cuda,_Z25localFreeEnergyFunctionalPA256_A256_KdPA256_A256_dddddddd,A10,Opus 4.6,True,0.14075
che-cuda,_Z25localFreeEnergyFunctionalPA256_A256_KdPA256_A256_dddddddd,A100,GPT OSS,False,0.00303585
che-cuda,_Z25localFreeEnergyFunctionalPA256_A256_KdPA256_A256_dddddddd,A100,GPT OSS,True,0.001191027
che-cuda,_Z25localFreeEnergyFunctionalPA256_A256_KdPA256_A256_dddddddd,A100,Opus 4.6,False,0.098015
che-cuda,_Z25localFreeEnergyFunctionalPA256_A256_KdPA256_A256_dddddddd,A100,Opus 4.6,True,0.16415
che-cuda,_Z25localFreeEnergyFunctionalPA256_A256_KdPA256_A256_dddddddd,H100,GPT OSS,False,0.0032211
che-cuda,_Z25localFreeEnergyFunctionalPA256_A256_KdPA256_A256_dddddddd,H100,GPT OSS,True,0.0039849
che-cuda,_Z25localFreeEnergyFunctionalPA256_A256_KdPA256_A256_dddddddd,H100,Opus 4.6,False,0.10694
che-cuda,_Z25localFreeEnergyFunctionalPA256_A256_KdPA256_A256_dddddddd,H100,Opus 4.6,True,0.146545
che-cuda,_Z4SwapPA256_A256_dS1_,3080,GPT OSS,False,0.00054618
che-cuda,_Z4SwapPA256_A256_dS1_,3080,GPT OSS,True,0.000576394
che-cuda,_Z4SwapPA256_A256_dS1_,3080,Opus 4.6,False,0.066445
che-cuda,_Z4SwapPA256_A256_dS1_,3080,Opus 4.6,True,0.07145
che-cuda,_Z4SwapPA256_A256_dS1_,A10,GPT OSS,False,0.000573194
che-cuda,_Z4SwapPA256_A256_dS1_,A10,GPT OSS,True,0.000550778
che-cuda,_Z4SwapPA256_A256_dS1_,A10,Opus 4.6,False,0.065315
che-cuda,_Z4SwapPA256_A256_dS1_,A10,Opus 4.6,True,0.07112
che-cuda,_Z4SwapPA256_A256_dS1_,A100,GPT OSS,False,0.000559061
che-cuda,_Z4SwapPA256_A256_dS1_,A100,GPT OSS,True,0.000600315
che-cuda,_Z4SwapPA256_A256_dS1_,A100,Opus 4.6,False,0.06348
che-cuda,_Z4SwapPA256_A256_dS1_,A100,Opus 4.6,True,0.076345
che-cuda,_Z4SwapPA256_A256_dS1_,H100,GPT OSS,False,0.000549522
che-cuda,_Z4SwapPA256_A256_dS1_,H100,Opus 4.6,False,0.061805
che-cuda,_Z4SwapPA256_A256_dS1_,H100,Opus 4.6,True,0.076695
che-omp,_Z12cahnHilliardPA256_A256_dPA256_A256_KdS5_ddddd_l157,3080,GPT OSS,False,0.0027108
che-omp,_Z12cahnHilliardPA256_A256_dPA256_A256_KdS5_ddddd_l157,3080,GPT OSS,True,0.0035661
che-omp,_Z12cahnHilliardPA256_A256_dPA256_A256_KdS5_ddddd_l157,3080,Opus 4.6,False,0.08135
che-omp,_Z12cahnHilliardPA256_A256_dPA256_A256_KdS5_ddddd_l157,A10,GPT OSS,False,0.0023061
che-omp,_Z12cahnHilliardPA256_A256_dPA256_A256_KdS5_ddddd_l157,A10,GPT OSS,True,0.0037854
che-omp,_Z12cahnHilliardPA256_A256_dPA256_A256_KdS5_ddddd_l157,A10,Opus 4.6,False,0.082925
che-omp,_Z12cahnHilliardPA256_A256_dPA256_A256_KdS5_ddddd_l157,A100,GPT OSS,False,0.00265215
che-omp,_Z12cahnHilliardPA256_A256_dPA256_A256_KdS5_ddddd_l157,A100,GPT OSS,True,0.00371865
che-omp,_Z12cahnHilliardPA256_A256_dPA256_A256_KdS5_ddddd_l157,A100,Opus 4.6,False,0.08134
che-omp,_Z12cahnHilliardPA256_A256_dPA256_A256_KdS5_ddddd_l157,H100,GPT OSS,False,0.0022698
che-omp,_Z12cahnHilliardPA256_A256_dPA256_A256_KdS5_ddddd_l157,H100,Opus 4.6,False,0.07709
che-omp,_Z17chemicalPotentialPA256_A256_KdPA256_A256_dddddddd_l108,3080,GPT OSS,False,0.000793517
che-omp,_Z17chemicalPotentialPA256_A256_KdPA256_A256_dddddddd_l108,3080,GPT OSS,True,0.00400725
che-omp,_Z17chemicalPotentialPA256_A256_KdPA256_A256_dddddddd_l108,3080,Opus 4.6,False,0.087155
che-omp,_Z17chemicalPotentialPA256_A256_KdPA256_A256_dddddddd_l108,A10,GPT OSS,False,0.000801643
che-omp,_Z17chemicalPotentialPA256_A256_KdPA256_A256_dddddddd_l108,A10,GPT OSS,True,0.00334635
che-omp,_Z17chemicalPotentialPA256_A256_KdPA256_A256_dddddddd_l108,A10,Opus 4.6,False,0.086555
che-omp,_Z17chemicalPotentialPA256_A256_KdPA256_A256_dddddddd_l108,A100,GPT OSS,False,0.00079112
che-omp,_Z17chemicalPotentialPA256_A256_KdPA256_A256_dddddddd_l108,A100,GPT OSS,True,0.0042264
che-omp,_Z17chemicalPotentialPA256_A256_KdPA256_A256_dddddddd_l108,A100,Opus 4.6,False,0.09032
che-omp,_Z17chemicalPotentialPA256_A256_KdPA256_A256_dddddddd_l108,H100,GPT OSS,False,0.000834781
che-omp,_Z17chemicalPotentialPA256_A256_KdPA256_A256_dddddddd_l108,H100,GPT OSS,True,0.00125827
che-omp,_Z17chemicalPotentialPA256_A256_KdPA256_A256_dddddddd_l108,H100,Opus 4.6,False,0.091395
che-omp,_Z4SwapPA256_A256_dS1__l169,3080,GPT OSS,False,0.00191625
che-omp,_Z4SwapPA256_A256_dS1__l169,3080,GPT OSS,True,0.000630343
che-omp,_Z4SwapPA256_A256_dS1__l169,3080,Opus 4.6,False,0.06518
che-omp,_Z4SwapPA256_A256_dS1__l169,A10,GPT OSS,False,0.00191715
che-omp,_Z4SwapPA256_A256_dS1__l169,A10,GPT OSS,True,0.000689009
che-omp,_Z4SwapPA256_A256_dS1__l169,A10,Opus 4.6,False,0.064905
che-omp,_Z4SwapPA256_A256_dS1__l169,A100,GPT OSS,False,0.0018714
che-omp,_Z4SwapPA256_A256_dS1__l169,A100,GPT OSS,True,0.000659949
che-omp,_Z4SwapPA256_A256_dS1__l169,A100,Opus 4.6,False,0.06602
che-omp,_Z4SwapPA256_A256_dS1__l169,H100,GPT OSS,False,0.00182865
che-omp,_Z4SwapPA256_A256_dS1__l169,H100,GPT OSS,True,0.000643737
che-omp,_Z4SwapPA256_A256_dS1__l169,H100,Opus 4.6,False,0.06697
chemv-cuda,_Z13chemv_kernel0P12ComplexFloatS0_S0_ffff,3080,GPT OSS,True,0.00527595
chemv-cuda,_Z13chemv_kernel0P12ComplexFloatS0_S0_ffff,3080,Opus 4.6,False,0.09916
chemv-cuda,_Z13chemv_kernel0P12ComplexFloatS0_S0_ffff,A10,GPT OSS,False,0.000827074
chemv-cuda,_Z13chemv_kernel0P12ComplexFloatS0_S0_ffff,A10,Opus 4.6,False,0.094795
chemv-cuda,_Z13chemv_kernel0P12ComplexFloatS0_S0_ffff,A100,GPT OSS,False,0.001445641
chemv-cuda,_Z13chemv_kernel0P12ComplexFloatS0_S0_ffff,A100,GPT OSS,True,0.0035364
chemv-cuda,_Z13chemv_kernel0P12ComplexFloatS0_S0_ffff,A100,Opus 4.6,False,0.094235
chemv-cuda,_Z13chemv_kernel0P12ComplexFloatS0_S0_ffff,H100,GPT OSS,False,0.000829052
chemv-cuda,_Z13chemv_kernel0P12ComplexFloatS0_S0_ffff,H100,GPT OSS,True,0.00457425
chemv-cuda,_Z13chemv_kernel0P12ComplexFloatS0_S0_ffff,H100,Opus 4.6,False,0.09226
chemv-cuda,_Z13chemv_kernel1P12ComplexFloatS0_S0_ff,3080,GPT OSS,True,0.001389583
chemv-cuda,_Z13chemv_kernel1P12ComplexFloatS0_S0_ff,3080,Opus 4.6,False,0.10196
chemv-cuda,_Z13chemv_kernel1P12ComplexFloatS0_S0_ff,A10,GPT OSS,False,0.00473145
chemv-cuda,_Z13chemv_kernel1P12ComplexFloatS0_S0_ff,A10,GPT OSS,True,0.001214588
chemv-cuda,_Z13chemv_kernel1P12ComplexFloatS0_S0_ff,A10,Opus 4.6,False,0.09687
chemv-cuda,_Z13chemv_kernel1P12ComplexFloatS0_S0_ff,A100,GPT OSS,False,0.0037311
chemv-cuda,_Z13chemv_kernel1P12ComplexFloatS0_S0_ff,A100,GPT OSS,True,0.001082856
chemv-cuda,_Z13chemv_kernel1P12ComplexFloatS0_S0_ff,A100,Opus 4.6,False,0.10466
chemv-cuda,_Z13chemv_kernel1P12ComplexFloatS0_S0_ff,H100,GPT OSS,False,0.001299677
chemv-cuda,_Z13chemv_kernel1P12ComplexFloatS0_S0_ff,H100,GPT OSS,True,0.0037731
chemv-cuda,_Z13chemv_kernel1P12ComplexFloatS0_S0_ff,H100,Opus 4.6,False,0.099835
chemv-omp,_Z13chemv_kernel0P12ComplexFloatS0_S0_ffff_l7,3080,GPT OSS,False,0.001221395
chemv-omp,_Z13chemv_kernel0P12ComplexFloatS0_S0_ffff_l7,3080,GPT OSS,True,0.001522142
chemv-omp,_Z13chemv_kernel0P12ComplexFloatS0_S0_ffff_l7,3080,Opus 4.6,False,0.10156
chemv-omp,_Z13chemv_kernel0P12ComplexFloatS0_S0_ffff_l7,A10,GPT OSS,True,0.001404488
chemv-omp,_Z13chemv_kernel0P12ComplexFloatS0_S0_ffff_l7,A10,Opus 4.6,False,0.094735
chemv-omp,_Z13chemv_kernel0P12ComplexFloatS0_S0_ffff_l7,A100,GPT OSS,False,0.001226408
chemv-omp,_Z13chemv_kernel0P12ComplexFloatS0_S0_ffff_l7,A100,GPT OSS,True,0.000966783
chemv-omp,_Z13chemv_kernel0P12ComplexFloatS0_S0_ffff_l7,A100,Opus 4.6,False,0.0928
chemv-omp,_Z13chemv_kernel0P12ComplexFloatS0_S0_ffff_l7,H100,GPT OSS,False,0.00377625
chemv-omp,_Z13chemv_kernel0P12ComplexFloatS0_S0_ffff_l7,H100,GPT OSS,True,0.001415733
chemv-omp,_Z13chemv_kernel0P12ComplexFloatS0_S0_ffff_l7,H100,Opus 4.6,False,0.09995
chi2-cuda,_Z10chi_kerneljjiiPKhPf,3080,GPT OSS,False,0.000655286
chi2-cuda,_Z10chi_kerneljjiiPKhPf,3080,GPT OSS,True,0.0047802
chi2-cuda,_Z10chi_kerneljjiiPKhPf,3080,Opus 4.6,False,0.09203
chi2-cuda,_Z10chi_kerneljjiiPKhPf,A10,GPT OSS,False,0.0006652
chi2-cuda,_Z10chi_kerneljjiiPKhPf,A10,GPT OSS,True,0.0043884
chi2-cuda,_Z10chi_kerneljjiiPKhPf,A10,Opus 4.6,False,0.072325
chi2-cuda,_Z10chi_kerneljjiiPKhPf,A100,GPT OSS,False,0.000576777
chi2-cuda,_Z10chi_kerneljjiiPKhPf,A100,GPT OSS,True,0.00487845
chi2-cuda,_Z10chi_kerneljjiiPKhPf,A100,Opus 4.6,False,0.080115
chi2-cuda,_Z10chi_kerneljjiiPKhPf,H100,GPT OSS,False,0.000693018
chi2-cuda,_Z10chi_kerneljjiiPKhPf,H100,Opus 4.6,False,0.08084
chi2-omp,main_l55,3080,GPT OSS,False,0.0022146
chi2-omp,main_l55,3080,GPT OSS,True,0.001151691
chi2-omp,main_l55,3080,Opus 4.6,False,0.07312
chi2-omp,main_l55,A10,GPT OSS,False,0.0019947
chi2-omp,main_l55,A10,GPT OSS,True,0.001175587
chi2-omp,main_l55,A10,Opus 4.6,False,0.08347
chi2-omp,main_l55,A100,GPT OSS,False,0.00207795
chi2-omp,main_l55,A100,GPT OSS,True,0.001226412
chi2-omp,main_l55,A100,Opus 4.6,False,0.081135
chi2-omp,main_l55,H100,GPT OSS,False,0.0023676
chi2-omp,main_l55,H100,GPT OSS,True,0.001149775
chi2-omp,main_l55,H100,Opus 4.6,False,0.07971
clenergy-cuda,_Z7cenergyifPfPK6float4,3080,GPT OSS,False,0.000778144
clenergy-cuda,_Z7cenergyifPfPK6float4,3080,GPT OSS,True,0.00378585
clenergy-cuda,_Z7cenergyifPfPK6float4,A10,GPT OSS,False,0.000757619
clenergy-cuda,_Z7cenergyifPfPK6float4,A10,GPT OSS,True,0.0037425
clenergy-cuda,_Z7cenergyifPfPK6float4,A100,GPT OSS,False,0.000876486
clenergy-cuda,_Z7cenergyifPfPK6float4,A100,GPT OSS,True,0.0032586
clenergy-cuda,_Z7cenergyifPfPK6float4,H100,GPT OSS,False,0.000659657
clenergy-cuda,_Z7cenergyifPfPK6float4,H100,GPT OSS,True,0.00402795
clenergy-omp,main_l148,3080,GPT OSS,False,0.000686348
clenergy-omp,main_l148,3080,GPT OSS,True,0.000830807
clenergy-omp,main_l148,A10,GPT OSS,False,0.000736157
clenergy-omp,main_l148,A100,GPT OSS,False,0.000785674
clenergy-omp,main_l148,A100,GPT OSS,True,0.000969653
clenergy-omp,main_l148,H100,GPT OSS,False,0.000894315
clenergy-omp,main_l148,H100,GPT OSS,True,0.001123938
clenergy-omp,main_l176,3080,GPT OSS,False,0.000754938
clenergy-omp,main_l176,3080,GPT OSS,True,0.0051147
clenergy-omp,main_l176,A10,GPT OSS,False,0.000827927
clenergy-omp,main_l176,A10,GPT OSS,True,0.00526755
clenergy-omp,main_l176,A100,GPT OSS,False,0.000775794
clenergy-omp,main_l176,A100,GPT OSS,True,0.00496125
clenergy-omp,main_l176,H100,GPT OSS,False,0.000932885
clenergy-omp,main_l176,H100,GPT OSS,True,0.0049086
clock-cuda,_Z14timedReductionPKfPfPl,3080,GPT OSS,False,0.0017427
clock-cuda,_Z14timedReductionPKfPfPl,3080,GPT OSS,True,0.000650476
clock-cuda,_Z14timedReductionPKfPfPl,A10,GPT OSS,False,0.00051731
clock-cuda,_Z14timedReductionPKfPfPl,A10,GPT OSS,True,0.00058553
clock-cuda,_Z14timedReductionPKfPfPl,A100,GPT OSS,False,0.000518187
clock-cuda,_Z14timedReductionPKfPfPl,A100,GPT OSS,True,0.000604955
clock-cuda,_Z14timedReductionPKfPfPl,H100,GPT OSS,False,0.000539618
clock-cuda,_Z14timedReductionPKfPfPl,H100,GPT OSS,True,0.000608885
cmembench-cuda,_Z18benchmark_constantI4int2EvPii,3080,GPT OSS,False,0.00165615
cmembench-cuda,_Z18benchmark_constantI4int2EvPii,A10,GPT OSS,True,0.00201435
cmembench-cuda,_Z18benchmark_constantI4int2EvPii,A100,GPT OSS,False,0.001236
cmembench-cuda,_Z18benchmark_constantI4int2EvPii,A100,GPT OSS,True,0.0019668
cmembench-cuda,_Z18benchmark_constantI4int2EvPii,H100,GPT OSS,True,0.00194025
cmembench-cuda,_Z18benchmark_constantI4int4EvPii,3080,GPT OSS,False,0.000538547
cmembench-cuda,_Z18benchmark_constantI4int4EvPii,3080,GPT OSS,True,0.000593525
cmembench-cuda,_Z18benchmark_constantI4int4EvPii,A10,GPT OSS,False,0.000503241
cmembench-cuda,_Z18benchmark_constantI4int4EvPii,A10,GPT OSS,True,0.000573229
cmembench-cuda,_Z18benchmark_constantI4int4EvPii,A100,GPT OSS,False,0.000454148
cmembench-cuda,_Z18benchmark_constantI4int4EvPii,A100,GPT OSS,True,0.000576338
cmembench-cuda,_Z18benchmark_constantI4int4EvPii,H100,GPT OSS,False,0.000468549
cmembench-cuda,_Z18benchmark_constantI4int4EvPii,H100,GPT OSS,True,0.000669329
cmembench-cuda,_Z18benchmark_constantIiEvPii,3080,GPT OSS,True,0.000451149
cmembench-cuda,_Z18benchmark_constantIiEvPii,A10,GPT OSS,False,0.00144855
cmembench-cuda,_Z18benchmark_constantIiEvPii,A10,GPT OSS,True,0.000544093
cmembench-cuda,_Z18benchmark_constantIiEvPii,A100,GPT OSS,True,0.000637096
cmembench-cuda,_Z18benchmark_constantIiEvPii,H100,GPT OSS,True,0.000549659
cobahh-cuda,_Z6cobahhPfS_S_S_S_S_PKfPciffiffffffffffffffffffffffffffffffff,3080,GPT OSS,False,0.001161288
cobahh-cuda,_Z6cobahhPfS_S_S_S_S_PKfPciffiffffffffffffffffffffffffffffffff,3080,GPT OSS,True,0.0055731
cobahh-cuda,_Z6cobahhPfS_S_S_S_S_PKfPciffiffffffffffffffffffffffffffffffff,A10,GPT OSS,False,0.001251382
cobahh-cuda,_Z6cobahhPfS_S_S_S_S_PKfPciffiffffffffffffffffffffffffffffffff,A100,GPT OSS,False,0.001254919
cobahh-cuda,_Z6cobahhPfS_S_S_S_S_PKfPciffiffffffffffffffffffffffffffffffff,A100,GPT OSS,True,0.0060957
cobahh-cuda,_Z6cobahhPfS_S_S_S_S_PKfPciffiffffffffffffffffffffffffffffffff,H100,GPT OSS,False,0.00135292
cobahh-cuda,_Z6cobahhPfS_S_S_S_S_PKfPciffiffffffffffffffffffffffffffffffff,H100,GPT OSS,True,0.00534555
cobahh-omp,_Z24neurongroup_stateupdaterPfS_S_S_S_S_S_S_S_Pcii_l73,3080,GPT OSS,False,0.00537255
cobahh-omp,_Z24neurongroup_stateupdaterPfS_S_S_S_S_S_S_S_Pcii_l73,3080,GPT OSS,True,0.001550731
cobahh-omp,_Z24neurongroup_stateupdaterPfS_S_S_S_S_S_S_S_Pcii_l73,A10,GPT OSS,False,0.00594525
cobahh-omp,_Z24neurongroup_stateupdaterPfS_S_S_S_S_S_S_S_Pcii_l73,A10,GPT OSS,True,0.001740687
cobahh-omp,_Z24neurongroup_stateupdaterPfS_S_S_S_S_S_S_S_Pcii_l73,A100,GPT OSS,False,0.0058629
cobahh-omp,_Z24neurongroup_stateupdaterPfS_S_S_S_S_S_S_S_Pcii_l73,A100,GPT OSS,True,0.001825013
cobahh-omp,_Z24neurongroup_stateupdaterPfS_S_S_S_S_S_S_S_Pcii_l73,H100,GPT OSS,False,0.00545535
cobahh-omp,_Z24neurongroup_stateupdaterPfS_S_S_S_S_S_S_S_Pcii_l73,H100,GPT OSS,True,0.002038219
collision-cuda,_Z15checkDuplicatesiPKi,3080,GPT OSS,False,0.000485189
collision-cuda,_Z15checkDuplicatesiPKi,A100,GPT OSS,False,0.0005963
collision-cuda,_Z15checkDuplicatesiPKi,A100,GPT OSS,True,0.00212685
collision-cuda,_Z15checkDuplicatesiPKi,H100,GPT OSS,False,0.000434381
collision-cuda,_Z18checkDuplicateMaskiPKi,3080,GPT OSS,False,0.000443087
collision-cuda,_Z18checkDuplicateMaskiPKi,3080,GPT OSS,True,0.00591285
collision-cuda,_Z18checkDuplicateMaskiPKi,A10,GPT OSS,False,0.000435141
collision-cuda,_Z18checkDuplicateMaskiPKi,A10,GPT OSS,True,0.00599145
collision-cuda,_Z18checkDuplicateMaskiPKi,A100,GPT OSS,False,0.000532538
collision-cuda,_Z18checkDuplicateMaskiPKi,A100,GPT OSS,True,0.00763455
collision-cuda,_Z18checkDuplicateMaskiPKi,H100,GPT OSS,False,0.000440159
colorwheel-cuda,_Z5colorPhiiff,3080,GPT OSS,False,0.000674727
colorwheel-cuda,_Z5colorPhiiff,3080,GPT OSS,True,0.00463575
colorwheel-cuda,_Z5colorPhiiff,A10,GPT OSS,True,0.00443295
colorwheel-cuda,_Z5colorPhiiff,A100,GPT OSS,False,0.000701288
colorwheel-cuda,_Z5colorPhiiff,A100,GPT OSS,True,0.00465075
colorwheel-cuda,_Z5colorPhiiff,H100,GPT OSS,False,0.000733549
colorwheel-cuda,_Z5colorPhiiff,H100,GPT OSS,True,0.00464565
colorwheel-omp,main_l106,3080,GPT OSS,False,0.000718502
colorwheel-omp,main_l106,A10,GPT OSS,False,0.000711618
colorwheel-omp,main_l106,A10,GPT OSS,True,0.001475316
colorwheel-omp,main_l106,A100,GPT OSS,False,0.00252225
colorwheel-omp,main_l106,H100,GPT OSS,False,0.0018909
complex-cuda,_Z13complex_floatPci,3080,GPT OSS,False,0.001077439
complex-cuda,_Z13complex_floatPci,3080,GPT OSS,True,0.0065172
complex-cuda,_Z13complex_floatPci,A10,GPT OSS,False,0.00395775
complex-cuda,_Z13complex_floatPci,A10,GPT OSS,True,0.0068874
complex-cuda,_Z13complex_floatPci,A100,GPT OSS,False,0.0040056
complex-cuda,_Z13complex_floatPci,A100,GPT OSS,True,0.00708225
complex-cuda,_Z14complex_doublePci,3080,GPT OSS,False,0.001104419
complex-cuda,_Z14complex_doublePci,3080,GPT OSS,True,0.0071868
complex-cuda,_Z14complex_doublePci,A10,GPT OSS,False,0.001095523
complex-cuda,_Z14complex_doublePci,A10,GPT OSS,True,0.00189809
complex-cuda,_Z14complex_doublePci,A100,GPT OSS,False,0.00097176
complex-cuda,_Z14complex_doublePci,H100,GPT OSS,False,0.001113271
complex-cuda,_Z14complex_doublePci,H100,GPT OSS,True,0.001975341
complex-cuda,_Z17ref_complex_floatPci,3080,GPT OSS,False,0.001207058
complex-cuda,_Z17ref_complex_floatPci,3080,GPT OSS,True,0.00646365
complex-cuda,_Z17ref_complex_floatPci,A10,GPT OSS,False,0.001177832
complex-cuda,_Z17ref_complex_floatPci,A10,GPT OSS,True,0.00641685
complex-cuda,_Z17ref_complex_floatPci,A100,GPT OSS,False,0.001201699
complex-cuda,_Z17ref_complex_floatPci,A100,GPT OSS,True,0.0067989
complex-cuda,_Z17ref_complex_floatPci,H100,GPT OSS,False,0.00129761
complex-cuda,_Z17ref_complex_floatPci,H100,GPT OSS,True,0.0070317
complex-cuda,_Z18ref_complex_doublePci,3080,GPT OSS,False,0.001176468
complex-cuda,_Z18ref_complex_doublePci,3080,GPT OSS,True,0.0072153
complex-cuda,_Z18ref_complex_doublePci,A10,GPT OSS,False,0.001325842
complex-cuda,_Z18ref_complex_doublePci,A10,GPT OSS,True,0.0070545
complex-cuda,_Z18ref_complex_doublePci,A100,GPT OSS,False,0.001098339
complex-cuda,_Z18ref_complex_doublePci,A100,GPT OSS,True,0.00754965
complex-cuda,_Z18ref_complex_doublePci,H100,GPT OSS,False,0.00115644
complex-cuda,_Z18ref_complex_doublePci,H100,GPT OSS,True,0.0069867
complex-omp,_Z13complex_floatPci_l42,3080,GPT OSS,False,0.001175722
complex-omp,_Z13complex_floatPci_l42,3080,GPT OSS,True,0.0061629
complex-omp,_Z13complex_floatPci_l42,A10,GPT OSS,False,0.001173208
complex-omp,_Z13complex_floatPci_l42,A10,GPT OSS,True,0.0060354
complex-omp,_Z13complex_floatPci_l42,A100,GPT OSS,False,0.001216835
complex-omp,_Z13complex_floatPci_l42,A100,GPT OSS,True,0.00614145
complex-omp,_Z13complex_floatPci_l42,H100,GPT OSS,False,0.001323576
complex-omp,_Z13complex_floatPci_l42,H100,GPT OSS,True,0.0063111
compute-score-cuda,_Z7computePKjS0_PKmS2_S0_PjS3_,3080,GPT OSS,False,0.000925141
compute-score-cuda,_Z7computePKjS0_PKmS2_S0_PjS3_,3080,GPT OSS,True,0.001463797
compute-score-cuda,_Z7computePKjS0_PKmS2_S0_PjS3_,A10,GPT OSS,False,0.000898536
compute-score-cuda,_Z7computePKjS0_PKmS2_S0_PjS3_,A10,GPT OSS,True,0.0054387
compute-score-cuda,_Z7computePKjS0_PKmS2_S0_PjS3_,A100,GPT OSS,False,0.000880223
compute-score-cuda,_Z7computePKjS0_PKmS2_S0_PjS3_,H100,GPT OSS,False,0.001111414
compute-score-cuda,_Z7computePKjS0_PKmS2_S0_PjS3_,H100,GPT OSS,True,0.00153757
compute-score-cuda,_Z9reductionPKmPKjS2_Pm,3080,GPT OSS,False,0.000799497
compute-score-cuda,_Z9reductionPKmPKjS2_Pm,3080,GPT OSS,True,0.00083967
compute-score-cuda,_Z9reductionPKmPKjS2_Pm,A10,GPT OSS,False,0.000794172
compute-score-cuda,_Z9reductionPKmPKjS2_Pm,A10,GPT OSS,True,0.000891535
compute-score-cuda,_Z9reductionPKmPKjS2_Pm,A100,GPT OSS,False,0.000881119
compute-score-cuda,_Z9reductionPKmPKjS2_Pm,A100,GPT OSS,True,0.000882601
compute-score-cuda,_Z9reductionPKmPKjS2_Pm,H100,GPT OSS,False,0.00083586
compute-score-cuda,_Z9reductionPKmPKjS2_Pm,H100,GPT OSS,True,0.000877305
compute-score-omp,main_l318,3080,GPT OSS,False,0.000959921
compute-score-omp,main_l318,A10,GPT OSS,False,0.00094855
compute-score-omp,main_l318,A10,GPT OSS,True,0.001328683
compute-score-omp,main_l318,A100,GPT OSS,False,0.000865637
compute-score-omp,main_l318,A100,GPT OSS,True,0.0048594
compute-score-omp,main_l318,H100,GPT OSS,False,0.000883078
compute-score-omp,main_l318,H100,GPT OSS,True,0.001460987
concat-cuda,_Z6concatIfEvPKT_S2_PS0_iiii,3080,GPT OSS,False,0.0005724
concat-cuda,_Z6concatIfEvPKT_S2_PS0_iiii,A10,GPT OSS,False,0.000510494
concat-cuda,_Z6concatIfEvPKT_S2_PS0_iiii,A10,GPT OSS,True,0.000579218
concat-cuda,_Z6concatIfEvPKT_S2_PS0_iiii,A100,GPT OSS,False,0.000458931
concat-cuda,_Z6concatIfEvPKT_S2_PS0_iiii,A100,GPT OSS,True,0.000605945
concat-cuda,_Z6concatIfEvPKT_S2_PS0_iiii,H100,GPT OSS,False,0.000520262
concat-cuda,_Z6concatIfEvPKT_S2_PS0_iiii,H100,GPT OSS,True,0.000634319
concat-omp,_Z6concatIfEvPKT_S2_PS0_iiii_l16,3080,GPT OSS,True,0.0007013
concat-omp,_Z6concatIfEvPKT_S2_PS0_iiii_l16,A10,GPT OSS,False,0.000567621
concat-omp,_Z6concatIfEvPKT_S2_PS0_iiii_l16,A10,GPT OSS,True,0.000699356
concat-omp,_Z6concatIfEvPKT_S2_PS0_iiii_l16,H100,GPT OSS,False,0.000627359
concat-omp,_Z6concatIfEvPKT_S2_PS0_iiii_l16,H100,GPT OSS,True,0.000794124
conversion-cuda,_Z3cvtI6__half13__nv_bfloat16EvPT_PKT0_i,3080,GPT OSS,False,0.000404655
conversion-cuda,_Z3cvtI6__half13__nv_bfloat16EvPT_PKT0_i,3080,GPT OSS,True,0.000429831
conversion-cuda,_Z3cvtI6__half13__nv_bfloat16EvPT_PKT0_i,A10,GPT OSS,False,0.000418749
conversion-cuda,_Z3cvtI6__half13__nv_bfloat16EvPT_PKT0_i,A10,GPT OSS,True,0.000473755
conversion-cuda,_Z3cvtI6__half13__nv_bfloat16EvPT_PKT0_i,A100,GPT OSS,False,0.000412406
conversion-cuda,_Z3cvtI6__half13__nv_bfloat16EvPT_PKT0_i,A100,GPT OSS,True,0.00044262
conversion-cuda,_Z3cvtI6__half13__nv_bfloat16EvPT_PKT0_i,H100,GPT OSS,False,0.000463287
conversion-cuda,_Z3cvtI6__half13__nv_bfloat16EvPT_PKT0_i,H100,GPT OSS,True,0.000437267
conversion-cuda,_Z3cvtI6__halfS0_EvPT_PKT0_i,3080,GPT OSS,False,0.000401951
conversion-cuda,_Z3cvtI6__halfS0_EvPT_PKT0_i,A10,GPT OSS,False,0.000432005
conversion-cuda,_Z3cvtI6__halfS0_EvPT_PKT0_i,A100,GPT OSS,False,0.000425092
conversion-cuda,_Z3cvtI6__halfS0_EvPT_PKT0_i,A100,GPT OSS,True,0.000625588
conversion-cuda,_Z3cvtI6__halfS0_EvPT_PKT0_i,H100,GPT OSS,False,0.000455643
conversion-cuda,_Z3cvtI6__halfS0_EvPT_PKT0_i,H100,GPT OSS,True,0.000432774
conversion-cuda,_Z3cvtIc13__nv_bfloat16EvPT_PKT0_i,3080,GPT OSS,True,0.000543367
conversion-cuda,_Z3cvtIc13__nv_bfloat16EvPT_PKT0_i,A10,GPT OSS,True,0.000571901
conversion-cuda,_Z3cvtIc13__nv_bfloat16EvPT_PKT0_i,A100,GPT OSS,False,0.00166005
conversion-cuda,_Z3cvtIc13__nv_bfloat16EvPT_PKT0_i,A100,GPT OSS,True,0.000613687
conversion-cuda,_Z3cvtIc13__nv_bfloat16EvPT_PKT0_i,H100,GPT OSS,False,0.0015525
conversion-cuda,_Z3cvtIf13__nv_bfloat16EvPT_PKT0_i,3080,GPT OSS,False,0.0014646
conversion-cuda,_Z3cvtIf13__nv_bfloat16EvPT_PKT0_i,3080,GPT OSS,True,0.00047009
conversion-cuda,_Z3cvtIf13__nv_bfloat16EvPT_PKT0_i,A10,GPT OSS,True,0.000480384
conversion-cuda,_Z3cvtIf13__nv_bfloat16EvPT_PKT0_i,A100,GPT OSS,False,0.000447551
conversion-cuda,_Z3cvtIf13__nv_bfloat16EvPT_PKT0_i,A100,GPT OSS,True,0.000565018
conversion-cuda,_Z3cvtIf13__nv_bfloat16EvPT_PKT0_i,H100,GPT OSS,False,0.000405902
conversion-cuda,_Z3cvtIf13__nv_bfloat16EvPT_PKT0_i,H100,GPT OSS,True,0.000512779
conversion-cuda,_Z3cvtIf6__halfEvPT_PKT0_i,3080,GPT OSS,False,0.000483266
conversion-cuda,_Z3cvtIf6__halfEvPT_PKT0_i,3080,GPT OSS,True,0.000566614
conversion-cuda,_Z3cvtIf6__halfEvPT_PKT0_i,A10,GPT OSS,False,0.0004472
conversion-cuda,_Z3cvtIf6__halfEvPT_PKT0_i,A10,GPT OSS,True,0.000469558
conversion-cuda,_Z3cvtIf6__halfEvPT_PKT0_i,A100,GPT OSS,False,0.000457577
conversion-cuda,_Z3cvtIf6__halfEvPT_PKT0_i,A100,GPT OSS,True,0.000657362
conversion-cuda,_Z3cvtIf6__halfEvPT_PKT0_i,H100,GPT OSS,False,0.000536958
conversion-cuda,_Z3cvtIf6__halfEvPT_PKT0_i,H100,GPT OSS,True,0.000512705
conversion-cuda,_Z3cvtIh13__nv_bfloat16EvPT_PKT0_i,3080,GPT OSS,False,0.000506568
conversion-cuda,_Z3cvtIh13__nv_bfloat16EvPT_PKT0_i,3080,GPT OSS,True,0.000506288
conversion-cuda,_Z3cvtIh13__nv_bfloat16EvPT_PKT0_i,A10,GPT OSS,False,0.0014979
conversion-cuda,_Z3cvtIh13__nv_bfloat16EvPT_PKT0_i,A10,GPT OSS,True,0.000485612
conversion-cuda,_Z3cvtIh13__nv_bfloat16EvPT_PKT0_i,A100,GPT OSS,False,0.000423309
conversion-cuda,_Z3cvtIh13__nv_bfloat16EvPT_PKT0_i,A100,GPT OSS,True,0.000731195
conversion-cuda,_Z3cvtIh13__nv_bfloat16EvPT_PKT0_i,H100,GPT OSS,False,0.00043163
conversion-cuda,_Z3cvtIh13__nv_bfloat16EvPT_PKT0_i,H100,GPT OSS,True,0.000544301
conversion-cuda,_Z3cvtIi13__nv_bfloat16EvPT_PKT0_i,3080,GPT OSS,False,0.00042327
conversion-cuda,_Z3cvtIi13__nv_bfloat16EvPT_PKT0_i,3080,GPT OSS,True,0.000463452
conversion-cuda,_Z3cvtIi13__nv_bfloat16EvPT_PKT0_i,A10,GPT OSS,False,0.000425584
conversion-cuda,_Z3cvtIi13__nv_bfloat16EvPT_PKT0_i,A10,GPT OSS,True,0.000516686
conversion-cuda,_Z3cvtIi13__nv_bfloat16EvPT_PKT0_i,A100,GPT OSS,False,0.00163065
conversion-cuda,_Z3cvtIi13__nv_bfloat16EvPT_PKT0_i,A100,GPT OSS,True,0.00051791
conversion-cuda,_Z3cvtIi13__nv_bfloat16EvPT_PKT0_i,H100,GPT OSS,False,0.000427752
conversion-cuda,_Z3cvtIi13__nv_bfloat16EvPT_PKT0_i,H100,GPT OSS,True,0.000516842
conversion-cuda,_Z3cvtIi6__halfEvPT_PKT0_i,3080,GPT OSS,False,0.000473956
conversion-cuda,_Z3cvtIi6__halfEvPT_PKT0_i,3080,GPT OSS,True,0.000409898
conversion-cuda,_Z3cvtIi6__halfEvPT_PKT0_i,A10,GPT OSS,False,0.00048064
conversion-cuda,_Z3cvtIi6__halfEvPT_PKT0_i,A10,GPT OSS,True,0.000439382
conversion-cuda,_Z3cvtIi6__halfEvPT_PKT0_i,A100,GPT OSS,False,0.000483037
conversion-cuda,_Z3cvtIi6__halfEvPT_PKT0_i,A100,GPT OSS,True,0.000550616
conversion-cuda,_Z3cvtIi6__halfEvPT_PKT0_i,H100,GPT OSS,False,0.000437588
conversion-cuda,_Z3cvtIi6__halfEvPT_PKT0_i,H100,GPT OSS,True,0.000420589
conversion-omp,_Z7convertIcfEvii_l27,3080,GPT OSS,True,0.000583745
conversion-omp,_Z7convertIcfEvii_l27,A10,GPT OSS,False,0.000440963
conversion-omp,_Z7convertIcfEvii_l27,A100,GPT OSS,False,0.00040726
conversion-omp,_Z7convertIcfEvii_l27,A100,GPT OSS,True,0.000556063
conversion-omp,_Z7convertIcfEvii_l27,H100,GPT OSS,False,0.000483221
conversion-omp,_Z7convertIcfEvii_l27,H100,GPT OSS,True,0.00063105
conversion-omp,_Z7convertIffEvii_l20,3080,GPT OSS,False,0.000399967
conversion-omp,_Z7convertIffEvii_l20,3080,GPT OSS,True,0.0018732
conversion-omp,_Z7convertIffEvii_l20,A10,GPT OSS,False,0.00139425
conversion-omp,_Z7convertIffEvii_l20,A10,GPT OSS,True,0.00051004
conversion-omp,_Z7convertIffEvii_l20,A100,GPT OSS,False,0.00047699
conversion-omp,_Z7convertIffEvii_l20,A100,GPT OSS,True,0.0018771
conversion-omp,_Z7convertIffEvii_l20,H100,GPT OSS,False,0.000394111
conversion-omp,_Z7convertIffEvii_l20,H100,GPT OSS,True,0.000606599
conversion-omp,_Z7convertIffEvii_l27,3080,GPT OSS,True,0.000471134
conversion-omp,_Z7convertIffEvii_l27,A10,GPT OSS,False,0.000433743
conversion-omp,_Z7convertIffEvii_l27,A10,GPT OSS,True,0.00050966
conversion-omp,_Z7convertIffEvii_l27,A100,GPT OSS,False,0.0013455
conversion-omp,_Z7convertIffEvii_l27,A100,GPT OSS,True,0.000490382
conversion-omp,_Z7convertIffEvii_l27,H100,GPT OSS,False,0.00132915
conversion-omp,_Z7convertIffEvii_l27,H100,GPT OSS,True,0.000659989
conversion-omp,_Z7convertIhfEvii_l27,3080,GPT OSS,False,0.000422236
conversion-omp,_Z7convertIhfEvii_l27,3080,GPT OSS,True,0.000557944
conversion-omp,_Z7convertIhfEvii_l27,A10,GPT OSS,False,0.000403572
conversion-omp,_Z7convertIhfEvii_l27,A10,GPT OSS,True,0.00057519
conversion-omp,_Z7convertIhfEvii_l27,A100,GPT OSS,False,0.000405209
conversion-omp,_Z7convertIhfEvii_l27,H100,GPT OSS,False,0.00048003
conversion-omp,_Z7convertIifEvii_l27,3080,GPT OSS,False,0.00152475
conversion-omp,_Z7convertIifEvii_l27,3080,GPT OSS,True,0.000574031
conversion-omp,_Z7convertIifEvii_l27,A10,GPT OSS,True,0.000521357
conversion-omp,_Z7convertIifEvii_l27,A100,GPT OSS,True,0.000535139
conversion-omp,_Z7convertIifEvii_l27,H100,GPT OSS,False,0.00143835
conversion-omp,_Z7convertIifEvii_l27,H100,GPT OSS,True,0.000582576
convolution1D-cuda,_Z12conv1d_tiledIdEvPKT_PS0_ii,3080,GPT OSS,False,0.00146295
convolution1D-cuda,_Z12conv1d_tiledIdEvPKT_PS0_ii,3080,GPT OSS,True,0.000943603
convolution1D-cuda,_Z12conv1d_tiledIdEvPKT_PS0_ii,A10,GPT OSS,False,0.00174255
convolution1D-cuda,_Z12conv1d_tiledIdEvPKT_PS0_ii,A10,GPT OSS,True,0.000804557
convolution1D-cuda,_Z12conv1d_tiledIdEvPKT_PS0_ii,A100,GPT OSS,False,0.0019524
convolution1D-cuda,_Z12conv1d_tiledIdEvPKT_PS0_ii,A100,GPT OSS,True,0.000798463
convolution1D-cuda,_Z12conv1d_tiledIdEvPKT_PS0_ii,H100,GPT OSS,False,0.00245985
convolution1D-cuda,_Z12conv1d_tiledIdEvPKT_PS0_ii,H100,GPT OSS,True,0.000903544
convolution1D-cuda,_Z20conv1d_tiled_cachingIdEvPKT_PS0_ii,3080,GPT OSS,False,0.00250815
convolution1D-cuda,_Z20conv1d_tiled_cachingIdEvPKT_PS0_ii,3080,GPT OSS,True,0.000841678
convolution1D-cuda,_Z20conv1d_tiled_cachingIdEvPKT_PS0_ii,A10,GPT OSS,False,0.00228075
convolution1D-cuda,_Z20conv1d_tiled_cachingIdEvPKT_PS0_ii,A10,GPT OSS,True,0.000822522
convolution1D-cuda,_Z20conv1d_tiled_cachingIdEvPKT_PS0_ii,A100,GPT OSS,False,0.003159
convolution1D-cuda,_Z20conv1d_tiled_cachingIdEvPKT_PS0_ii,A100,GPT OSS,True,0.00078325
convolution1D-cuda,_Z20conv1d_tiled_cachingIdEvPKT_PS0_ii,H100,GPT OSS,False,0.000684493
convolution1D-cuda,_Z20conv1d_tiled_cachingIdEvPKT_PS0_ii,H100,GPT OSS,True,0.000907683
convolution1D-cuda,_Z6conv1dIdEvPKT_PS0_ii,3080,GPT OSS,False,0.00203475
convolution1D-cuda,_Z6conv1dIdEvPKT_PS0_ii,3080,GPT OSS,True,0.000650748
convolution1D-cuda,_Z6conv1dIdEvPKT_PS0_ii,A10,GPT OSS,False,0.00221055
convolution1D-cuda,_Z6conv1dIdEvPKT_PS0_ii,A10,GPT OSS,True,0.000794232
convolution1D-cuda,_Z6conv1dIdEvPKT_PS0_ii,A100,GPT OSS,False,0.00058637
convolution1D-cuda,_Z6conv1dIdEvPKT_PS0_ii,A100,GPT OSS,True,0.000717156
convolution1D-cuda,_Z6conv1dIdEvPKT_PS0_ii,H100,GPT OSS,False,0.000696721
convolution1D-cuda,_Z6conv1dIdEvPKT_PS0_ii,H100,GPT OSS,True,0.000771845
convolution1D-omp,_Z12conv1d_tiledIdEvPKT_S2_PS0_ii_l45,3080,GPT OSS,False,0.0025602
convolution1D-omp,_Z12conv1d_tiledIdEvPKT_S2_PS0_ii_l45,3080,GPT OSS,True,0.001221203
convolution1D-omp,_Z12conv1d_tiledIdEvPKT_S2_PS0_ii_l45,A10,GPT OSS,False,0.0023049
convolution1D-omp,_Z12conv1d_tiledIdEvPKT_S2_PS0_ii_l45,A10,GPT OSS,True,0.001254409
convolution1D-omp,_Z12conv1d_tiledIdEvPKT_S2_PS0_ii_l45,A100,GPT OSS,False,0.00228315
convolution1D-omp,_Z12conv1d_tiledIdEvPKT_S2_PS0_ii_l45,A100,GPT OSS,True,0.00116589
convolution1D-omp,_Z12conv1d_tiledIdEvPKT_S2_PS0_ii_l45,H100,GPT OSS,False,0.002094
convolution1D-omp,_Z12conv1d_tiledIdEvPKT_S2_PS0_ii_l45,H100,GPT OSS,True,0.001315637
convolution1D-omp,_Z20conv1d_tiled_cachingIdEvPKT_S2_PS0_ii_l88,3080,GPT OSS,False,0.0025332
convolution1D-omp,_Z20conv1d_tiled_cachingIdEvPKT_S2_PS0_ii_l88,3080,GPT OSS,True,0.00504631
convolution1D-omp,_Z20conv1d_tiled_cachingIdEvPKT_S2_PS0_ii_l88,A10,GPT OSS,False,0.00079572
convolution1D-omp,_Z20conv1d_tiled_cachingIdEvPKT_S2_PS0_ii_l88,A10,GPT OSS,True,0.00518322
convolution1D-omp,_Z20conv1d_tiled_cachingIdEvPKT_S2_PS0_ii_l88,A100,GPT OSS,False,0.00337875
convolution1D-omp,_Z20conv1d_tiled_cachingIdEvPKT_S2_PS0_ii_l88,A100,GPT OSS,True,0.00359565
convolution1D-omp,_Z20conv1d_tiled_cachingIdEvPKT_S2_PS0_ii_l88,H100,GPT OSS,False,0.0028362
convolution1D-omp,_Z20conv1d_tiled_cachingIdEvPKT_S2_PS0_ii_l88,H100,GPT OSS,True,0.001353003
convolution1D-omp,_Z6conv1dIdEvPKT_S2_PS0_ii_l25,3080,GPT OSS,False,0.000743012
convolution1D-omp,_Z6conv1dIdEvPKT_S2_PS0_ii_l25,3080,GPT OSS,True,0.001535936
convolution1D-omp,_Z6conv1dIdEvPKT_S2_PS0_ii_l25,A10,GPT OSS,False,0.000667158
convolution1D-omp,_Z6conv1dIdEvPKT_S2_PS0_ii_l25,A10,GPT OSS,True,0.001560022
convolution1D-omp,_Z6conv1dIdEvPKT_S2_PS0_ii_l25,A100,GPT OSS,True,0.001549883
convolution1D-omp,_Z6conv1dIdEvPKT_S2_PS0_ii_l25,H100,GPT OSS,True,0.001598916
convolution3D-cuda,_Z9conv3d_s1IfEvPKT_S2_PS0_iiiiiiii,3080,GPT OSS,False,0.002097
convolution3D-cuda,_Z9conv3d_s1IfEvPKT_S2_PS0_iiiiiiii,3080,GPT OSS,True,0.00294765
convolution3D-cuda,_Z9conv3d_s1IfEvPKT_S2_PS0_iiiiiiii,A10,GPT OSS,False,0.002118
convolution3D-cuda,_Z9conv3d_s1IfEvPKT_S2_PS0_iiiiiiii,A10,GPT OSS,True,0.000831149
convolution3D-cuda,_Z9conv3d_s1IfEvPKT_S2_PS0_iiiiiiii,A100,GPT OSS,False,0.000570613
convolution3D-cuda,_Z9conv3d_s1IfEvPKT_S2_PS0_iiiiiiii,A100,GPT OSS,True,0.00085302
convolution3D-cuda,_Z9conv3d_s1IfEvPKT_S2_PS0_iiiiiiii,H100,GPT OSS,False,0.0020193
convolution3D-cuda,_Z9conv3d_s1IfEvPKT_S2_PS0_iiiiiiii,H100,GPT OSS,True,0.000909145
convolution3D-cuda,_Z9conv3d_s2IfEvPKT_S2_PS0_iiiiiiii,3080,GPT OSS,False,0.000664892
convolution3D-cuda,_Z9conv3d_s2IfEvPKT_S2_PS0_iiiiiiii,3080,GPT OSS,True,0.000845155
convolution3D-cuda,_Z9conv3d_s2IfEvPKT_S2_PS0_iiiiiiii,A10,GPT OSS,False,0.000625976
convolution3D-cuda,_Z9conv3d_s2IfEvPKT_S2_PS0_iiiiiiii,A10,GPT OSS,True,0.000784009
convolution3D-cuda,_Z9conv3d_s2IfEvPKT_S2_PS0_iiiiiiii,A100,GPT OSS,False,0.00212325
convolution3D-cuda,_Z9conv3d_s2IfEvPKT_S2_PS0_iiiiiiii,A100,GPT OSS,True,0.00089119
convolution3D-cuda,_Z9conv3d_s2IfEvPKT_S2_PS0_iiiiiiii,H100,GPT OSS,False,0.000645434
convolution3D-cuda,_Z9conv3d_s2IfEvPKT_S2_PS0_iiiiiiii,H100,GPT OSS,True,0.000814335
convolution3D-cuda,_Z9conv3d_s3IfEvPKT_S2_PS0_iiiiiiii,3080,GPT OSS,False,0.0019092
convolution3D-cuda,_Z9conv3d_s3IfEvPKT_S2_PS0_iiiiiiii,3080,GPT OSS,True,0.000813425
convolution3D-cuda,_Z9conv3d_s3IfEvPKT_S2_PS0_iiiiiiii,A10,GPT OSS,False,0.0020172
convolution3D-cuda,_Z9conv3d_s3IfEvPKT_S2_PS0_iiiiiiii,A10,GPT OSS,True,0.000803199
convolution3D-cuda,_Z9conv3d_s3IfEvPKT_S2_PS0_iiiiiiii,A100,GPT OSS,False,0.00205185
convolution3D-cuda,_Z9conv3d_s3IfEvPKT_S2_PS0_iiiiiiii,A100,GPT OSS,True,0.00082716
convolution3D-cuda,_Z9conv3d_s3IfEvPKT_S2_PS0_iiiiiiii,H100,GPT OSS,False,0.0020379
convolution3D-cuda,_Z9conv3d_s3IfEvPKT_S2_PS0_iiiiiiii,H100,GPT OSS,True,0.000823645
convolution3D-omp,_Z6conv3DIfEviiiiiii_l84,3080,GPT OSS,False,0.0018684
convolution3D-omp,_Z6conv3DIfEviiiiiii_l84,3080,GPT OSS,True,0.00458599
convolution3D-omp,_Z6conv3DIfEviiiiiii_l84,A10,GPT OSS,False,0.0017655
convolution3D-omp,_Z6conv3DIfEviiiiiii_l84,A10,GPT OSS,True,0.001110226
convolution3D-omp,_Z6conv3DIfEviiiiiii_l84,H100,GPT OSS,False,0.0020034
convolution3D-omp,_Z6conv3DIfEviiiiiii_l84,H100,GPT OSS,True,0.0047501
convolutionSeparable-cuda,_Z9conv_colsPfPKfS1_iii,3080,GPT OSS,False,0.00375045
convolutionSeparable-cuda,_Z9conv_colsPfPKfS1_iii,3080,GPT OSS,True,0.001331805
convolutionSeparable-cuda,_Z9conv_colsPfPKfS1_iii,A10,GPT OSS,False,0.00258255
convolutionSeparable-cuda,_Z9conv_colsPfPKfS1_iii,A10,GPT OSS,True,0.001497821
convolutionSeparable-cuda,_Z9conv_colsPfPKfS1_iii,A100,GPT OSS,True,0.001314769
convolutionSeparable-cuda,_Z9conv_colsPfPKfS1_iii,H100,GPT OSS,False,0.00276105
convolutionSeparable-cuda,_Z9conv_colsPfPKfS1_iii,H100,GPT OSS,True,0.001092281
convolutionSeparable-cuda,_Z9conv_rowsPfPKfS1_iii,3080,GPT OSS,True,0.001157222
convolutionSeparable-cuda,_Z9conv_rowsPfPKfS1_iii,A10,GPT OSS,True,0.001301958
convolutionSeparable-cuda,_Z9conv_rowsPfPKfS1_iii,A100,GPT OSS,True,0.001311834
convolutionSeparable-cuda,_Z9conv_rowsPfPKfS1_iii,H100,GPT OSS,True,0.001156054
convolutionSeparable-omp,_Z15convolutionRowsPfPKfS1_iii_l43,3080,GPT OSS,True,0.001213159
convolutionSeparable-omp,_Z15convolutionRowsPfPKfS1_iii_l43,A10,GPT OSS,True,0.001351961
convolutionSeparable-omp,_Z15convolutionRowsPfPKfS1_iii_l43,H100,GPT OSS,True,0.001235783
cooling-cuda,_Z11cool_kernelidPKdPdi,A100,GPT OSS,True,0.003045547
cooling-omp,_Z11cool_kernelidPKdPdi_l111,3080,GPT OSS,True,0.003071372
cooling-omp,_Z11cool_kernelidPKdPdi_l111,A10,GPT OSS,True,0.002692278
crc64-cuda,_Z12crc64_kernelPmS_PKhPKmS3_mi,3080,GPT OSS,True,0.0030237
crc64-cuda,_Z12crc64_kernelPmS_PKhPKmS3_mi,A100,GPT OSS,True,0.002865789
crc64-cuda,_Z12crc64_kernelPmS_PKhPKmS3_mi,H100,GPT OSS,True,0.002787918
cross-cuda,_Z12cross_kernelIdiEviPT_PKS0_S3_T0_S4_S4_,3080,GPT OSS,True,0.000611958
cross-cuda,_Z12cross_kernelIdiEviPT_PKS0_S3_T0_S4_S4_,A10,GPT OSS,True,0.00258886
cross-cuda,_Z12cross_kernelIdiEviPT_PKS0_S3_T0_S4_S4_,A100,GPT OSS,True,0.000626496
cross-cuda,_Z12cross_kernelIdiEviPT_PKS0_S3_T0_S4_S4_,H100,GPT OSS,True,0.000620413
cross-cuda,_Z12cross_kernelIfiEviPT_PKS0_S3_T0_S4_S4_,3080,GPT OSS,True,0.000564609
cross-cuda,_Z12cross_kernelIfiEviPT_PKS0_S3_T0_S4_S4_,A10,GPT OSS,True,0.00257257
cross-cuda,_Z12cross_kernelIfiEviPT_PKS0_S3_T0_S4_S4_,A100,GPT OSS,True,0.00253005
cross-cuda,_Z12cross_kernelIfiEviPT_PKS0_S3_T0_S4_S4_,H100,GPT OSS,True,0.00282974
cross-cuda,_Z13cross2_kernelIdiEviPT_PKS0_S3_T0_S4_S4_,3080,GPT OSS,True,0.000694631
cross-cuda,_Z13cross2_kernelIdiEviPT_PKS0_S3_T0_S4_S4_,A10,GPT OSS,True,0.000690485
cross-cuda,_Z13cross2_kernelIdiEviPT_PKS0_S3_T0_S4_S4_,A100,GPT OSS,True,0.000576885
cross-cuda,_Z13cross2_kernelIdiEviPT_PKS0_S3_T0_S4_S4_,H100,GPT OSS,True,0.000580254
cross-cuda,_Z13cross2_kernelIfiEviPT_PKS0_S3_T0_S4_S4_,3080,GPT OSS,True,0.0022203
cross-cuda,_Z13cross2_kernelIfiEviPT_PKS0_S3_T0_S4_S4_,A10,GPT OSS,True,0.000613296
cross-cuda,_Z13cross2_kernelIfiEviPT_PKS0_S3_T0_S4_S4_,A100,GPT OSS,True,0.0021984
cross-cuda,_Z13cross2_kernelIfiEviPT_PKS0_S3_T0_S4_S4_,H100,GPT OSS,True,0.0028957
cross-cuda,_Z13cross3_kernelIdEviPT_PKS0_S3_,3080,GPT OSS,True,0.000630304
cross-cuda,_Z13cross3_kernelIdEviPT_PKS0_S3_,A10,GPT OSS,True,0.000634138
cross-cuda,_Z13cross3_kernelIdEviPT_PKS0_S3_,A100,GPT OSS,True,0.00061528
cross-cuda,_Z13cross3_kernelIdEviPT_PKS0_S3_,H100,GPT OSS,True,0.000719849
cross-cuda,_Z13cross3_kernelIfEviPT_PKS0_S3_,3080,GPT OSS,True,0.00058921
cross-cuda,_Z13cross3_kernelIfEviPT_PKS0_S3_,A10,GPT OSS,True,0.000561124
cross-cuda,_Z13cross3_kernelIfEviPT_PKS0_S3_,A100,GPT OSS,True,0.0005993
cross-cuda,_Z13cross3_kernelIfEviPT_PKS0_S3_,H100,GPT OSS,True,0.000628673
cross-omp,_Z12cross_kernelIdiEviPT_PKS0_S3_T0_S4_S4__l21,3080,GPT OSS,True,0.00278654
cross-omp,_Z12cross_kernelIdiEviPT_PKS0_S3_T0_S4_S4__l21,A10,GPT OSS,True,0.0022776
cross-omp,_Z12cross_kernelIdiEviPT_PKS0_S3_T0_S4_S4__l21,A100,GPT OSS,True,0.00325922
cross-omp,_Z12cross_kernelIdiEviPT_PKS0_S3_T0_S4_S4__l21,H100,GPT OSS,True,0.000723226
cross-omp,_Z12cross_kernelIfiEviPT_PKS0_S3_T0_S4_S4__l21,3080,GPT OSS,True,0.000733901
cross-omp,_Z12cross_kernelIfiEviPT_PKS0_S3_T0_S4_S4__l21,A10,GPT OSS,True,0.00297746
cross-omp,_Z12cross_kernelIfiEviPT_PKS0_S3_T0_S4_S4__l21,A100,GPT OSS,True,0.000652464
cross-omp,_Z12cross_kernelIfiEviPT_PKS0_S3_T0_S4_S4__l21,H100,GPT OSS,True,0.000668487
